id,title,authors,date,source_name,category,type,area,url,summary,breadth_score,significance_score,tags,notes,retrieved_at
5b4c3fb9969a3c3f,"Asymptotic spectra: Theory, applications, and extensions","Avi Wigderson, Jeroen Zuiddam",2026-02-18,Bulletin of the AMS (New Series),A,survey,топология,https://doi.org/10.1090/bull/1880,,5,3,"cross-field,expository,type:survey",,2026-07-10T04:39:49
3338182eaf2f670e,"Symplectic tiling billiards, planar linkages, and hyperbolic geometry",Richard Schwartz,2025-10-15,Bulletin of the AMS (New Series),A,survey,дифференциальная геометрия,https://doi.org/10.1090/bull/1877,,5,3,"cross-field,expository,type:survey",,2026-07-10T04:39:49
d70a91e513aabd6c,Hölder regularity of stable solutions to elliptic equations up to ℝ⁹: Full quantitative proofs,Xavier Cabré,2025-10-15,Bulletin of the AMS (New Series),A,survey,уравнения в частных производных,https://doi.org/10.1090/bull/1873,,4,3,"expository,type:survey",,2026-07-10T04:39:49
5e7abb5ec1fc32a6,Survey on the Farrell–Jones conjecture,Wolfgang Lück,2025-10-15,Bulletin of the AMS (New Series),A,survey,,https://doi.org/10.1090/bull/1876,,5,4,"expository,high-signif,legible,type:survey",,2026-07-10T04:39:49
75785b5e668bb445,Problems on infinite sumset configurations in the integers and beyond,"Bryna Kra, Joel Moreira, Florian Richter, et al.",2025-08-13,Bulletin of the AMS (New Series),A,survey,теория чисел,https://doi.org/10.1090/bull/1868,,4,3,"expository,type:survey",,2026-07-10T04:39:49
78676d37cc7a4a4b,Isoperimetric inequalities in high-dimensional convex sets,"Boaz Klartag, Joseph Lehec",2025-08-13,Bulletin of the AMS (New Series),A,survey,геометрия,https://doi.org/10.1090/bull/1869,,4,3,"expository,type:survey",,2026-07-10T04:39:49
bfe569448a3c0aaa,Embracing AI and formalization: Experimenting with tomorrow’s mathematical tools,Jarod Alper,2025-12-19,Bulletin of the AMS (New Series),A,survey,логика,https://doi.org/10.1090/bull/1879,,4,3,"expository,type:survey",,2026-07-10T04:39:49
3314612ab0f666fd,Luna’s Slice Theorem and applications,"Michel Brion, Hanspeter Kraft, Gerald Schwarz",2025-08-13,Bulletin of the AMS (New Series),A,survey,алгебраическая геометрия,https://doi.org/10.1090/bull/1872,,4,3,"expository,type:survey",,2026-07-10T04:39:49
b4705653e5f487a7,Apollonian packings: The rise and fall of the local to global conjecture,Elena Fuchs,2025-10-15,Bulletin of the AMS (New Series),A,survey,геометрия,https://doi.org/10.1090/bull/1874,,4,4,"expository,high-signif,type:survey",,2026-07-10T04:39:49
b03cef813b8669b3,Making Mathematical Online Resources FAIR: At the Example of Small Phylogenetic Trees,"Tabea Bacher, Marina Garrote-López, Christiane Görgen, et al.",2026-05,Notices of the AMS,A,expository,,https://doi.org/10.1090/noti3332,,4,3,"expository,type:expository",,2026-07-10T04:39:49
011aab641d293577,Mathematics People,,2026-05,Notices of the AMS,A,expository,история/философия математики,https://doi.org/10.1090/noti3342,,4,3,"expository,type:expository",,2026-07-10T04:39:49
cabda237de921364,"Remembering Elbert Frank Cox, PhD (1925), a Century Later, “The First Black Person to Earn a PhD in Mathematics”",Johnny Houston,2025-12,Notices of the AMS,A,expository,история/философия математики,https://doi.org/10.1090/noti3283,,4,4,"expository,high-signif,type:expository",,2026-07-10T04:39:49
d590325306d45a68,My Journey into Math Journalism,Emma Hasson,2026-01,Notices of the AMS,A,expository,,https://doi.org/10.1090/noti3287,,4,3,"expository,type:expository",,2026-07-10T04:39:49
2e34dec3bf249404,The Tree Property,Dima Sinapova,2025-11,Notices of the AMS,A,expository,,https://doi.org/10.1090/noti3268,,4,3,"expository,type:expository",,2026-07-10T04:39:49
7f2702d01036b13f,Bernard Maskit Memorial Tribute,"James Anderson, Ara Basmajian, Ruben Hidalgo, et al.",2025-08,Notices of the AMS,A,expository,история/философия математики,https://doi.org/10.1090/noti3202,,4,3,"expository,type:expository",,2026-07-10T04:39:49
8319f043687dda3a,Recruiting and Retaining Successful Doctoral Students from Underrepresented Groups: Five Unhelpful Narratives and One Helpful One,"Sarah Sword, Carl Westine, Michael Young",2026-02,Notices of the AMS,A,expository,,https://doi.org/10.1090/noti3296,,4,3,"expository,type:expository",,2026-07-10T04:39:49
d173135d2f9015a7,Mathematics People,,2025-10,Notices of the AMS,A,expository,история/философия математики,https://doi.org/10.1090/noti3255,,4,3,"expository,type:expository",,2026-07-10T04:39:49
369345b51cf1e115,"Making Grants, Policy, and Mathematics: An Interview with Daniel Goroff","Daniel Goroff, Mark Wilson",2025-10,Notices of the AMS,A,expository,,https://doi.org/10.1090/noti3245,,4,3,"expository,type:expository",,2026-07-10T04:39:49
e955978234706587,Bookshelf,Emily Olson,2026-04,Notices of the AMS,A,expository,,https://doi.org/10.1090/noti3321,,4,3,"expository,type:expository",,2026-07-10T04:39:49
6f5331367de857bb,Bookshelf,Emily Olson,2026-02,Notices of the AMS,A,expository,,https://doi.org/10.1090/noti3301,,4,3,"expository,type:expository",,2026-07-10T04:39:49
fcac509f6ed35fb1,What is... Phylogenetics?,"Simone Linz, Kristina Wicke",2026-02,Notices of the AMS,A,expository,,https://doi.org/10.1090/noti3299,,5,3,"expository,legible,type:expository",,2026-07-10T04:39:49
30b6be00049ff70c,Remembering Joe Auslander (1930–2025),"Ethan Akin, Mike Boyle, Ken Berg, et al.",2025-12,Notices of the AMS,A,expository,история/философия математики,https://doi.org/10.1090/noti3252,,4,3,"expository,type:expository",,2026-07-10T04:39:49
bd3c33162b3b46b0,The Four-Color Theorem 1852–1976,Robin Wilson,2026-03,Notices of the AMS,A,expository,,https://doi.org/10.1090/noti3305,,4,3,"expository,type:expository",,2026-07-10T04:39:49
a262e1f8fa997ddf,Grants Empower Travel to MCA 2025,Elaine Beebe,2025-12,Notices of the AMS,A,expository,,https://doi.org/10.1090/noti3277,,4,3,"expository,type:expository",,2026-07-10T04:39:49
1294695305235877,Hilbert’s Tenth Problem for Finitely Generated Rings,"Peter Koymans, Carlo Pagano",2026-06,Notices of the AMS,A,expository,,https://doi.org/10.1090/noti3339,,4,3,"expository,type:expository",,2026-07-10T04:39:49
61965112986056fc,Math for a Better Future,Ashwin Iyengar,2026-01,Notices of the AMS,A,expository,,https://doi.org/10.1090/noti3292,,4,3,"expository,type:expository",,2026-07-10T04:39:49
4b63c5b4cc6e50e7,The Geometry of Maximal Globally Hyperbolic Developments for 3𝐷 Compressible Fluids Terminating in Shocks,"Leonardo Abbrescia, Jared Speck",2026-03,Notices of the AMS,A,expository,уравнения в частных производных,https://doi.org/10.1090/noti3313,,5,3,"cross-field,expository,type:expository",,2026-07-10T04:39:49
a88adfa67847255d,Topology Meets Machine Learning: An Introduction Using the Euler Characteristic Transform,Bastian Rieck,2025-08,Notices of the AMS,A,expository,топология,https://doi.org/10.1090/noti3193,,5,3,"cross-field,expository,legible,type:expository",,2026-07-10T04:39:49
e6126b323a256b02,Bookshelf,Emily Olson,2025-09,Notices of the AMS,A,expository,,https://doi.org/10.1090/noti3222,,4,3,"expository,type:expository",,2026-07-10T04:39:49
5f03e75e525663a7,"George B. Seligman (April 30, 1927–April 25, 2024)","Alex Feingold, Duncan Melville, Kailash Misra, et al.",2025-09,Notices of the AMS,A,expository,,https://doi.org/10.1090/noti3205,,4,3,"expository,type:expository",,2026-07-10T04:39:49
d594bb04c7e3da67,Mathematics People,,2026-04,Notices of the AMS,A,expository,история/философия математики,https://doi.org/10.1090/noti3326,,4,3,"expository,type:expository",,2026-07-10T04:39:49
8ae4844fbe567818,Mathematics Students’ Reasoning from If-Then Statements,Lara Alcock,2026-06,Notices of the AMS,A,expository,,https://doi.org/10.1090/noti3344,,4,3,"expository,type:expository",,2026-07-10T04:39:49
d947f9fed46c5478,"The Markoff Equation: Past, Present, Future",Joseph Silverman,2026-05,Notices of the AMS,A,expository,,https://doi.org/10.1090/noti3336,,4,3,"expository,type:expository",,2026-07-10T04:39:49
f615b686d216b66d,The Fundamental Theorem of Finite Games,Joel Hamkins,2025-09,Notices of the AMS,A,expository,,https://doi.org/10.1090/noti3203,,4,3,"expository,type:expository",,2026-07-10T04:39:49
3dcbdd32db867d45,Bookshelf,Emily Olson,2026-03,Notices of the AMS,A,expository,,https://doi.org/10.1090/noti3310,,4,3,"expository,type:expository",,2026-07-10T04:39:49
09d3c42d7b35c9c3,2025 Contributors,,2026-06,Notices of the AMS,A,expository,,https://doi.org/10.1090/noti3357,,4,3,"expository,type:expository",,2026-07-10T04:39:49
6fc643421bf45e3d,Adriano Garsia (1928–2024),"Jennifer Morse, Mike Zabrocki, Michelle Wachs, et al.",2026-06,Notices of the AMS,A,expository,,https://doi.org/10.1090/noti3349,,4,3,"expository,type:expository",,2026-07-10T04:39:49
799ee60fe9db2e71,Shaping the Future of Mathematics in the Age of AI,"Johan Commelin, Mateja Jamnik, Rodrigo Ochigame, et al.",2026-06,Notices of the AMS,A,expository,,https://doi.org/10.1090/noti3347,,4,3,"expository,type:expository",,2026-07-10T04:39:49
d7bdd1b03bd43b6a,Bookshelf,Emily Olson,2026-01,Notices of the AMS,A,expository,,https://doi.org/10.1090/noti3289,,4,3,"expository,type:expository",,2026-07-10T04:39:49
2e973d4ee1b1c314,Mathematics People,,2026-03,Notices of the AMS,A,expository,история/философия математики,https://doi.org/10.1090/noti3316,,4,3,"expository,type:expository",,2026-07-10T04:39:49
429b3c7f88e9133e,Irregularity Is the General Rule,Cédric Villani,2026-05,Notices of the AMS,A,expository,,https://doi.org/10.1090/noti3324,,4,3,"expository,type:expository",,2026-07-10T04:39:49
15901c1435090fe9,Zolotarev’s Magical Proof of Quadratic Reciprocity,Matthew Baker,2026-03,Notices of the AMS,A,expository,,https://doi.org/10.1090/noti3303,,5,3,"expository,legible,type:expository",,2026-07-10T04:39:49
c85a00489a60161b,Expanding Mathematical Futures Through Storytelling,"Erica Walker, Robin Wilson, Nasriah Morrison, et al.",2026-06,Notices of the AMS,A,expository,,https://doi.org/10.1090/noti3346,,4,3,"expository,type:expository",,2026-07-10T04:39:49
b37353bf27a3c2a3,I. Martin Isaacs (1940–2025),"Mark Lewis, Don Passman, George Glauberman, et al.",2025-12,Notices of the AMS,A,expository,,https://doi.org/10.1090/noti3275,,4,3,"expository,type:expository",,2026-07-10T04:39:49
bc1a0d1ee7974dd0,Shmuel Agmon (1922–2025),"Matania Ben-Artzi, Ira Herbst, Yehuda Pinchover, et al.",2026-03,Notices of the AMS,A,expository,,https://doi.org/10.1090/noti3311,,4,3,"expository,type:expository",,2026-07-10T04:39:49
e5f539c29a1f8bfc,Spectral Methods in Microeconomics,Benjamin Golub,2026-06,Notices of the AMS,A,expository,,https://doi.org/10.1090/noti3360,,4,3,"expository,type:expository",,2026-07-10T04:39:49
6bbfdad8ee7194b2,2026 Class of AMS Fellows,,2026-04,Notices of the AMS,A,expository,,https://doi.org/10.1090/noti3340,,4,3,"expository,type:expository",,2026-07-10T04:39:49
c349b2cb3cd1fc3c,Toward a History of American Mathematics,Karen Parshall,2026-01,Notices of the AMS,A,expository,,https://doi.org/10.1090/noti3284,,4,3,"expository,type:expository",,2026-07-10T04:39:49
a326525cd5f8e196,In Memoriam: Thomas W. Hawkins (1938–2024),"Jeremy Gray, David Rowe",2025-11,Notices of the AMS,A,expository,история/философия математики,https://doi.org/10.1090/noti3221,,4,3,"expository,type:expository",,2026-07-10T04:39:49
3547d8bd1a92e0a4,Did Gauss Mentor Riemann?,David Rowe,2026-02,Notices of the AMS,A,expository,теория чисел,https://doi.org/10.1090/noti3294,,4,3,"expository,type:expository",,2026-07-10T04:39:49
164221cddf8a122c,Priming the Publication Pipeline: A Word from a Longtime Editor,Frank Sottile,2025-12,Notices of the AMS,A,expository,,https://doi.org/10.1090/noti3270,,4,3,"expository,type:expository",,2026-07-10T04:39:49
a0e470b97edc93a5,Numerical Conformal Mapping,Lloyd Trefethen,2025-12,Notices of the AMS,A,expository,,https://doi.org/10.1090/noti3269,,4,3,"expository,type:expository",,2026-07-10T04:39:49
184c041cf051aa61,Bookshelf,Emily Olson,2025-11,Notices of the AMS,A,expository,,https://doi.org/10.1090/noti3265,,4,3,"expository,type:expository",,2026-07-10T04:39:49
a3c5b80237e869df,How to Fight Fraudulent Publishing in the Mathematical Sciences: Joint Recommendations of the IMU and the ICIAM,"Ilka Agricola, Lynn Heller, Wil Schilders, et al.",2025-11,Notices of the AMS,A,expository,,https://doi.org/10.1090/noti3266,,5,3,"expository,legible,type:expository",,2026-07-10T04:39:49
fbec3b92e26dffb5,A Day of Advocacy on Capitol Hill—293 Mathematicians Take 274 Meetings,Elaine Beebe,2026-05,Notices of the AMS,A,expository,,https://doi.org/10.1090/noti3335,,4,3,"expository,type:expository",,2026-07-10T04:39:49
a3d46ee23056070c,"The ICM Comes to the United States: Philadelphia, July 23–30, 2026",Allyn Jackson,2026-04,Notices of the AMS,A,expository,,https://doi.org/10.1090/noti3318,,4,4,"expository,high-signif,type:expository",,2026-07-10T04:39:49
b1218930ec33c43f,Report on the 2018–2019 Employment Experiences of the New Doctoral Recipients,"Rankin Climate, LLC",2025-09,Notices of the AMS,A,expository,,https://doi.org/10.1090/noti3232,,4,3,"expository,type:expository",,2026-07-10T04:39:49
918bd6924ada03a2,"Interview with Wesley Hamilton, Deena Schmidt, and Michael Zieve, AMS Karl Menger Memorial Awards Committee Members","Wesley Hamilton, Deena Schmidt, Michael Zieve, et al.",2025-11,Notices of the AMS,A,expository,история/философия математики,https://doi.org/10.1090/noti3250,,4,3,"expository,type:expository",,2026-07-10T04:39:49
3dc2ca5e222cea47,Students Mine Data for AMS,Elaine Beebe,2025-10,Notices of the AMS,A,expository,,https://doi.org/10.1090/noti3242,,4,3,"expository,type:expository",,2026-07-10T04:39:49
312025c5ea62f4ba,Algebraic and Positive Geometry of the Universe: From Particles to Galaxies,"Claudia Fevola, Anna-Laura Sattelberger",2025-09,Notices of the AMS,A,expository,геометрия,https://doi.org/10.1090/noti3220,,4,3,"expository,type:expository",,2026-07-10T04:39:49
51c3526f9bd44138,A Very Brief Political History of American-hosted International Congresses of Mathematicians,Michael Barany,2026-04,Notices of the AMS,A,expository,,https://doi.org/10.1090/noti3314,,4,3,"expository,type:expository",,2026-07-10T04:39:49
836f4a3640c28443,Changing the Face of High School Mathematics,Gail Burrill,2025-09,Notices of the AMS,A,expository,,https://doi.org/10.1090/noti3213,,4,3,"expository,type:expository",,2026-07-10T04:39:49
d99dc7ce977af250,JMM 2026 Announcement,,2025-10,Notices of the AMS,A,expository,,https://doi.org/10.1090/noti3256,,4,3,"announcement,expository,type:expository",,2026-07-10T04:39:49
a2f898be82999a4f,Learning by Crossing the Pond II: Pathways and Inequities,"Dave Kung, Andy Noyes",2025-11,Notices of the AMS,A,expository,,https://doi.org/10.1090/noti3271,,4,3,"expository,type:expository",,2026-07-10T04:39:49
7166a624f2749403,Julia Robinson Mathematics Festival a Hit in Providence,Elaine Beebe,2025-08,Notices of the AMS,A,expository,,https://doi.org/10.1090/noti3204,,4,3,"expository,type:expository",,2026-07-10T04:39:49
d83fa38f935bd437,Bookshelf,Emily Olson,2025-12,Notices of the AMS,A,expository,,https://doi.org/10.1090/noti3282,,4,3,"expository,type:expository",,2026-07-10T04:39:49
b2ed2b590021c019,2026 Prizes and Awards,,2026-04,Notices of the AMS,A,expository,,https://doi.org/10.1090/noti3325,,4,3,"expository,type:expository",,2026-07-10T04:39:49
702eae589d35a23b,AMS Employment Center,,2025-10,Notices of the AMS,A,expository,,https://doi.org/10.1090/noti3259,,4,3,"expository,type:expository",,2026-07-10T04:39:49
1d41f8ceee3e43d6,The Inverse Cube Force Law,John Baez,2026-05,Notices of the AMS,A,expository,,https://doi.org/10.1090/noti3304,,4,3,"expository,type:expository",,2026-07-10T04:39:49
5b7833c0a228bc60,Backlog of Mathematics Research Journals,,2025-11,Notices of the AMS,A,expository,,https://doi.org/10.1090/noti3263,,4,3,"expository,type:expository",,2026-07-10T04:39:49
b9fb39ecd5f4703b,50 Years of PhD Math at Howard University,Elaine Beebe,2026-06,Notices of the AMS,A,expository,,https://doi.org/10.1090/noti3337,,5,3,"expository,legible,type:expository",,2026-07-10T04:39:49
662a538c95a4e3d1,Mathematics People,,2025-08,Notices of the AMS,A,expository,история/философия математики,https://doi.org/10.1090/noti3215,,4,3,"expository,type:expository",,2026-07-10T04:39:49
2a9f9cc7d155075e,Biennial Overview of AMS Honors,,2025-11,Notices of the AMS,A,expository,,https://doi.org/10.1090/noti3249,,5,3,"expository,legible,type:expository",,2026-07-10T04:39:49
9a652f9014e0c530,JMM 2026 Program at a Glance,,2025-10,Notices of the AMS,A,expository,,https://doi.org/10.1090/noti3258,,4,3,"expository,type:expository",,2026-07-10T04:39:49
471c6a5ecbf146f6,Multiplying Impact and Expanding Reach: Ideas and Reflections from Outreach at the University of Melbourne,"Paul Fijn, Cindy Huang, Susan James, et al.",2026-04,Notices of the AMS,A,expository,,https://doi.org/10.1090/noti3322,,4,3,"expository,type:expository",,2026-07-10T04:39:49
150206f09c1fa5de,Letters to the Editor,,2025-10,Notices of the AMS,A,expository,,https://doi.org/10.1090/noti3240,,4,3,"expository,type:expository",,2026-07-10T04:39:49
8ca476e8aa11d029,Bookshelf,Emily Olson,2026-05,Notices of the AMS,A,expository,,https://doi.org/10.1090/noti3329,,4,3,"expository,type:expository",,2026-07-10T04:39:49
1e57724431ad370a,Voting on Relations Using Pairs Information,"Karl-Dieter Crisman, Erin McNicholas, Kathryn Nyman, et al.",2025-10,Notices of the AMS,A,expository,,https://doi.org/10.1090/noti3251,,4,3,"expository,type:expository",,2026-07-10T04:39:49
b699843dfd8ce465,Tom Lehrer (1928–2025): A (Mostly) Mathematical Appreciation,"Ted Courant, Amanda Palmer, Joseph Silverman",2026-02,Notices of the AMS,A,expository,,https://doi.org/10.1090/noti3297,,4,3,"expository,type:expository",,2026-07-10T04:39:49
909e0b21d69b8b91,Reaching the Masses: Six Authors on Public Outreach,"Keith Devlin, Marcus du Sautoy, Jordan Ellenberg, et al.",2026-01,Notices of the AMS,A,expository,,https://doi.org/10.1090/noti3285,,4,3,"expository,type:expository",,2026-07-10T04:39:49
7aa70f3ae0d52f42,What the Sine-of-a-Sum Example Tells Us About Sums of Separable Functions and Canonical Tensor Decompositions,Martin Mohlenkamp,2025-12,Notices of the AMS,A,expository,,https://doi.org/10.1090/noti3276,,4,3,"expository,type:expository",,2026-07-10T04:39:49
aaa71222566ebf8b,A Mathematical Lens for Teaching Data Science,Johanna Hardin,2025-12,Notices of the AMS,A,expository,,https://doi.org/10.1090/noti3253,,4,3,"expository,type:expository",,2026-07-10T04:39:49
b731143fe1ee890f,Celebrating Mathematics: ICM2026 in Philadelphia,Allyn Jackson,2025-10,Notices of the AMS,A,expository,,https://doi.org/10.1090/noti3247,,4,4,"expository,high-signif,type:expository",,2026-07-10T04:39:49
4a4cc91b7ce23585,Bookshelf,Emily Olson,2026-06,Notices of the AMS,A,expository,,https://doi.org/10.1090/noti3359,,4,3,"expository,type:expository",,2026-07-10T04:39:49
0f5549f9f1c5d97f,"History, Identity, and Ownership in Mathematics: A Response to Minhyong Kim",Reviel Netz,2025-09,Notices of the AMS,A,expository,,https://doi.org/10.1090/noti3238,,4,3,"expository,type:expository",,2026-07-10T04:39:49
33c805b609e64ba2,Eigenvalue Repulsion,Lloyd Trefethen,2026-06,Notices of the AMS,A,expository,,https://doi.org/10.1090/noti3356,,4,3,"expository,type:expository",,2026-07-10T04:39:49
4300a0d2f659ce55,Ramin Zabih on the Future of arXiv,"Ramin Zabih, Mark Wilson",2025-10,Notices of the AMS,A,expository,,https://doi.org/10.1090/noti3244,,4,3,"announcement,expository,type:expository",,2026-07-10T04:39:49
7e9742bb332b1b5b,Letter {from} the Editor: Why YOU Should Write an Article for the {Notices}!,Joseph Silverman,2026-02,Notices of the AMS,A,expository,,https://doi.org/10.1090/noti3300,,5,3,"expository,legible,type:expository",,2026-07-10T04:39:49
47c637280d0dc593,Report on the 2018–2019 New Doctorate Recipients,"Rankin Climate, LLC",2025-09,Notices of the AMS,A,expository,,https://doi.org/10.1090/noti3233,,4,3,"expository,type:expository",,2026-07-10T04:39:49
68a1f32e3631a2f7,Mathematics Teachers and Mathematics Graduate Students: A Program,"Chi-Keung Cheung, Solomon Friedberg",2026-06,Notices of the AMS,A,expository,,https://doi.org/10.1090/noti3348,,4,3,"expository,type:expository",,2026-07-10T04:39:49
7b1a315952c94f57,Recovering a Lost Masterpiece of Analysis: The Burned Third Edition of de La Vallée Poussin’s &lt;em&gt;Cours d’Analyse infinitésimale&lt;/em&gt;,"Jean Mawhin, Augusto Ponce, Michel Willem",2026-05,Notices of the AMS,A,expository,,https://doi.org/10.1090/noti3328,,4,3,"expository,type:expository",,2026-07-10T04:39:49
05975a8b67e0a6b5,2026 AMS Governance,,2026-06,Notices of the AMS,A,expository,,https://doi.org/10.1090/noti3370,,4,3,"expository,type:expository",,2026-07-10T04:39:49
fd7b3e4df6900cc8,"Domingo Toledo Alamo, 1945–2025","James Carlson, Hugo Rossi",2026-04,Notices of the AMS,A,expository,,https://doi.org/10.1090/noti3319,,4,3,"expository,type:expository",,2026-07-10T04:39:49
463403d6b3d2ee64,Learning by Crossing the Pond I: Mathematics Education Contexts and Goals in the US and England,"Dave Kung, Andy Noyes",2025-10,Notices of the AMS,A,expository,,https://doi.org/10.1090/noti3214,,4,3,"expository,type:expository",,2026-07-10T04:39:49
5b706d260f811f5a,"2025 MRC Generates Research, Community",Elaine Beebe,2025-11,Notices of the AMS,A,expository,,https://doi.org/10.1090/noti3261,,4,3,"expository,type:expository",,2026-07-10T04:39:49
5c10538c7dade234,Evolution of Stacks and Moduli,Jarod Alper,2025-12,Notices of the AMS,A,expository,алгебраическая геометрия,https://doi.org/10.1090/noti3280,,4,3,"expository,type:expository",,2026-07-10T04:39:49
b0a9b12c4b4745bf,Chairs Lead Discussions at AMS Workshop,Elaine Beebe,2026-06,Notices of the AMS,A,expository,,https://doi.org/10.1090/noti3338,,4,3,"expository,type:expository",,2026-07-10T04:39:49
4c7cbe2e234f9c45,Challenges and Opportunities in Peer Review,"Lance Fortnow, Robert Harington, Igor Pak, et al.",2025-08,Notices of the AMS,A,expository,,https://doi.org/10.1090/noti3194,,4,3,"expository,type:expository",,2026-07-10T04:39:49
24a74d6eb809533a,"History, Identity, and Ownership in Mathematics",Minhyong Kim,2025-09,Notices of the AMS,A,expository,,https://doi.org/10.1090/noti3124,,4,3,"expository,type:expository",,2026-07-10T04:39:49
9897116548441fe6,Letters to the Editor,,2026-03,Notices of the AMS,A,expository,,https://doi.org/10.1090/noti3312,,4,3,"expository,type:expository",,2026-07-10T04:39:49
1580f2c97bd8719c,Mathematics People,,2025-09,Notices of the AMS,A,expository,история/философия математики,https://doi.org/10.1090/noti3236,,4,3,"expository,type:expository",,2026-07-10T04:39:49
f0c38329341254b9,Advice Column,Veselin Jungic,2025-08,Notices of the AMS,A,expository,,https://doi.org/10.1090/noti3187,,4,3,"expository,type:expository",,2026-07-10T04:39:49
7868e6187dadb4fe,Letters to the Editor,,2026-04,Notices of the AMS,A,expository,,https://doi.org/10.1090/noti3330,,4,3,"expository,type:expository",,2026-07-10T04:39:49
d1e740513281e46a,Quadratic Forms Beyond Arithmetic,"Alexander Merkurjev, Raman Parimala",2025-08,Notices of the AMS,A,expository,,https://doi.org/10.1090/noti3192,,4,3,"expository,type:expository",,2026-07-10T04:39:49
588b877b11dbf228,Letters to the Editor,,2026-02,Notices of the AMS,A,expository,,https://doi.org/10.1090/noti3298,,4,3,"expository,type:expository",,2026-07-10T04:39:49
6a5a70f2ce3db65a,Bookshelf,Emily Olson,2025-08,Notices of the AMS,A,expository,,https://doi.org/10.1090/noti3197,,4,3,"expository,type:expository",,2026-07-10T04:39:49
371509ecb216ec80,CASE Workshop Inspires Students to Advocate for Mathematics,Elaine Beebe,2025-08,Notices of the AMS,A,expository,,https://doi.org/10.1090/noti3208,,4,3,"expository,type:expository",,2026-07-10T04:39:49
1e6eb36f10484027,Mathematics People,,2025-11,Notices of the AMS,A,expository,история/философия математики,https://doi.org/10.1090/noti3273,,4,3,"expository,type:expository",,2026-07-10T04:39:49
00ab755209e72451,A Brief History of Inference in Astronomy,"Rafael de Souza, Emille Ishida, Alberto Krone-Martins",2025-11,Notices of the AMS,A,expository,статистика,https://doi.org/10.1090/noti3267,,4,3,"expository,type:expository",,2026-07-10T04:39:49
0ded284ff3837173,Abel Interview 2025: Masaki Kashiwara,"Bjørn Dundas, Christian Skau",2026-03,Notices of the AMS,A,expository,,https://doi.org/10.1090/noti3306,,4,3,"expository,type:expository",,2026-07-10T04:39:49
c9c3133963f9d94f,What is... a Chen–Fliess Series?,"Luis Duffaut Espinosa, Kurusch Ebrahimi-Fard, W. Gray, et al.",2026-02,Notices of the AMS,A,expository,,https://doi.org/10.1090/noti3293,,5,3,"expository,legible,type:expository",,2026-07-10T04:39:49
f300bcc15faeb320,2026 Fellowships of the AMS,,2026-04,Notices of the AMS,A,expository,,https://doi.org/10.1090/noti3341,,4,3,"expository,type:expository",,2026-07-10T04:39:49
bd6d6787ce093dd2,Richard Palais on His Development as a Young Mathematician,"Richard Palais, Mark Wilson",2025-09,Notices of the AMS,A,expository,,https://doi.org/10.1090/noti3200,,4,3,"expository,type:expository",,2026-07-10T04:39:49
f610a3af6493dcc2,Haim Brezis (1944–2024),"Henri Berestycki, Jean-Michel Coron, Yanyan Li, et al.",2026-02,Notices of the AMS,A,expository,,https://doi.org/10.1090/noti3295,,4,3,"expository,type:expository",,2026-07-10T04:39:49
a22b4bc46d90484d,Mathematics People,,2026-06,Notices of the AMS,A,expository,история/философия математики,https://doi.org/10.1090/noti3362,,4,3,"expository,type:expository",,2026-07-10T04:39:49
9510a5a950199feb,Letters to the Editor,,2026-06,Notices of the AMS,A,expository,,https://doi.org/10.1090/noti3345,,4,3,"expository,type:expository",,2026-07-10T04:39:49
8c8120d99360aeb1,"In Memoriam, Vicki Powers (1958–2025)","Bruce Reznick, Eberhard Becker, Marie-Francoise Roy, et al.",2026-01,Notices of the AMS,A,expository,история/философия математики,https://doi.org/10.1090/noti3274,,4,3,"expository,type:expository",,2026-07-10T04:39:49
d7e468ae5e71102a,Teaching Mathematics with Lean: Interactive Theorem Provers in the Classroom,"Paola Iannone, Gihan Marasingha, Athina Thoma",2025-08,Notices of the AMS,A,expository,логика,https://doi.org/10.1090/noti3184,,4,3,"expository,type:expository",,2026-07-10T04:39:49
ed8b83b665779daa,Deciphering Scrolls with Tomography: A Training Experiment,"Sonia Foschiatti, Axel Kittenberger, Otmar Scherzer",2025-11,Notices of the AMS,A,expository,,https://doi.org/10.1090/noti3248,,4,3,"expository,type:expository",,2026-07-10T04:39:49
c90dac209740d209,3D Printing of Invariant Manifolds in Dynamical Systems,"Patrick Bishop, Summer Chenoweth, Emmanuel Fleurantin, et al.",2026-01,Notices of the AMS,A,expository,топология,https://doi.org/10.1090/noti3288,,5,3,"cross-field,expository,type:expository",,2026-07-10T04:39:49
81c2b8d5e6291c8f,Guidelines for Writing and Reviewing Mathematical Software,Jeroen Hanselman,2025-08,Notices of the AMS,A,expository,,https://doi.org/10.1090/noti3210,,5,3,"expository,legible,type:expository",,2026-07-10T04:39:49
528c0841e6984e37,The Landau Equation and Fisher Information,"Nestor Guillen, Luis Silvestre",2026-02,Notices of the AMS,A,expository,,https://doi.org/10.1090/noti3307,,4,3,"expository,type:expository",,2026-07-10T04:39:49
c7032b27cf0d856d,200 Years Ago: Abel’s Resolution of the Quintic Question,Adrian Rice,2026-01,Notices of the AMS,A,expository,,https://doi.org/10.1090/noti3264,,4,3,"expository,type:expository",,2026-07-10T04:39:49
c382a5725ba8e27f,"&lt;em&gt;Apropos&lt;/em&gt; the Long-Lost Letter from Levinson to Smale, Now Found!","Jair Koiller, Indika Rajapakse",2025-08,Notices of the AMS,A,expository,,https://doi.org/10.1090/noti3167,,4,3,"expository,type:expository",,2026-07-10T04:39:49
78a63cacbb80ff35,"The Federal Role in Ensuring High-Quality, Useful Educational Data","Morgan Polikoff, Rachel Anderson",2026-03,Notices of the AMS,A,expository,,https://doi.org/10.1090/noti3309,,4,3,"expository,type:expository",,2026-07-10T04:39:49
b8e41e501b594a43,What is... Teichmüller Theory? With a Review of Teichmüller Theory vols. 1–3 by John H. Hubbard,Danny Calegari,2025-12,Notices of the AMS,A,expository,динамические системы,https://doi.org/10.1090/noti3281,,5,3,"expository,legible,type:expository",,2026-07-10T04:39:49
b4d91db8676b042f,"Perceptrons, Learning from Mistakes, and a Step Towards AI: An Excerpt from &lt;em&gt;The Laws of Thought: The Quest for a Mathematical Theory of the Mind&lt;/em&gt;",Tom Griffiths,2026-05,Notices of the AMS,A,expository,,https://doi.org/10.1090/noti3333,,4,3,"expository,type:expository",,2026-07-10T04:39:49
0f96999cb44f43da,Richard Streit Hamilton (1943–2024),"Simon Brendle, Bennett Chow, Panagiota Daskalopoulos, et al.",2025-10,Notices of the AMS,A,expository,,https://doi.org/10.1090/noti3212,,4,3,"expository,type:expository",,2026-07-10T04:39:49
1d3935a58304e98e,New Developments in Global Positioning,"Mireille Boutin, Gregor Kemper",2025-09,Notices of the AMS,A,expository,,https://doi.org/10.1090/noti3209,,4,3,"expository,type:expository",,2026-07-10T04:39:49
0a84e19718247c71,Throwing Darts at the Real Line,Joel Hamkins,2026-04,Notices of the AMS,A,expository,,https://doi.org/10.1090/noti3315,,4,3,"expository,type:expository",,2026-07-10T04:39:49
304e4414419793a0,Bookshelf,Emily Olson,2025-10,Notices of the AMS,A,expository,,https://doi.org/10.1090/noti3239,,4,3,"expository,type:expository",,2026-07-10T04:39:49
319041351c4651bb,Fraudulent Publishing in the Mathematical Sciences,"Ilka Agricola, Lynn Heller, Wil Schilders, et al.",2025-10,Notices of the AMS,A,expository,,https://doi.org/10.1090/noti3217,,4,3,"expository,type:expository",,2026-07-10T04:39:49
eac80ed5ae0769a2,Azarian Prize to Honor MR Reviewers,Elaine Beebe,2025-12,Notices of the AMS,A,expository,,https://doi.org/10.1090/noti3278,,4,3,"expository,type:expository",,2026-07-10T04:39:49
6f55ba651faabc87,Nonuniform Ellipticity in Variational Problems and Regularity,"Cristiana De Filippis, Giuseppe Mingione",2025-10,Notices of the AMS,A,expository,,https://doi.org/10.1090/noti3218,,4,3,"expository,type:expository",,2026-07-10T04:39:49
85eaaa7bf3d60572,In Memoriam: John Bligh Conway (1939–2024),"Frank Baginski, Wing Li, Kenneth Stephenson",2025-11,Notices of the AMS,A,expository,история/философия математики,https://doi.org/10.1090/noti3241,,4,3,"expository,type:expository",,2026-07-10T04:39:49
35b8f0b7800dd6fa,On Max Bill’s &lt;italic&gt;gelbes feld&lt;/italic&gt;,Barry Cipra,2026-05,Notices of the AMS,A,expository,,https://doi.org/10.1090/noti3334,,4,3,"expository,type:expository",,2026-07-10T04:39:49
070f1633df7f5f27,Finite abelian groups acting on rationally connected threefolds,Konstantin Valerievich Loginov,2026,Russian Mathematical Surveys (УМН),A,survey,,https://doi.org/10.4213/rm10309e,,3,3,"expository,type:survey",,2026-07-10T04:39:49
7b70f57c551335c4,Solution to Hart-van Mill's Problem 61,"Nikolay Lvovich Poliakov, Denis Igorevich Saveliev",2026,Russian Mathematical Surveys (УМН),A,survey,,https://doi.org/10.4213/rm10294e,,3,3,"expository,type:survey",,2026-07-10T04:39:49
b5bf2ca56d5b32d6,Modern theory of electrical networks: from the matrix-tree theorem to the theory of cluster varieties,"Boris Sergeevich Bychkov, Anton Aleksandrovich Kazakov, Dmitry Valer'evich Talalaev",2026,Russian Mathematical Surveys (УМН),A,survey,,https://doi.org/10.4213/rm10269e,,3,3,"expository,type:survey",,2026-07-10T04:39:49
8a83a6ec45447b02,On the coregularity of del Pezzo surfaces with du Val singularities,"Konstantin Valerievich Loginov, Andrey Sergeevich Trepalin",2026,Russian Mathematical Surveys (УМН),A,survey,,https://doi.org/10.4213/rm10314e,,3,3,"expository,type:survey",,2026-07-10T04:39:49
15c63df444cf13dc,Normal form without normalization,Dmitry Valerevich Treschev,2026,Russian Mathematical Surveys (УМН),A,survey,,https://doi.org/10.4213/rm10307e,,3,3,"expository,type:survey",,2026-07-10T04:39:49
9d3831f998f449c7,On the construction of the fundamental martingale for a Gaussian sequence,Alexey Anatol'evich Muravlev,2026,Russian Mathematical Surveys (УМН),A,survey,вероятность,https://doi.org/10.4213/rm10301e,,3,3,"expository,type:survey",,2026-07-10T04:39:49
ac624ae5d4f5dbfe,Formal Hamiltonian description of homogeneous vector fields,Andrey Vladimirovich Tsiganov,2026,Russian Mathematical Surveys (УМН),A,survey,,https://doi.org/10.4213/rm10303e,,3,3,"expository,type:survey",,2026-07-10T04:39:49
0553d23eb554d88d,Classification of non-singular flows on orientable 4-manifolds,"Vladislav Dmitrievich Galkin, Olga Vital'evna Pochinka",2026,Russian Mathematical Surveys (УМН),A,survey,топология,https://doi.org/10.4213/rm10317e,,3,3,"expository,type:survey",,2026-07-10T04:39:49
fa3111ea5de4b74c,Chattering extremals in Hamiltonian systems with control in a square,"Mariya Igorevna Ronzhina, Nikolai Borisovich Melnikov",2026,Russian Mathematical Surveys (УМН),A,survey,комбинаторика,https://doi.org/10.4213/rm10275e,,3,3,"expository,type:survey",,2026-07-10T04:39:49
b73f342273825d37,$n$-valued monoids on $\mathbb{C}P^1$ and discriminants,"Victor Matveevich Buchstaber, Mikhail Igorevich Kornev",2026,Russian Mathematical Surveys (УМН),A,survey,алгебра,https://doi.org/10.4213/rm10280e,,3,3,"expository,type:survey",,2026-07-10T04:39:49
3c9f531456a751ad,Multiple orthogonal polynomials and strong Szegő asymptotics,Alexander Ivanovich Aptekarev,2026,Russian Mathematical Surveys (УМН),A,survey,,https://doi.org/10.4213/rm10281e,,3,3,"expository,type:survey",,2026-07-10T04:39:49
e3b41b6f8b956e51,Anatolii Timofeevich Fomenko (on his 80th birthday),"Vladimir Viktorovich Belokurov, Aleksei Viktorovich Bolsinov, Alexandr Olegovich Ivanov, et al.",2026,Russian Mathematical Surveys (УМН),A,survey,,https://doi.org/10.4213/rm10299e,,3,3,"expository,type:survey",,2026-07-10T04:39:49
b9d49d950b8dbe7c,Nikolai Germanovich Kuznetsov (obituary),"Aleksei Prokhorovich Kiselev, O V Motygin, Alexander Il'ich Nazarov",2026,Russian Mathematical Surveys (УМН),A,survey,история/философия математики,https://doi.org/10.4213/rm10304e,,3,3,"expository,type:survey",,2026-07-10T04:39:49
c69ed595df96b9e2,Three-dimensional Fano minifolds,Dmitri Olegovich Orlov,2026,Russian Mathematical Surveys (УМН),A,survey,,https://doi.org/10.4213/rm10306e,,3,3,"expository,type:survey",,2026-07-10T04:39:49
c4715f4fbb7b579d,Algorithmic complexity of theories with Kleene iteration,Stepan Lvovich Kuznetsov,2026,Russian Mathematical Surveys (УМН),A,survey,computer science,https://doi.org/10.4213/rm10268e,,3,3,"expository,type:survey",,2026-07-10T04:39:49
045e8deac319d70b,Annulus principle in the problem of the existence of an infinite-dimensional invariant torus,"Sergey Dmitrievich Glyzin, Andrei Yurevich Kolesov",2026,Russian Mathematical Surveys (УМН),A,survey,,https://doi.org/10.4213/rm10291e,,3,3,"expository,type:survey",,2026-07-10T04:39:49
653977998e07deaf,An infinite finitely presented semigroup with identity $x^4=1$,Ilya Anatolevich Ivanov-Pogodaev,2026,Russian Mathematical Surveys (УМН),A,survey,алгебра,https://doi.org/10.4213/rm10276e,,3,3,"expository,type:survey",,2026-07-10T04:39:49
165ca9e7141d56ea,Rigorous methods for Bohr–Sommerfeld quantization rules,"Joanne Dong, Peter D. Miller, Giorgio Young",2026-01-29,EMS Surveys in Mathematical Sciences,A,survey,,https://doi.org/10.4171/emss/114,,3,3,"expository,type:survey",,2026-07-10T04:39:49
bb96500b20b6acf5,Lectures on integrable equations of Benjamin–Ono type,Patrick Gérard,2026-01-07,EMS Surveys in Mathematical Sciences,A,survey,,https://doi.org/10.4171/emss/111,,3,3,"expository,type:survey",,2026-07-10T04:39:49
d317b8e75f0bbbf0,Birational geometry of the twofold symmetric product of a Hirzebruch surface via secant maps,"Marco Andreatta, Ciro Ciliberto, Roberto Pignatelli",2025-12-11,EMS Surveys in Mathematical Sciences,A,survey,алгебраическая геометрия,https://doi.org/10.4171/emss/107,,4,3,"cross-field,expository,type:survey",,2026-07-10T04:39:49
26f5bc95db371fe1,"Linearized Navier Stokes equations at high Reynolds numbers: A unified approach to inviscid damping, vorticity depletion and enhanced dissipation",Hao Jia,2025-09-26,EMS Surveys in Mathematical Sciences,A,survey,,https://doi.org/10.4171/emss/104,,3,3,"expository,type:survey",,2026-07-10T04:39:49
1d2cc5e5b52d1edb,On the geography of log-surfaces,"Bartosz Naskręcki, Piotr Pokora",2026-01-30,EMS Surveys in Mathematical Sciences,A,survey,,https://doi.org/10.4171/emss/113,,3,3,"expository,type:survey",,2026-07-10T04:39:49
4f40074a3675caac,Cauchy data for 1D singular Schrödinger operators,"Luc Hillairet, Jeremy L. Marzuola",2026-06-19,EMS Surveys in Mathematical Sciences,A,survey,анализ,https://doi.org/10.4171/emss/119,,4,3,"cross-field,expository,type:survey",,2026-07-10T04:39:49
9053803a7bf7abb0,A remark on some punctual Quot schemes on smooth projective curves,Atsushi Ito,2025-09-29,EMS Surveys in Mathematical Sciences,A,survey,алгебраическая геометрия,https://doi.org/10.4171/emss/103,,3,3,"expository,type:survey",,2026-07-10T04:39:49
75bec740fdb7b8a7,Forms and complex manifolds,"Cinzia Bisi, Paolo Cascini, Luca Tasin",2025-12-17,EMS Surveys in Mathematical Sciences,A,survey,топология,https://doi.org/10.4171/emss/109,,3,3,"expository,type:survey",,2026-07-10T04:39:49
10ecf6dba5008350,Simultaneous uniformization of chord-arc curves and BMO Teichmüller space,Katsuhiko Matsuzaki,2025-12-08,EMS Surveys in Mathematical Sciences,A,survey,динамические системы,https://doi.org/10.4171/emss/108,,3,3,"expository,type:survey",,2026-07-10T04:39:49
a8fbc827904d3704,Microlocal scattering matrix for coupled Schrödinger operators and applications to semiclassical resonances,Setsuro Fujiié,2026-06-03,EMS Surveys in Mathematical Sciences,A,survey,анализ,https://doi.org/10.4171/emss/117,,4,3,"cross-field,expository,type:survey",,2026-07-10T04:39:49
2c7ca1a939475368,Non-commutative Grassmann variety as a moduli space,Yujiro Kawamata,2025-12-04,EMS Surveys in Mathematical Sciences,A,survey,алгебраическая геометрия,https://doi.org/10.4171/emss/106,,3,3,"expository,type:survey",,2026-07-10T04:39:49
1366294943560821,On the effective YTD conjecture,Thibaut Delcroix,2025-12-02,EMS Surveys in Mathematical Sciences,A,survey,,https://doi.org/10.4171/emss/110,,3,4,"expository,high-signif,type:survey",,2026-07-10T04:39:49
1b581eac16f311dd,On the WKB method in linear scattering theory: A survey on the Isozaki–Kitada parametrix,Jean-Marc Bouclet,2026-06-23,EMS Surveys in Mathematical Sciences,A,survey,математическая физика,https://doi.org/10.4171/emss/120,,4,3,"expository,legible,type:survey",,2026-07-10T04:39:49
ea5fbce8bd1279af,Recent progress in stationary boundary layers,Sameer Iyer,2026-06-18,EMS Surveys in Mathematical Sciences,A,survey,,https://doi.org/10.4171/emss/118,,3,3,"expository,type:survey",,2026-07-10T04:39:49
1b1a9f0b2cafe33a,Finding normal subgroups of the Cremona group,Susanna Zimmermann,2025-10-24,EMS Surveys in Mathematical Sciences,A,survey,,https://doi.org/10.4171/emss/105,,3,3,"expository,type:survey",,2026-07-10T04:39:49
18fed430442eac96,A WKB approach to semiclassical parametrices,Melissa Tacy,2026-05-29,EMS Surveys in Mathematical Sciences,A,survey,,https://doi.org/10.4171/emss/116,,3,3,"expository,type:survey",,2026-07-10T04:39:49
77b94b8cc8bf6d35,Some open problems in effective birational geometry,Caucher Birkar,2026-01-30,EMS Surveys in Mathematical Sciences,A,survey,алгебраическая геометрия,https://doi.org/10.4171/emss/112,,4,3,"cross-field,expository,type:survey",,2026-07-10T04:39:49
84033157d6e9f2f1,Plank theorems and their applications: A survey,William Verreault,2025-11-09,Bulletin of the London Math. Society,A,survey,,https://doi.org/10.1112/blms.70230,,4,3,"expository,legible,type:survey",,2026-07-10T04:39:49
3881640bfde08bc9,The Escaping Set in Transcendental Dynamics,"Walter Bergweiler, Lasse Rempe",2025-12,Jahresbericht der DMV,A,expository,,https://doi.org/10.1365/s13291-025-00300-1,,3,3,"expository,type:expository",,2026-07-10T04:39:49
d0e2292f7a054869,Was ist eine Modulform oder Wozu brauchen wir gekrümmte Räume?,Valentin Blomer,2026-06-17,Jahresbericht der DMV,A,expository,,https://doi.org/10.1365/s13291-026-00303-6,,3,3,"expository,type:expository",,2026-07-10T04:39:49
13ad68972517dd09,"K. Spiliopoulos, R.B. Sowers, J. Sirignano: “Mathematical Foundations of Deep Learning Models and Algorithms”",Johannes Schmidt-Hieber,2026-06-15,Jahresbericht der DMV,A,expository,computer science,https://doi.org/10.1365/s13291-026-00302-7,,3,3,"expository,type:expository",,2026-07-10T04:39:49
1bb06753d8e88e1c,G. B. Folland: “The Heisenberg Group”,Rupert L. Frank,2026-05-05,Jahresbericht der DMV,A,expository,,https://doi.org/10.1365/s13291-026-00301-8,,3,3,"expository,type:expository",,2026-07-10T04:39:49
118e861e11adccbb,Hermann Weyl: “Raum ⋅ Zeit ⋅ Materie: Vorlesungen über allgemeine Relativitätstheorie”,Tilman Sauer,2025-10-21,Jahresbericht der DMV,A,expository,,https://doi.org/10.1365/s13291-025-00298-6,,3,3,"expository,type:expository",,2026-07-10T04:39:49
a5b248993d04d9b3,Mark Asch: “A Toolbox for Digital Twins: From Model-Based to Data-Driven”,Philipp Schulze,2025-10-27,Jahresbericht der DMV,A,expository,,https://doi.org/10.1365/s13291-025-00299-5,,3,3,"expository,type:expository",,2026-07-10T04:39:49
f55b3aefe1619b01,Auf den Spuren von Felix Klein in Leipzig,Jürgen Jost,2026-06-30,Jahresbericht der DMV,A,expository,,https://doi.org/10.1365/s13291-026-00304-5,,3,3,"expository,type:expository",,2026-07-10T04:39:49
53eaa617a0bf435b,Ensemble Kalman methods: A mean-field perspective,"Edoardo Calvello, Sebastian Reich, Andrew M. Stuart",2025-07,Acta Numerica,A,survey,,https://doi.org/10.1017/s0962492924000060,,3,3,"expository,type:survey",,2026-07-10T04:39:49
f70dc3757bda1b3e,Numerical analysis of the high-frequency Helmholtz equation using semiclassical analysis,"Jeffrey Galkowski, Euan A. Spence",2026-06-19,Acta Numerica,A,survey,,https://doi.org/10.1017/s0962492925100275,,3,3,"expository,type:survey",,2026-07-10T04:39:49
14cb3909a68c6ee2,Nonlinear model reduction for transport-dominated problems,"Jan S. Hesthaven, Benjamin Peherstorfer, Benjamin Unger",2026-06-19,Acta Numerica,A,survey,,https://doi.org/10.1017/s0962492926100294,,3,3,"expository,type:survey",,2026-07-10T04:39:49
a71e0b3cf0afb080,Time parallelization for hyperbolic and parabolic problems,"Martin J. Gander, Shu-Lin Wu, Tao Zhou",2025-07,Acta Numerica,A,survey,,https://doi.org/10.1017/s0962492924000072,,3,3,"expository,type:survey",,2026-07-10T04:39:49
b4ee189baed4f216,Cut finite element methods,"Erik Burman, Peter Hansbo, Mats G. Larson, et al.",2025-07,Acta Numerica,A,survey,,https://doi.org/10.1017/s0962492925000017,,3,3,"expository,type:survey",,2026-07-10T04:39:49
c4bfe3f302900bf0,Acceleration methods for fixed-point iterations,Yousef Saad,2025-07,Acta Numerica,A,survey,,https://doi.org/10.1017/s0962492924000096,,3,3,"expository,type:survey",,2026-07-10T04:39:49
12a88a524d675c10,Sparse linear least-squares problems,"Jennifer Scott, Miroslav Tůma",2025-07,Acta Numerica,A,survey,,https://doi.org/10.1017/s0962492924000059,,3,3,"expository,type:survey",,2026-07-10T04:39:49
c78ef2b33d5e708f,Applications of AAA rational approximation,"Yuji Nakatsukasa, Lloyd N. Trefethen",2026-06-19,Acta Numerica,A,survey,,https://doi.org/10.1017/s0962492925100263,,3,3,"expository,type:survey",,2026-07-10T04:39:49
3792a048be02ae32,Optimization problems governed by systems of PDEs with uncertainties,"Matthias Heinkenschloss, Drew P. Kouri",2025-07,Acta Numerica,A,survey,computer science,https://doi.org/10.1017/s0962492925000029,,3,3,"expository,type:survey",,2026-07-10T04:39:49
9d467aa19949375f,Distributionally robust optimization,"Daniel Kuhn, Soroosh Shafiee, Wolfram Wiesemann",2025-07,Acta Numerica,A,survey,computer science,https://doi.org/10.1017/s0962492924000084,,3,3,"expository,type:survey",,2026-07-10T04:39:49
6bc736f189e62697,Approximation of functions: Optimal sampling and complexity,"David Krieg, Mario Ullrich",2026-06-19,Acta Numerica,A,survey,computer science,https://doi.org/10.1017/s0962492925100287,,3,3,"expository,type:survey",,2026-07-10T04:39:49
58837fb17bd3aa7e,The discontinuous Petrov–Galerkin method,"Leszek Demkowicz, Jay Gopalakrishnan",2025-07,Acta Numerica,A,survey,,https://doi.org/10.1017/s0962492924000102,,3,3,"expository,type:survey",,2026-07-10T04:39:49
2b5b00077eba4d70,Commutativity of operator algebras,David P. Blecher,2025-12,Expositiones Mathematicae,A,expository,анализ,https://doi.org/10.1016/j.exmath.2025.125742,,3,3,"expository,type:expository",,2026-07-10T04:39:49
5c0cabf052f733aa,Harmonic extension through cylindrical and conical surfaces,"Stephen J. Gardiner, Hermann Render",2026-02,Expositiones Mathematicae,A,expository,,https://doi.org/10.1016/j.exmath.2024.125622,,3,3,"expository,type:expository",,2026-07-10T04:39:49
116b050ba709eb83,Editorial Board,,2026-06,Expositiones Mathematicae,A,expository,,https://doi.org/10.1016/s0723-0869(26)00033-2,,3,3,"expository,type:expository",,2026-07-10T04:39:49
940f5e2fa0f6bf4e,An explicit classification of dual pairs in exceptional Lie algebras,Marisa Gaetz,2025-09,Expositiones Mathematicae,A,expository,теория представлений,https://doi.org/10.1016/j.exmath.2025.125711,,3,3,"expository,type:expository",,2026-07-10T04:39:49
bae516233cf86a57,Generalizing Hurwitz’s quaternionic proof of Lagrange’s and Jacobi’s four-square theorems,Matěj Doležálek,2025-12,Expositiones Mathematicae,A,expository,,https://doi.org/10.1016/j.exmath.2025.125715,,4,3,"expository,legible,type:expository",,2026-07-10T04:39:49
c52db8d70f563915,"On two unsolved Fermat equations of signature (4,4,4)",Nguyen Xuan Tho,2026-06,Expositiones Mathematicae,A,expository,,https://doi.org/10.1016/j.exmath.2026.125764,,4,3,"expository,legible,type:expository",,2026-07-10T04:39:49
43f72e6b9b94d0fb,Preface to the Special Issue in honour of David RoyalLarson,"Allan Donsig, Deguang Han, Palle Jorgensen, et al.",2025-12,Expositiones Mathematicae,A,expository,,https://doi.org/10.1016/j.exmath.2025.125735,,3,3,"expository,type:expository",,2026-07-10T04:39:49
250af7b52af82e83,Some examples of affine isometries of Banach spaces arising from 1-D dynamics,Andrés Navas,2025-12,Expositiones Mathematicae,A,expository,анализ,https://doi.org/10.1016/j.exmath.2025.125716,,3,3,"expository,type:expository",,2026-07-10T04:39:49
f5b4d5ea969e35f9,"Reflection positivity and its relation to disc, half plane and the strip","Maria Stella Adamo, Karl-Hermann Neeb, Jonas Schober",2025-07,Expositiones Mathematicae,A,expository,,https://doi.org/10.1016/j.exmath.2025.125660,,3,3,"expository,type:expository",,2026-07-10T04:39:49
52f90a4f1d73a82b,Dynamical sampling for unmanned aerial vehicles,"Cristian Cruz Hernandez, Juan Ignacio Giribet, Ursula Molter",2025-12,Expositiones Mathematicae,A,expository,,https://doi.org/10.1016/j.exmath.2025.125739,,3,3,"expository,type:expository",,2026-07-10T04:39:49
22af70bb6287d07b,"The Kaczmarz Algorithm in Hilbert
                    <mml:math xmlns:mml=""http://www.w3.org/1998/Math/MathML"" display=""inline"" id=""d1e27"" altimg=""si3.svg"">
                      <mml:msup>
                        <mml:mrow>
                          <mml:mi>C</mml:mi>
                        </mml:mrow>
                        <mml:mrow>
                          <mml:mo>∗</mml:mo>
                        </mml:mrow>
                      </mml:msup>
                    </mml:math>
                    -modules","Daniel Alpay, Chad Berner, Eric S. Weber",2026-04,Expositiones Mathematicae,A,expository,computer science,https://doi.org/10.1016/j.exmath.2025.125738,,3,3,"expository,type:expository",,2026-07-10T04:39:49
5a6a6ffb723346a6,Bessel duality of Gabor systems: A von Neumann algebraic perspective,"Ulrik Enstad, Franz Luef",2025-12,Expositiones Mathematicae,A,expository,,https://doi.org/10.1016/j.exmath.2025.125741,,3,3,"expository,type:expository",,2026-07-10T04:39:49
ccf31043f49da1f8,Publisher’s Note,,2026-02,Expositiones Mathematicae,A,expository,,https://doi.org/10.1016/j.exmath.2025.125745,,3,3,"expository,type:expository",,2026-07-10T04:39:49
a6e95f35035e2a93,Parable of the parabola,"Vladimir Dragović, Mohammad Hassan Murad",2025-12,Expositiones Mathematicae,A,expository,,https://doi.org/10.1016/j.exmath.2025.125717,,3,3,"expository,type:expository",,2026-07-10T04:39:49
5ee52af013c4ecd5,Generalizations of Weiss’ version of the Fuglede–Putnam theorem for unbounded operators,Mohammed Hichem Mortad,2026-02,Expositiones Mathematicae,A,expository,анализ,https://doi.org/10.1016/j.exmath.2024.125606,,3,3,"expository,type:expository",,2026-07-10T04:39:49
97363de219efa3ba,"Symmetrized pseudofunction algebras from <mml:math xmlns:mml=""http://www.w3.org/1998/Math/MathML"" display=""inline"" id=""d1e22"" altimg=""si7.svg""><mml:msup><mml:mrow><mml:mi>L</mml:mi></mml:mrow><mml:mrow><mml:mi>p</mml:mi></mml:mrow></mml:msup></mml:math>-representations and amenability of locally compact groups",Emilie Mai Elkiær,2025-07,Expositiones Mathematicae,A,expository,,https://doi.org/10.1016/j.exmath.2025.125685,,3,3,"expository,type:expository",,2026-07-10T04:39:49
bbff9edaa299c98f,Editorial Board,,2025-07,Expositiones Mathematicae,A,expository,,https://doi.org/10.1016/s0723-0869(25)00060-x,,3,3,"expository,type:expository",,2026-07-10T04:39:49
d64c5328e1a518f4,Publisher’s Note,,2026-02,Expositiones Mathematicae,A,expository,,https://doi.org/10.1016/j.exmath.2025.125743,,3,3,"expository,type:expository",,2026-07-10T04:39:49
31484beb461ff7fb,Are MSF wavelets minimally supported?,"Marcin Bownik, Ziemowit Rzeszotnik, Darrin Speegle",2026-04,Expositiones Mathematicae,A,expository,,https://doi.org/10.1016/j.exmath.2026.125768,,3,3,"expository,type:expository",,2026-07-10T04:39:49
d943a77f31735f64,Editorial Board,,2025-09,Expositiones Mathematicae,A,expository,,https://doi.org/10.1016/s0723-0869(25)00080-5,,3,3,"expository,type:expository",,2026-07-10T04:39:49
4214190aa6088c89,A complete Bernstein function related to the fractal dimension of Pascal’s pyramid modulo a prime,Christian Berg,2026-02,Expositiones Mathematicae,A,expository,теория чисел,https://doi.org/10.1016/j.exmath.2024.125601,,3,3,"expository,type:expository",,2026-07-10T04:39:49
af85baa56a2b8d2c,On an extension of Fuglede’s theory of pseudo-balayage and its applications,Natalia Zorii,2026-02,Expositiones Mathematicae,A,expository,,https://doi.org/10.1016/j.exmath.2024.125630,,3,3,"expository,type:expository",,2026-07-10T04:39:49
7b17e9583c8f9bd6,Turk’s head knots and links: A survey,"Alessio Di Prisa, Oğuz Şavk",2026-06,Expositiones Mathematicae,A,expository,,https://doi.org/10.1016/j.exmath.2026.125777,,4,3,"expository,legible,type:expository",,2026-07-10T04:39:49
9dcf2f7007ab6f50,On real-valued functions of Lipschitz type,Valentin Gutev,2025-09,Expositiones Mathematicae,A,expository,,https://doi.org/10.1016/j.exmath.2025.125701,,3,3,"expository,type:expository",,2026-07-10T04:39:49
3af14d0138bcea5d,New variational arguments regarding the Blaschke–Lebesgue theorem,Beniamin Bogosel,2025-09,Expositiones Mathematicae,A,expository,,https://doi.org/10.1016/j.exmath.2025.125700,,3,3,"expository,type:expository",,2026-07-10T04:39:49
c99f18115b141f98,"Expository article: “Bounded orthogonal systems and the <mml:math xmlns:mml=""http://www.w3.org/1998/Math/MathML"" display=""inline"" id=""d1e22"" altimg=""si2.svg""><mml:mrow><mml:mi>Λ</mml:mi><mml:mrow><mml:mo>(</mml:mo><mml:mi>p</mml:mi><mml:mo>)</mml:mo></mml:mrow></mml:mrow></mml:math>-set problem” by Jean Bourgain","Hongki Jung, Bartosz Langowski, Alexander Ortiz, et al.",2025-09,Expositiones Mathematicae,A,expository,,https://doi.org/10.1016/j.exmath.2025.125691,,3,3,"expository,type:expository",,2026-07-10T04:39:49
cf2ad022a5cf6cfe,The redundancy of Gabor type unitary systems on locally compact abelian groups,"Jingsheng Wang, Pengtong Li",2025-07,Expositiones Mathematicae,A,expository,,https://doi.org/10.1016/j.exmath.2025.125686,,3,3,"expository,type:expository",,2026-07-10T04:39:49
285bfa8fd40d6deb,Divisibility of orders of reductions of elliptic curves,"Antigona Pajaziti, Mohammad Sadek",2025-07,Expositiones Mathematicae,A,expository,теория чисел,https://doi.org/10.1016/j.exmath.2025.125679,,3,3,"expository,type:expository",,2026-07-10T04:39:49
e6fce46f83f0dd6d,Greenberg–Shalom’s commensurator hypothesis and applications,"Nic Brody, David Fisher, Mahan Mj, et al.",2026-04,Expositiones Mathematicae,A,expository,,https://doi.org/10.1016/j.exmath.2025.125736,,3,3,"expository,type:expository",,2026-07-10T04:39:49
ae070748965ff6e5,Periodicity and decidability of translational tilings by rational polygonal sets,"Jaume de Dios Pont, Jan Grebík, Rachel Greenfeld, et al.",2026-02,Expositiones Mathematicae,A,expository,логика,https://doi.org/10.1016/j.exmath.2024.125620,,4,3,"cross-field,expository,type:expository",,2026-07-10T04:39:49
90b23fefaa89cdc9,The law of large numbers for stochastic rumor models,"Elcio Lebensztayn, Lucas Sousa Santos",2025-09,Expositiones Mathematicae,A,expository,вероятность,https://doi.org/10.1016/j.exmath.2025.125713,,3,3,"expository,type:expository",,2026-07-10T04:39:49
58b5ccc5a3e522b4,Periodic source detection in discrete dynamical systems via space–time sampling,"Akram Aldroubi, Carlos Cabrelli, Ursula Molter",2025-12,Expositiones Mathematicae,A,expository,динамические системы,https://doi.org/10.1016/j.exmath.2025.125730,,3,3,"expository,type:expository",,2026-07-10T04:39:49
e5ae3acf61291899,On a criterion for algebraic independence applied to continued fractions,"Gessica Alecci, Carsten Elsner",2025-09,Expositiones Mathematicae,A,expository,теория чисел,https://doi.org/10.1016/j.exmath.2025.125689,,3,3,"expository,type:expository",,2026-07-10T04:39:49
41ee5cfc4d25070b,Kernel-algorithms in frame-approximations,"Palle E.T. Jorgensen, Myung-Sin Song, James Tian",2026-02,Expositiones Mathematicae,A,expository,computer science,https://doi.org/10.1016/j.exmath.2024.125583,,3,3,"expository,type:expository",,2026-07-10T04:39:49
ec1291ada020bada,"Special martingale transforms, queen beds, and the Ahlfors–Beurling operator","Oliver Dragičević, Alexander Volberg",2026-02,Expositiones Mathematicae,A,expository,анализ,https://doi.org/10.1016/j.exmath.2025.125714,,4,3,"cross-field,expository,type:expository",,2026-07-10T04:39:49
af94d00b0d6a88b2,Exponential convergence of a distributed divide-and-conquer algorithm for constrained convex optimization on networks,"Nazar Emirov, Guohui Song, Qiyu Sun",2025-12,Expositiones Mathematicae,A,expository,computer science,https://doi.org/10.1016/j.exmath.2025.125740,,4,3,"cross-field,expository,type:expository",,2026-07-10T04:39:49
7a081caf48618679,The stochastic heat equation with fractional time and fractional time–space white noise,"Rahma Yasmina Moulay Hachemi, Bernt Øksendal",2026-02,Expositiones Mathematicae,A,expository,уравнения в частных производных,https://doi.org/10.1016/j.exmath.2024.125625,,4,3,"cross-field,expository,type:expository",,2026-07-10T04:39:49
17c7aa762d4bb421,Weaving information packets,"Ole Christensen, Hong Oh Kim, Rae Young Kim",2025-12,Expositiones Mathematicae,A,expository,,https://doi.org/10.1016/j.exmath.2025.125720,,3,3,"expository,type:expository",,2026-07-10T04:39:49
242db99d1a9272fa,A comprehensive approach to multifractal analysis,"Zhiming Li, Bilel Selmi, Haythem Zyoudi",2025-09,Expositiones Mathematicae,A,expository,,https://doi.org/10.1016/j.exmath.2025.125690,,3,3,"expository,type:expository",,2026-07-10T04:39:49
b4876fb390090c0b,"On the
                    <mml:math xmlns:mml=""http://www.w3.org/1998/Math/MathML"" display=""inline"" id=""d1e40"" altimg=""si3.svg"">
                      <mml:msup>
                        <mml:mrow>
                          <mml:mi>L</mml:mi>
                        </mml:mrow>
                        <mml:mrow>
                          <mml:mn>1</mml:mn>
                        </mml:mrow>
                      </mml:msup>
                    </mml:math>
                    differentiability of certain Markov semigroups","A. Bendikov, L. Saloff-Coste",2026-02,Expositiones Mathematicae,A,expository,вероятность,https://doi.org/10.1016/j.exmath.2025.125655,,4,3,"cross-field,expository,type:expository",,2026-07-10T04:39:49
8288a6630fc733fd,Frame vector group representations and amenability properties,"Dorin Ervin Dutkay, Catalin Georgescu, Gabriel Picioroaga",2026-04,Expositiones Mathematicae,A,expository,,https://doi.org/10.1016/j.exmath.2026.125767,,3,3,"expository,type:expository",,2026-07-10T04:39:49
bb700e4378da14d8,Inverse limits of CM points on certain Shimura varieties,"Ho Yun Jung, Ja Kyung Koo, Dong Hwa Shin",2026-04,Expositiones Mathematicae,A,expository,,https://doi.org/10.1016/j.exmath.2026.125754,,3,3,"expository,type:expository",,2026-07-10T04:39:49
9e6cd8a1ed7565f6,Stability bounds for correcting from erased and irregular samples,"Duncan Koepke, Huston Wilhite, Rebecca Yoshino, et al.",2025-12,Expositiones Mathematicae,A,expository,,https://doi.org/10.1016/j.exmath.2025.125744,,3,3,"expository,type:expository",,2026-07-10T04:39:49
6c4438dced3b88a1,Orthogonal Fourier Analysis on domains,Mihail N. Kolountzakis,2026-02,Expositiones Mathematicae,A,expository,анализ,https://doi.org/10.1016/j.exmath.2024.125629,,3,3,"expository,type:expository",,2026-07-10T04:39:49
76958da4776d1976,"<mml:math xmlns:mml=""http://www.w3.org/1998/Math/MathML"" display=""inline"" id=""d1e21"" altimg=""si5.svg"">
                      <mml:mrow>
                        <mml:mi>∂</mml:mi>
                        <mml:mover accent=""false"" class=""mml-overline"">
                          <mml:mrow>
                            <mml:mi>∂</mml:mi>
                          </mml:mrow>
                          <mml:mo accent=""true"">¯</mml:mo>
                        </mml:mover>
                      </mml:mrow>
                    </mml:math>
                    -lemma and Bott–Chern cohomology of twistor spaces","Anna Fino, Gueo Grantcharov, Nicoletta Tardini, et al.",2026-04,Expositiones Mathematicae,A,expository,топология,https://doi.org/10.1016/j.exmath.2026.125755,,3,3,"expository,type:expository",,2026-07-10T04:39:49
2f20a175dc339807,Invariants and representations of the Γ-graded general linear Lie ω-algebras,R.B. Zhang,2026-06,Expositiones Mathematicae,A,expository,,https://doi.org/10.1016/j.exmath.2026.125778,,3,3,"expository,type:expository",,2026-07-10T04:39:49
56cbe68a2ac31afd,Maximality and completeness of orthogonal exponentials on the cube,"Mihail N. Kolountzakis, Nir Lev, Máté Matolcsi",2026-02,Expositiones Mathematicae,A,expository,,https://doi.org/10.1016/j.exmath.2025.125682,,3,3,"expository,type:expository",,2026-07-10T04:39:49
c63c15ae6ac1039f,Bounds on energy and potentials of discrete measures on the sphere,"S.V. Borodachov, P.G. Boyvalenkov, P.D. Dragnev, et al.",2026-02,Expositiones Mathematicae,A,expository,,https://doi.org/10.1016/j.exmath.2025.125712,,3,3,"expository,type:expository",,2026-07-10T04:39:49
0c064d753b294738,A lonely weak tile,"Gergely Kiss, Itay Londner, Máté Matolcsi, et al.",2026-02,Expositiones Mathematicae,A,expository,,https://doi.org/10.1016/j.exmath.2024.125636,,3,3,"expository,type:expository",,2026-07-10T04:39:49
5c5bba62b2261366,Ends and end cohomology,"William G. Bass, Jack S. Calcut",2025-09,Expositiones Mathematicae,A,expository,топология,https://doi.org/10.1016/j.exmath.2025.125692,,3,3,"expository,type:expository",,2026-07-10T04:39:49
3aab9b78b771df8c,Computation of Lyapunov exponents of matrix products,"Ai Hua Fan, Evgeny Verbitskiy",2025-12,Expositiones Mathematicae,A,expository,computer science,https://doi.org/10.1016/j.exmath.2025.125733,,3,3,"expository,type:expository",,2026-07-10T04:39:49
461d1a68024b2a56,Editorial Board,,2025-12,Expositiones Mathematicae,A,expository,,https://doi.org/10.1016/s0723-0869(25)00105-7,,3,3,"expository,type:expository",,2026-07-10T04:39:49
02dffb6b58d94d45,On the Laplacian of a finely superharmonic function,Mohamed El Kadiri,2026-02,Expositiones Mathematicae,A,expository,,https://doi.org/10.1016/j.exmath.2025.125683,,3,3,"expository,type:expository",,2026-07-10T04:39:49
95dd3e955b1d84cd,Generalized Fermat equation: A survey of solved cases,"Ashleigh Ratcliffe, Bogdan Grechuk",2025-07,Expositiones Mathematicae,A,expository,,https://doi.org/10.1016/j.exmath.2025.125688,,4,3,"expository,legible,type:expository",,2026-07-10T04:39:49
4c4a9bf9e100b6ca,Transforming antiunitary symmetries to a normal form,Terry A. Loring,2026-04,Expositiones Mathematicae,A,expository,,https://doi.org/10.1016/j.exmath.2025.125737,,3,3,"expository,type:expository",,2026-07-10T04:39:49
51bd3673f474bfc6,"Fuglede’s conjecture, differential operators and unitary groups of local translations","Piyali Chakraborty, Dorin Ervin Dutkay, Palle E.T. Jorgensen",2026-02,Expositiones Mathematicae,A,expository,анализ,https://doi.org/10.1016/j.exmath.2025.125662,,3,4,"expository,high-signif,type:expository",,2026-07-10T04:39:49
a1b7be2eacfc54c4,Fractional wavelet phase retrieval of bandlimited functions,"Bei Liu, Meng Ning, Rui Li, et al.",2025-12,Expositiones Mathematicae,A,expository,,https://doi.org/10.1016/j.exmath.2025.125732,,3,3,"expository,type:expository",,2026-07-10T04:39:49
f1fc7a4943429deb,"The real
                    <mml:math xmlns:mml=""http://www.w3.org/1998/Math/MathML"" display=""inline"" id=""d1e5715"" altimg=""si11.svg"">
                      <mml:mi>K</mml:mi>
                    </mml:math>
                    -theory of the sphere with the antipodal involution",Jeffrey L. Boersema,2026-04,Expositiones Mathematicae,A,expository,,https://doi.org/10.1016/j.exmath.2025.125734,,3,3,"expository,type:expository",,2026-07-10T04:39:49
2aab4370a21f2f51,On orbit sets generated by semigroups of one-dimensional affine functions,"Karim F. Shamazov, Alexey L. Talambutsa",2026-06,Expositiones Mathematicae,A,expository,алгебра,https://doi.org/10.1016/j.exmath.2026.125765,,3,3,"expository,type:expository",,2026-07-10T04:39:49
4f20cac5d2f61d57,Reprint of: Extremal length and duality,Kai Rajala,2026-02,Expositiones Mathematicae,A,expository,комбинаторика,https://doi.org/10.1016/j.exmath.2025.125746,,3,3,"expository,type:expository",,2026-07-10T04:39:49
b616ec2e1b5cd2fd,Linearization of Lipschitz framings for Banach spaces,"Qiyao Bao, Deguang Han, Rui Liu, et al.",2025-07,Expositiones Mathematicae,A,expository,анализ,https://doi.org/10.1016/j.exmath.2025.125680,,3,3,"expository,type:expository",,2026-07-10T04:39:49
9b8addad78d3d7c4,"Monoids, dynamics and Leavitt path algebras","Gene Abrams, Roozbeh Hazrat",2025-09,Expositiones Mathematicae,A,expository,алгебра,https://doi.org/10.1016/j.exmath.2025.125684,,3,3,"expository,type:expository",,2026-07-10T04:39:49
1afd53bc869c14a6,"The space of tracial states on a
                    <mml:math xmlns:mml=""http://www.w3.org/1998/Math/MathML"" display=""inline"" id=""d1e22"" altimg=""si2.svg"">
                      <mml:msup>
                        <mml:mrow>
                          <mml:mi>C</mml:mi>
                        </mml:mrow>
                        <mml:mrow>
                          <mml:mo>∗</mml:mo>
                        </mml:mrow>
                      </mml:msup>
                    </mml:math>
                    -algebra","Bruce Blackadar, Mikael Rørdam",2026-02,Expositiones Mathematicae,A,expository,,https://doi.org/10.1016/j.exmath.2024.125618,,3,3,"expository,type:expository",,2026-07-10T04:39:49
490607aace147a7f,Editorial Board,,2026-04,Expositiones Mathematicae,A,expository,,https://doi.org/10.1016/s0723-0869(26)00020-4,,3,3,"expository,type:expository",,2026-07-10T04:39:49
bba0679d4368a079,Historical survey of sums of three squares and sums of three triangular numbers,"Zafer Selcuk Aygin, Kenneth S. Williams",2026-06,Expositiones Mathematicae,A,expository,,https://doi.org/10.1016/j.exmath.2026.125776,,4,3,"expository,legible,type:expository",,2026-07-10T04:39:49
933655bbc3c9655e,"Jordan homomorphisms on Hilbert C<mml:math xmlns:mml=""http://www.w3.org/1998/Math/MathML"" display=""inline"" id=""d1e47"" altimg=""si16.svg""><mml:msup><mml:mrow/><mml:mrow><mml:mo>∗</mml:mo></mml:mrow></mml:msup></mml:math>-modules","Xiaofei Qi, Huimin Chen, Jinchuan Hou",2025-07,Expositiones Mathematicae,A,expository,,https://doi.org/10.1016/j.exmath.2025.125687,,3,3,"expository,type:expository",,2026-07-10T04:39:49
3b45fa385216fc01,On Miyanishi conjecture for quasi-projective varieties,Takumi Asano,2025-09,Expositiones Mathematicae,A,expository,,https://doi.org/10.1016/j.exmath.2025.125710,,3,4,"expository,high-signif,type:expository",,2026-07-10T04:39:49
37e2a22d178769f4,"Any function I can actually write down is measurable, right?",James E. Hanson,2025-12,Expositiones Mathematicae,A,expository,,https://doi.org/10.1016/j.exmath.2025.125718,,3,3,"expository,type:expository",,2026-07-10T04:39:49
3ebe37b424a98261,Bent Fuglede (8.10.1925–7.12.2023),,2026-02,Expositiones Mathematicae,A,expository,,https://doi.org/10.1016/j.exmath.2025.125719,,3,3,"expository,type:expository",,2026-07-10T04:39:49
74b4e31948f4e21f,On extremal problems of Delsarte type for positive definite functions on LCA groups,"E.E. Berdysheva, M.D. Ramabulana, Sz.Gy. Révész",2026-02,Expositiones Mathematicae,A,expository,комбинаторика,https://doi.org/10.1016/j.exmath.2025.125663,,3,3,"expository,type:expository",,2026-07-10T04:39:49
c3e79b770b775605,"Gluing diffeomorphisms, bi-Lipschitz mappings and homeomorphisms","Paweł Goldstein, Zofia Grochulska, Piotr Hajłasz",2025-07,Expositiones Mathematicae,A,expository,,https://doi.org/10.1016/j.exmath.2025.125681,,3,3,"expository,type:expository",,2026-07-10T04:39:49
caa3c26582fd5335,Sums of two squares and the tau-function: Ramanujan’s trail,"Bruce C. Berndt, Pieter Moree",2025-12,Expositiones Mathematicae,A,expository,,https://doi.org/10.1016/j.exmath.2025.125721,,3,3,"expository,type:expository",,2026-07-10T04:39:49
d1629baec60977a9,Editorial Board,,2026-02,Expositiones Mathematicae,A,expository,,https://doi.org/10.1016/s0723-0869(26)00008-3,,3,3,"expository,type:expository",,2026-07-10T04:39:49
0c51e8f0d26a4d60,Galois groups in enumerative geometry and applications,"Frank Sottile, Thomas Yahl",2025-12,Expositiones Mathematicae,A,expository,теория чисел,https://doi.org/10.1016/j.exmath.2025.125731,,4,3,"cross-field,expository,type:expository",,2026-07-10T04:39:49
03cdeb3f177391a5,Mathieu’s approach to the Jacobian Conjecture,Kevin Zwart,2026-06,Expositiones Mathematicae,A,expository,,https://doi.org/10.1016/j.exmath.2026.125766,,3,4,"expository,high-signif,type:expository",,2026-07-10T04:39:49
f59b8d518637eff9,Around the topological classification problem of polynomial maps: A survey,Boulos El Hilany,2025-11-07,Japanese J. of Math (3rd ser.),A,survey,топология,https://doi.org/10.1007/s11537-025-2501-4,,4,3,"expository,legible,type:survey",,2026-07-10T04:39:49
6a05503a20fbf379,Extremal unitary representations of big N = 4 superconformal algebra,"Victor G. Kac, Pierluigi Möseneder Frajria, Paolo Papi",2026-04-15,Japanese J. of Math (3rd ser.),A,survey,комбинаторика,https://doi.org/10.1007/s11537-026-2529-0,,3,3,"expository,type:survey",,2026-07-10T04:39:49
eaf2f85af5e2f6f5,A digestion of unit distance constructions,Terence Tao,2026-07-03,Terence Tao — What's New,D,blog,теория чисел,https://terrytao.wordpress.com/2026/07/03/a-digestion-of-unit-distance-constructions/,"Suppose that one has a set of points in the plane, which we will think of as the complex plane . Let denote the number of unit distances determined by these points, i.e., pairs of points whose displacement obeys the equa",2,2,type:blog,,2026-07-10T04:39:49
744dc513a9f5e077,Third SAIR competition: inverse Galois challenge,Terence Tao,2026-06-16,Terence Tao — What's New,D,blog,теория чисел,https://terrytao.wordpress.com/2026/06/16/third-sair-competition-inverse-galois-challenge/,"I am happy to announce the third SAIR challenge, which is focused on obtaining numerical data for the infamous inverse Galois problem. This is a collaborative project with the L-functions and modular forms database (LMFD",3,2,"announcement,legible,type:blog",,2026-07-10T04:39:49
c35f621aa59d0564,On the proposed rule changes to the administration of federal grants,Terence Tao,2026-06-09,Terence Tao — What's New,D,blog,теория чисел,https://terrytao.wordpress.com/2026/06/09/on-the-proposed-rule-changes-to-the-administration-of-federal-grants/,"The United States Office of Management and Budget (OMB) has proposed a vast and radical set of rule changes to how federal grants from all funding agencies are administered.  (A summary of the key changes, by a former Se",3,2,"legible,type:blog",,2026-07-10T04:39:49
365bdfbde8677d4d,Modular Arithmetic Challenge,Terence Tao,2026-06-08,Terence Tao — What's New,D,blog,теория чисел,https://terrytao.wordpress.com/2026/06/08/modular-arithmetic-challenge/,"A couple months ago, Damek Davis and I launched the first mathematical challenge at the SAIR Foundation, aimed at “distilling” the ability to solve 22 million problems in universal algebra into a condensed form. Stage on",2,3,"high-signif,type:blog",,2026-07-10T04:39:49
87d485652299214b,Primitive sets and von Mangoldt chains: Erdős Problem #1196 and beyond,Terence Tao,2026-05-03,Terence Tao — What's New,D,blog,теория чисел,https://terrytao.wordpress.com/2026/05/03/primitive-sets-and-von-mangoldt-chains-erdos-problem-1196-and-beyond/,"Boris Alexeev, Kevin Barreto, Yanyang Li, Jared Duker Lichtman, Liam Price, Jibran Iqbal Shah, Quanyu Tang, and I have just uploaded to the arXiv our paper Primitive sets and von Mangoldt chains: Erdős Problem #1196 and ",2,2,"announcement,type:blog",,2026-07-10T04:39:49
541edff3c9acdad2,Products of consecutive integers with unusual anatomy,Terence Tao,2026-03-31,Terence Tao — What's New,D,blog,теория чисел,https://terrytao.wordpress.com/2026/03/31/products-of-consecutive-integers-with-unusual-anatomy/,I’ve just uploaded to the arXiv my paper “Products of consecutive integers with unusual anatomy“. This paper answers some questions of Erdős and Graham which were initially motivated by the study of the Diophantine facto,3,2,"announcement,cross-field,type:blog",,2026-07-10T04:39:49
ea4e3002c6a33f72,Mathematical methods and human thought in the age of AI,Terence Tao,2026-03-29,Terence Tao — What's New,D,blog,теория чисел,https://terrytao.wordpress.com/2026/03/29/mathematical-methods-and-human-thought-in-the-age-of-ai/,Tanya Klowden and I have uploaded to the arXiv our preprint “Mathematical methods and human thought in the age of AI“. This is an unabridged version of a solicited article for a forthcoming Blackwell Companion to the Phi,2,2,"announcement,type:blog",,2026-07-10T04:39:49
14beceb1ed9524af,"Local Bernstein theory, and lower bounds for Lebesgue constants",Terence Tao,2026-03-23,Terence Tao — What's New,D,blog,теория чисел,https://terrytao.wordpress.com/2026/03/23/local-bernstein-theory-and-lower-bounds-for-lebesgue-constants/,"I’ve just uploaded to the arXiv my paper “Local Bernstein theory, and lower bounds for Lebesgue constants“. This paper was initially motivated by a problem of Erdős} on Lagrange interpolation, but in the course of solvin",2,2,"announcement,type:blog",,2026-07-10T04:39:49
33acaf9e99aa4f18,Mathematics Distillation Challenge – Equational Theories,Terence Tao,2026-03-13,Terence Tao — What's New,D,blog,теория чисел,https://terrytao.wordpress.com/2026/03/13/mathematics-distillation-challenge-equational-theories/,"Mathematical research traditionally involves a small number of professional mathematicians working closely on difficult problems. However, I have long believed that there is a complementary way to do mathematics, in whic",3,2,"legible,type:blog",,2026-07-10T04:39:49
9b363afd2aed8ed2,SLMath Deputy Director Search,Terence Tao,2026-02-27,Terence Tao — What's New,D,blog,теория чисел,https://terrytao.wordpress.com/2026/02/27/slmath-deputy-director-search/,"[This post is written in my capacity as Vice-Chair of the Board of Trustees of SLMath. -T.] SLMath, formerly MSRI, has launched the search for the next Deputy Director. This key position is a close advisor to the Directo",2,2,type:blog,,2026-07-10T04:39:49
e7f2ae2206073e0d,Six Math Essentials,Terence Tao,2026-02-16,Terence Tao — What's New,D,blog,теория чисел,https://terrytao.wordpress.com/2026/02/16/six-math-essentials/,"Just a brief announcement that I have been working with Quanta Books to publish a short book in popular mathematics entitled “Six Math Essentials“, which will cover six of the fundamental concepts in mathematics — number",2,2,"announcement,type:blog",,2026-07-10T04:39:49
4cda4f4c13f30006,IPAM industrial short course in generative AI algorithms – deadline for applications closing soon,Terence Tao,2026-02-02,Terence Tao — What's New,D,blog,теория чисел,https://terrytao.wordpress.com/2026/02/02/ipam-industrial-short-course-in-generative-ai-algorithms-deadline-for-applications-closing-soon/,"(Sharing this in my capacity of director of special projects at IPAM.) IPAM is holding an Industrial Short Course on Generative AI Algorithms on March 5-6, 2026. The short course is aimed at people from industry or gover",2,2,type:blog,,2026-07-10T04:39:49
0051ddf7dc054c87,A crowdsourced repository for optimization constants?,Terence Tao,2026-01-22,Terence Tao — What's New,D,blog,теория чисел,https://terrytao.wordpress.com/2026/01/22/a-crowdsourced-repository-for-optimization-constants/,"Thomas Bloom’s Erdös problem site has become a real hotbed of activity in recent months, particularly as some of the easiest of the outstanding open problems have turned out to be amenable to various AI-assisted approach",2,2,type:blog,,2026-07-10T04:39:49
1dee9aaec64bbd9f,Rogers’ theorem on sieving,Terence Tao,2026-01-19,Terence Tao — What's New,D,blog,теория чисел,https://terrytao.wordpress.com/2026/01/19/rogers-theorem-on-sieving/,A basic problem in sieve theory is to understand what happens when we start with the integers (or some subinterval of the integers) and remove some congruence classes for various moduli . Here we shall concern ourselves ,2,2,type:blog,,2026-07-10T04:39:49
b8dc0d1fe5ed4c26,The integrated explicit analytic number theory network,Terence Tao,2026-01-15,Terence Tao — What's New,D,blog,теория чисел,https://terrytao.wordpress.com/2026/01/15/the-integrated-explicit-analytic-number-theory-network/,"Like many other areas of modern analysis, analytic number theory often relies on the convenient device of asymptotic notation to express its results. It is common to use notation such as or , for instance, to indicate a ",2,2,type:blog,,2026-07-10T04:39:49
6fc286aba8f9f3ca,Polynomial towers and inverse Gowers theory for bounded-exponent groups,Terence Tao,2026-01-06,Terence Tao — What's New,D,blog,теория чисел,https://terrytao.wordpress.com/2026/01/06/polynomial-towers-and-inverse-gowers-theory-for-bounded-exponent-groups/,"Asgar Jamneshan, Or Shalom and I have uploaded to the arXiv our paper “ Polynomial towers and inverse Gowers theory for bounded-exponent groups“. This continues our investigation into the ergodic-theory approach to the i",2,2,"announcement,type:blog",,2026-07-10T04:39:49
56f6cab9c4b532b7,The maximal length of the Erdős–Herzog–Piranian lemniscate in high degree,Terence Tao,2025-12-15,Terence Tao — What's New,D,blog,теория чисел,https://terrytao.wordpress.com/2025/12/15/the-maximal-length-of-the-erdos-herzog-piranian-lemniscate-in-high-degree/,I’ve just uploaded to the arXiv my preprint The maximal length of the Erdős–Herzog–Piranian lemniscate in high degree. This paper resolves (in the asymptotic regime of sufficiently high degree) an old question about the ,3,3,"announcement,high-signif,legible,type:blog",,2026-07-10T04:39:49
7b942d19c67a0ce4,The Equational Theories Project: Advancing Collaborative Mathematical Research at Scale,Terence Tao,2025-12-09,Terence Tao — What's New,D,blog,теория чисел,https://terrytao.wordpress.com/2025/12/09/the-equational-theories-project-advancing-collaborative-mathematical-research-at-scale/,"Matthew Bolan, Joachim Breitner, Jose Brox, Nicholas Carlini, Mario Carneiro, Floris van Doorn, Martin Dvorak, Andrés Goens, Aaron Hill, Harald Husum, Hernán Ibarra Mejia, Zoltan Kocsis, Bruno Le Floch, Amir Livne Bar-on",2,2,type:blog,,2026-07-10T04:39:49
b665b1187c8fe38e,The story of Erdős problem #1026,Terence Tao,2025-12-08,Terence Tao — What's New,D,blog,теория чисел,https://terrytao.wordpress.com/2025/12/08/the-story-of-erdos-problem-126/,"Problem 1026 on the Erdős problem web site recently got solved through an interesting combination of existing literature, online collaboration, and AI tools. The purpose of this blog post is to try to tell the story of t",3,2,"legible,type:blog",,2026-07-10T04:39:49
879a48b30f12bbf4,Quantitative correlations and some problems on prime factors of consecutive integers,Terence Tao,2025-12-01,Terence Tao — What's New,D,blog,теория чисел,https://terrytao.wordpress.com/2025/12/01/quantitative-correlations-and-some-problems-on-prime-factors-of-consecutive-integers/,"Joni Teravainen and I have uploaded to the arXiv our paper “Quantitative correlations and some problems on prime factors of consecutive integers“. This paper applies modern analytic number theory tools – most notably, th",2,2,"announcement,type:blog",,2026-07-10T04:39:49
366361a357ce43ce,Growth rates of sequences governed by the squarefree properties of its translates,Terence Tao,2025-12-01,Terence Tao — What's New,D,blog,теория чисел,https://terrytao.wordpress.com/2025/12/01/growth-rates-of-sequences-governed-by-the-squarefree-properties-of-its-translates/,Wouter van Doorn and I have uploaded to the arXiv our paper “Growth rates of sequences governed by the squarefree properties of its translates“. In this paper we answer a number of questions of Erdős} (Problem 1102 and P,2,2,"announcement,type:blog",,2026-07-10T04:39:49
86492674d76f4434,Call for industry sponsors for IPAM’s RIPS program,Terence Tao,2025-11-24,Terence Tao — What's New,D,blog,теория чисел,https://terrytao.wordpress.com/2025/11/24/call-for-industry-sponsors-for-ipams-rips-program/,"Over the last 25 years, the Institute for pure and applied mathematics (IPAM) at UCLA (where I am now director of special projects) has run the popular Research in Industrial Projects for Students (RIPS) program every su",2,2,type:blog,,2026-07-10T04:39:49
21eab20bbe23c21e,Climbing the cosmic distance ladder: another sample chapter,Terence Tao,2025-11-21,Terence Tao — What's New,D,blog,теория чисел,https://terrytao.wordpress.com/2025/11/21/climbing-the-cosmic-distance-ladder-another-sample-chapter/,"Five years ago, I announced a popular science book project with Tanya Klowden on the cosmic distance ladder, in which we released a sample draft chapter of the book, covering the “fourth rung” of the ladder, which for us",2,2,"announcement,type:blog",,2026-07-10T04:39:49
b05fb8ede257d530,"Sum-difference exponents for boundedly many slopes, and rational complexity",Terence Tao,2025-11-19,Terence Tao — What's New,D,blog,теория чисел,https://terrytao.wordpress.com/2025/11/19/sum-difference-exponents-for-boundedly-many-slopes-and-rational-complexity/,"I have uploaded to the arXiv my paper “Sum-difference exponents for boundedly many slopes, and rational complexity“. This is the second spinoff of my previous project with Bogdan Georgiev, Javier Gómez–Serrano, and Adam ",2,2,"announcement,type:blog",,2026-07-10T04:39:49
848f595c60a8a961,New Nikodym set constructions over finite fields,Terence Tao,2025-11-12,Terence Tao — What's New,D,blog,теория чисел,https://terrytao.wordpress.com/2025/11/12/new-nikodym-set-constructions-over-finite-fields/,"I have uploaded to the arXiv my paper “New Nikodym set constructions over finite fields“. This is a spinoff of my previous project with Bogdan Georgiev, Javier Gómez–Serrano, and Adam Zsolt Wagner that I recently posted ",2,2,"announcement,type:blog",,2026-07-10T04:39:49
5735af99b4aa9d13,Mathematical exploration and discovery at scale,Terence Tao,2025-11-05,Terence Tao — What's New,D,blog,теория чисел,https://terrytao.wordpress.com/2025/11/05/mathematical-exploration-and-discovery-at-scale/,"Bogdan Georgiev, Javier Gómez-Serrano, Adam Zsolt Wagner, and I have uploaded to the arXiv our paper “Mathematical exploration and discovery at scale“. This is a longer report on the experiments we did in collaboration w",2,2,"announcement,type:blog",,2026-07-10T04:39:49
2f87a7705e8f389a,Smooth numbers and max-entropy,Terence Tao,2025-09-15,Terence Tao — What's New,D,blog,теория чисел,https://terrytao.wordpress.com/2025/09/15/smooth-numbers-and-max-entropy/,"Given a threshold , a -smooth number (or -friable number) is a natural number whose prime factors are all at most . We use to denote the number of -smooth numbers up to . In studying the asymptotic behavior of , it is cu",3,2,"cross-field,type:blog",,2026-07-10T04:39:49
5ad9a6a50b552485,A crowdsourced project to link up erdosproblems.com to the OEIS,Terence Tao,2025-08-31,Terence Tao — What's New,D,blog,теория чисел,https://terrytao.wordpress.com/2025/08/31/a-crowdsourced-project-to-link-up-erdosproblems-com-to-the-oeis/,"Thomas Bloom’s erdosproblems.com site hosts nearly a thousand questions that originated, or were communicated by, Paul Erdős, as well as the current status of these questions (about a third of which are currently solved)",3,2,"legible,type:blog",,2026-07-10T04:39:49
0173a79088f29d56,SLMath announces new research programs,Terence Tao,2025-08-30,Terence Tao — What's New,D,blog,теория чисел,https://terrytao.wordpress.com/2025/08/30/slmath-announces-new-research-programs/,"The Simons-Laufer Mathematical Sciences institute, or SLMath (formerly the Mathematical Sciences Research Institute, or MSRI) has recently restructured its program formats, and is now announcing three new research initia",2,2,"announcement,type:blog",,2026-07-10T04:39:49
a9f053393df990fc,Rough numbers between consecutive primes,Terence Tao,2025-08-10,Terence Tao — What's New,D,blog,теория чисел,https://terrytao.wordpress.com/2025/08/10/rough-numbers-between-consecutive-primes/,"First things first: due to an abrupt suspension of NSF funding to my home university of UCLA, the Institute of Pure and Applied Mathematics (which had been preliminarily approved for a five-year NSF grant to run the inst",2,3,"high-signif,type:blog",,2026-07-10T04:39:49
7990320d31d0f3be,Salem Prize now accepting nominations for 2025,Terence Tao,2025-07-08,Terence Tao — What's New,D,blog,теория чисел,https://terrytao.wordpress.com/2025/07/08/salem-prize-now-accepting-nominations-for-2025/,"The Salem prize was established in 1968 and named in honor of Raphaël Salem (1898-1963), a mathematician famous notably for his deep study of the links between Fourier series and number theory and for pioneering applicat",4,2,"cross-field,legible,type:blog",,2026-07-10T04:39:49
ef81b6dd648fd3ed,The Ramanujan Challenge for AI,Gil Kalai,2026-07-02,Gil Kalai — Combinatorics,D,blog,комбинаторика,https://gilkalai.wordpress.com/2026/07/02/the-ramanujan-challenge-for-ai/,"The Ramanujan challenge Ido Kaminer shared with me the following information  about The Ramanujan Challenge for AI, and I am happy to share it with the readers of this blog. The challenge page is at  ramanujanmachine.com",2,2,type:blog,,2026-07-10T04:39:49
a2929e7b04b1c1c5,Matching in NC and Local Events,Gil Kalai,2026-06-22,Gil Kalai — Combinatorics,D,blog,комбинаторика,https://gilkalai.wordpress.com/2026/06/22/matching-in-nc-and-local-events/,"Matching is in NC Matching theory is one of the richest gold mines of ideas and results in mathematics, computer science, and beyond. Recently, Abhranil Chatterjee, Sumanta Ghosh, Rohit Gurjar, Roshan Raj, and Thomas Thi",2,2,type:blog,,2026-07-10T04:39:49
6809225947bfba81,A sensational Ramsey breakthrough by Domagoj Bradač (reblogged from Sam Mattheus’ blog),Gil Kalai,2026-06-18,Gil Kalai — Combinatorics,D,blog,комбинаторика,https://gilkalai.wordpress.com/2026/06/18/a-sensational-ramsey-breakthrough-by-domagoj-bradac-reblogged-from-sam-mattheus-blog/,Gil’s comment: A great result and a beautiful blog post about it. (I thank Nati Linial and Yuval Wigderson who told me about it.) Here is a blog post about the breakthrough on computational complexity.,4,2,"cross-field,legible,type:blog",,2026-07-10T04:39:49
f1782c1a51c26dc2,Three Interviews,Gil Kalai,2026-06-06,Gil Kalai — Combinatorics,D,blog,комбинаторика,https://gilkalai.wordpress.com/2026/06/06/three-interviews/,"My interview in the Israeli Academy interview series Interviewer: Alex Lubotzky Top two pictures, taken from the video. Right: my parents with my sister and me, around 1958. Left: Micha Perles carefully checking the proo",2,2,type:blog,,2026-07-10T04:39:49
40d7b72ba49f29ba,Amazing: Erdős’ Unit Distance Problem was Disproved! It was achieved by AI!,Gil Kalai,2026-05-21,Gil Kalai — Combinatorics,D,blog,комбинаторика,https://gilkalai.wordpress.com/2026/05/21/amazing-erdos-unit-distance-problem-was-disproved-it-was-achieved-by-ai/,"Paul Erdős’s, in his 1946  paper published in the American Mathematical Monthly, posed two general questions about the distribution of distances determined by a finite set of points in a metric space. 1. Unit Distance Pr",2,2,type:blog,,2026-07-10T04:39:49
884c6960389013e3,Polymath Plus AI,Gil Kalai,2026-04-03,Gil Kalai — Combinatorics,D,blog,комбинаторика,https://gilkalai.wordpress.com/2026/04/03/polymath-plus-ai/,"This post was written together with Nissan Hajaj and Ido Kaminer.  Update (June 26,2026):  The problem for the first project has now been resolved.  Update (June, 26, 2926): For all projects (currently four) see our proj",3,3,"high-signif,legible,type:blog",,2026-07-10T04:39:49
b4bfd973d086d508,"Starting Today: Kazhdan Sunday seminar: “Boolean Functions, Hypercontractivity, and Applications”",Gil Kalai,2026-03-22,Gil Kalai — Combinatorics,D,blog,комбинаторика,https://gilkalai.wordpress.com/2026/03/22/starting-today-kazhdan-sunday-seminar-boolean-functions-hypercontractivity-and-applications/,"Sunday, 22 March, 2026 – 11:00 to 13:00 Today the seminar will take place via zoom. After Pesach we hope to make it in Ross 70 seminar room.   Repeats every week every Sunday until the end of June 2026 Kazhdan Seminar: B",2,2,type:blog,,2026-07-10T04:39:49
a897041b1b1626b5,Scott Aaronson’s View of my View About Quantum Computing,Gil Kalai,2026-03-10,Gil Kalai — Combinatorics,D,blog,комбинаторика,https://gilkalai.wordpress.com/2026/03/10/scott-aaronsons-view-of-my-view-about-quantum-computing/,"This post presents a very good interview of Scott Aaronson with Yuval Boger of QuEra, in which Scott gives a detailed and thoughtful account of his view of my position. Scott nicely characterizes the position I put forwa",2,2,type:blog,,2026-07-10T04:39:49
d9534c4f0f0db30b,The Fully Depolarizing Noise Conjecture for Physical Cat States is Twenty Years Old!,Gil Kalai,2026-03-06,Gil Kalai — Combinatorics,D,blog,комбинаторика,https://gilkalai.wordpress.com/2026/03/06/the-fully-depolarizing-noise-conjecture-for-physical-cat-states-is-twenty-years-old/,"Amidst the war, I am holding onto hope for a future of peace and tolerance. At the end of the post I include a few pictures from the safe room (closet). Writing this also made me reflect on related posts from 2017 and 20",2,3,"high-signif,type:blog",,2026-07-10T04:39:49
074732adbda02b8a,Cosmin Pohoata: The Cayley-Bacharach theorem and its applications,Gil Kalai,2026-02-25,Gil Kalai — Combinatorics,D,blog,комбинаторика,https://gilkalai.wordpress.com/2026/02/25/cosmin-pohoata-the-cayley-bacharach-theorem-and-its-applications/,"Cosmin Pohoata’s new and beautiful blog post presents several combinatorial applications of the Cayley–Bacharach theorem. Let me also mention his earlier post, in which he gave a new proof of Jamison’s direction tree the",3,3,"high-signif,legible,type:blog",,2026-07-10T04:39:49
1f766028c57ce8a6,"Updates and Plans V:  From Boise to Tel Aviv, Ceasefire, My 70th Birthday, Nostalgia, Problems, Outrageous Conjectures, Quantum, and AI",Gil Kalai,2026-02-03,Gil Kalai — Combinatorics,D,blog,комбинаторика,https://gilkalai.wordpress.com/2026/02/03/updates-and-plans-v-from-boise-to-tel-aviv-ceasefire-my-70th-birthday-nostalgia-problems-outrageous-conjectures-quantum-and-ai/,"This is the fifth post of this type (I (2008); II(2011); III(2015); IV(2024)). Between Boise and Tel Aviv During the summer we spent two months in the lovely city of Boise, Idaho. We stayed with my son Hagai and his husb",2,3,"high-signif,type:blog",,2026-07-10T04:39:49
2e261b35d14cc0c6,"ICECA 2026 (August 17-19, 2026), an interview with Christian Krattenthaler, and Condorcet revisited.",Gil Kalai,2026-01-18,Gil Kalai — Combinatorics,D,blog,комбинаторика,https://gilkalai.wordpress.com/2026/01/18/iceca-2026-august-17-19-2026-an-interview-with-christian-krattenthaler-and-condorcet-revisited/,"Toufic Mansour, Christian Krattenthaler, and Condorcet. International Conference on Enumerative Combinatorics and Applications (ICECA 2026) The fifth International Conference on Enumerative Combinatorics and Applications",2,2,type:blog,,2026-07-10T04:39:49
53800e8ab936ab96,Dominik Hangleiter’s View Posts on: Has Quantum Advantage Been Achieved?,Gil Kalai,2026-01-15,Gil Kalai — Combinatorics,D,blog,комбинаторика,https://gilkalai.wordpress.com/2026/01/15/dominik-hangleiters-view-posts-on-has-quantum-advantage-been-achieved/,"In a recent post on Quantum Frontiers—the first in a series of three—Dominik Hangleiter discusses the question of whether quantum advantage (also known as “quantum supremacy”) has been achieved. (Update, Jan. 26: here is",2,3,"high-signif,type:blog",,2026-07-10T04:39:49
413823d01c732ed5,A Ten-Year-Old Video about Larry Guth and Netz Katz.,Gil Kalai,2026-01-13,Gil Kalai — Combinatorics,D,blog,комбинаторика,https://gilkalai.wordpress.com/2026/01/13/a-ten-year-old-video-about-larry-guth-and-netz-katz/,"Facebook recently reminded of a videotaped lecture I gave ten years ago on Larry Guth and Nets Katz. In that lecture, I discussed their famous joint work on the Erdős distinct distances problem, as well as some of their ",3,2,"legible,type:blog",,2026-07-10T04:39:49
15b9c34c2b668a1e,Combinatorics News,Gil Kalai,2026-01-01,Gil Kalai — Combinatorics,D,blog,комбинаторика,https://gilkalai.wordpress.com/2026/01/01/combinatorics-news/,Happy new 2026 to all our readers! Here are some very interesting combinatorics results that I learned about recently. I will try to write in some more details about some of them later on.  1) Gaussian random graphs and ,3,2,"cross-field,type:blog",,2026-07-10T04:39:49
cc511e080e3e467d,"Combinatorial Morning in Tel Aviv, Sunday 28/12/2025",Gil Kalai,2025-12-26,Gil Kalai — Combinatorics,D,blog,комбинаторика,https://gilkalai.wordpress.com/2025/12/26/combinatorial-morning-in-tel-aviv-sunday-28-12-2025/,"Coming very soon! Organizer:      Michael Krivelevich Place:  Schreiber 309, Tel Aviv University Event’s site.  https://sites.google.com/view/combinatorics-seminar-tel-aviv Program 09:30-10:00        Asaf Ferber (UC Irvi",2,2,type:blog,,2026-07-10T04:39:49
732abb214c8416ea,"November’s Lectures, 2025",Gil Kalai,2025-12-21,Gil Kalai — Combinatorics,D,blog,комбинаторика,https://gilkalai.wordpress.com/2025/12/21/novembers-lectures-2025/,"Happy Chanukah, everybody! There is a lot of academic activity around, and the ceasefire in Gaza has brought some relief and hope. Let me tell you about the (unusually high number of) lectures I attended in November 2025",2,2,type:blog,,2026-07-10T04:39:49
274ff3dda2cce4a0,Ten Recent Questions for ChatGPT,Gil Kalai,2025-11-21,Gil Kalai — Combinatorics,D,blog,комбинаторика,https://gilkalai.wordpress.com/2025/11/21/ten-recent-questions-for-chatgpt/,"I recently asked over Math Overflow about Examples for the use of AI and especially LLMs in notable mathematical developments, and there were several interesting answers.  Here are (slightly edited) 10 recent questions t",2,2,type:blog,,2026-07-10T04:39:49
a2c21ab8a5b671f4,A Visit to the Israeli Quantum Computing Center (IQCC),Gil Kalai,2025-11-13,Gil Kalai — Combinatorics,D,blog,комбинаторика,https://gilkalai.wordpress.com/2025/11/13/a-visit-to-the-israeli-quantum-computing-center-iqcc/,Two weeks ago I was invited together with my colleague Shay Mozes to visit the Israeli Quantum Computing Center located near the Tel Aviv University quite close to my home. That morning my wife told me not to be disappoi,2,2,type:blog,,2026-07-10T04:39:49
65ca3f38e931a854,Computational Complexity and Explanations in Physics,Gil Kalai,2025-11-03,Gil Kalai — Combinatorics,D,blog,комбинаторика,https://gilkalai.wordpress.com/2025/11/03/computational-complexity-and-explanations-in-physics/,"The title of this post is taken from a recent interesting lecture (judging from the slides) by Scott Aaronson at Columbia University. The lecture explored a wide range of topics at the intersection of physics, computatio",2,2,type:blog,,2026-07-10T04:39:49
45b1e26e294ab3e1,"Kazhdan Seminar fall 2025 – Starting Today Oct. 19, 2026.",Gil Kalai,2025-10-19,Gil Kalai — Combinatorics,D,blog,комбинаторика,https://gilkalai.wordpress.com/2025/10/19/kazhdan-seminar-fall-2025-starting-today-oct-19-2026/,"This semester as a part of Kazhdan Sunday seminars we will have the following two activities (see description below) 12-14 Nati Linial and Yuval Peled,  “Recent advances in combinatorics” 14-16 Jake Solomon “Curve counts",3,2,"cross-field,type:blog",,2026-07-10T04:39:49
6eca9a4e11519571,Explicit Lossless Vertex Expanders!,Gil Kalai,2025-10-10,Gil Kalai — Combinatorics,D,blog,комбинаторика,https://gilkalai.wordpress.com/2025/10/10/explicit-lossless-vertex-expanders/,"(from left to right): Beth Samuels, Uzi Vishne, Alex Lubotzky, and Winnie Li Jun-Ting Hsieh, Alexander Lubotzky, Sidhanth Mohanty, Assaf Reiner, and Rachel Yun Zhang, Explicit Lossless Vertex Expanders Abstract: We give ",2,2,type:blog,,2026-07-10T04:39:49
bde54cee901c02c5,"Dror Bar-Natan and Roland Van der Veen – A Fast, Strong, and Fun knot invariant!",Gil Kalai,2025-09-25,Gil Kalai — Combinatorics,D,blog,комбинаторика,https://gilkalai.wordpress.com/2025/09/25/dror-bar-natan-and-roland-van-der-veen-a-fast-strong-and-fun-knot-invariant/,"Dror Bar-Natan (homepage, Wikipedia) told me about his work with Roland Van der Veen (homepage, arXiv, YouTube) on a wonderful knot invariant which distinguishes knots much better than other knot invariants, and can be c",2,2,"announcement,type:blog",,2026-07-10T04:39:49
f2d767eab94989a0,Polynomial Bounds for  Chowla’s Cosine Problem,Gil Kalai,2025-09-17,Gil Kalai — Combinatorics,D,blog,комбинаторика,https://gilkalai.wordpress.com/2025/09/17/polynomial-bounds-for-chowlas-cosine-problem/,"Polynomial bounds for the Chowla cosine problem were achieved independently in two very recent works. Zhihan Jin, Aleksa Milojević, István Tomon, Shengtong Zhang: From small eigenvalues to large cuts, and Chowla’s cosine",3,2,"legible,type:blog",,2026-07-10T04:39:49
e6315024f070d2ec,Maria-Romina Ivan and Sean Jaffe: The saturation number for the diamond is linear,Gil Kalai,2025-09-13,Gil Kalai — Combinatorics,D,blog,комбинаторика,https://gilkalai.wordpress.com/2025/09/13/maria-romina-ivan-and-sean-jaffe-the-saturation-number-for-the-diamond-is-linear/,My previous post was about an asymptotic solution of Rota’s basis conjecture and the next few posts will also be devoted to some mathematical news. Before moving to the main featured result let me mention a beautiful blo,2,3,"high-signif,type:blog",,2026-07-10T04:39:49
775ae8b05d44db35,Richard Montgomery and Lisa Sauermann Present Major Progress on Rota’s Basis Conjecture,Gil Kalai,2025-09-09,Gil Kalai — Combinatorics,D,blog,комбинаторика,https://gilkalai.wordpress.com/2025/09/09/richard-montgomery-and-lisa-sauermann-present-major-progress-on-rotas-basis-conjecture/,"Richard Montgomery and Lisa Sauermann: Asymptotically-tight packing and covering with transversal bases in Rota’s basis conjecture Abstract: In 1989, Rota conjectured that, given any bases of a vector space of dimension ",2,3,"high-signif,type:blog",,2026-07-10T04:39:49
ebb8daa2020f3e50,ChatGPT is a Useful but Demanding Mathematical Collaborator,Gil Kalai,2025-09-05,Gil Kalai — Combinatorics,D,blog,комбинаторика,https://gilkalai.wordpress.com/2025/09/05/chatgpt-is-a-useful-but-demanding-mathematical-collaborator/,"ChatGPT was very useful in explaining (and discussing) some mathematical issue with me. Here is how our conversation had concluded. (In case ChatGPT reads this post, let me emphasize: this is a praise and not a complaint",3,2,"expository,legible,type:blog",,2026-07-10T04:39:49
99affd2832f76d8b,"International Conference on Enumerative Combinatorics and Applications ICECA 2025 (August 25-27, 2025)",Gil Kalai,2025-08-24,Gil Kalai — Combinatorics,D,blog,комбинаторика,https://gilkalai.wordpress.com/2025/08/24/international-conference-on-enumerative-combinatorics-and-applications-iceca-2025-august-25-27-2025/,"Toufic Mansour The fourth International Conference on Enumerative Combinatorics and Applications will take place online, August 25–27, 2025. As in the previous three editions, the conference opens with a lecture by Richa",2,2,type:blog,,2026-07-10T04:39:49
e8c60169fbaa8372,Some Questions from Recent Quantum Events,Gil Kalai,2025-07-30,Gil Kalai — Combinatorics,D,blog,комбинаторика,https://gilkalai.wordpress.com/2025/07/30/some-questions-from-recent-quantum-events/,"Over the past few years, I have given several lectures about quantum computation, presenting my argument for why quantum computing—and even significant early milestones toward it—are fundamentally impossible. Recently, I",3,2,"legible,type:blog",,2026-07-10T04:39:49
617e6d13a6fc681d,"Amazing: Jie Ma, Wujie Shen, and Shengjie Xie Gave an Exponential Improvement for Ramsey Lower Bounds",Gil Kalai,2025-07-23,Gil Kalai — Combinatorics,D,blog,комбинаторика,https://gilkalai.wordpress.com/2025/07/23/amazing-jie-ma-wujie-shen-and-shengjie-xie-gave-an-exponential-improvement-for-ramsey-lower-bounds/,"h/t Benny Sudakov The Ramsey number R(ℓ,k) is the smallest integer n such that in any two-coloring of the edges of the complete graph on n vertices, , by red and blue, there is either a red (a complete graph on vertices ",2,2,type:blog,,2026-07-10T04:39:49
c336f403f41d145d,"Joram’s seminar 2025: Hypercontractivity, Groups and Representations",Gil Kalai,2025-07-15,Gil Kalai — Combinatorics,D,blog,комбинаторика,https://gilkalai.wordpress.com/2025/07/15/jorams-seminar-2025-hypercontractivity-groups-and-representations/,"Joram’s seminar 2025 Here is my summary of the recent Joram’s seminar that took place on July 9 and 10 in Jerusalem. Much of the seminar was about the the paper Product Mixing in Compact Lie Groups by David Ellis, Guy Ki",2,2,type:blog,,2026-07-10T04:39:49
dab5eebad04fcdea,Happy Birthday Saharon Shelah and Yuri Gurevich!,Gil Kalai,2025-07-07,Gil Kalai — Combinatorics,D,blog,комбинаторика,https://gilkalai.wordpress.com/2025/07/07/happy-birthday-saharon-shelah-and-yuri-gurevich/,Let me briefly report on two birthday conferences for long-time friends and colleagues Saharon Shelah and Yuri Gurevich. Yuri fest took place in Munich and on Zoom between June 20–22 2025 and Shelah’s birthday conference,2,2,type:blog,,2026-07-10T04:39:49
048c52cf9f440b36,Some Events,Gil Kalai,2025-07-02,Gil Kalai — Combinatorics,D,blog,комбинаторика,https://gilkalai.wordpress.com/2025/07/02/some-events/,"Annual meeting of the Israeli Mathematical Union and student talks day, July 6 and 7 The Annual meeting of the Israeli Mathematical Union will be held on Sunday, July 6th 2025 at Bar-Ilan University. The main speakers wi",2,2,type:blog,,2026-07-10T04:39:49
c3e28ef6fd1b510e,A recent experience with ChatGPT 5.5 Pro,gowers,2026-05-08,Timothy Gowers,D,blog,computer science,https://gowers.wordpress.com/2026/05/08/a-recent-experience-with-chatgpt-5-5-pro/,"We are all having to keep revising upwards our assessments of the mathematical capabilities of large language models. I have just made a fairly large revision as a result of ChatGPT 5.5 Pro, to which I am fortunate to ha",2,2,type:blog,,2026-07-10T04:39:49
9c0e0ec1b3daecd3,Group and semigroup puzzles and a possible Polymath project,gowers,2026-03-20,Timothy Gowers,D,blog,алгебра,https://gowers.wordpress.com/2026/03/20/group-and-semigroup-puzzles-and-a-possible-polymath-project/,"An Artin-Tits group is a group with a finite set of generators in which every relation is of the form or for some positive integer , where and are two of the generators. In particular, the commutation relation is allowed",3,2,"legible,type:blog",,2026-07-10T04:39:49
277a7e861d74e375,Creating a database of motivated proofs,gowers,2025-09-22,Timothy Gowers,D,blog,алгебраическая геометрия,https://gowers.wordpress.com/2025/09/22/creating-a-database-of-motivated-proofs/,"It’s been over three years since my last post on this blog and I have sometimes been asked, understandably, whether the project I announced in my previous post was actually happening. The answer is yes — the grant I rece",2,2,"announcement,type:blog",,2026-07-10T04:39:49
d197f8a8bf9404cb,Octonions and the Standard Model,John Baez,2026-06-16,John Baez — Azimuth,D,blog,математическая физика,https://johncarlosbaez.wordpress.com/2026/06/16/octonions-and-the-standard-model-2/,"Paul Schwahn and I have come out with a new paper about octonions and the Standard Model: • The Standard Model gauge group from the exceptional Jordan algebra It builds on things I’ve discussed here, but it goes further.",2,2,type:blog,,2026-07-10T04:39:49
c2e5c22f764f89ac,Interview with Micah Zarin,John Baez,2026-06-02,John Baez — Azimuth,D,blog,математическая физика,https://johncarlosbaez.wordpress.com/2026/06/02/interview-with-micah-zarin/,"I’m not completely happy with this interview with Micah Zarin. It was nothing he did, it was me. I forgot to say that current-day AI wastes a lot of energy, and companies hope to use it to lay off people, and oligarchs a",2,2,type:blog,,2026-07-10T04:39:49
fc4d6dbe1017d0e5,Summing the Reciprocals of Primes,John Baez,2026-06-01,John Baez — Azimuth,D,blog,математическая физика,https://johncarlosbaez.wordpress.com/2026/06/01/summing-the-reciprocals-of-primes/,"The sum of the reciprocals of the primes diverges, but very slowly. The sum of the reciprocals of the first 100 primes is 2.106… The sum of the reciprocals of the first 1,000 primes is 2.457… For the first 10,000 it’s 2.",2,3,"high-signif,type:blog",,2026-07-10T04:39:49
e9f957ed87d4011c,From Pentagons to Pentagrams,John Baez,2026-05-29,John Baez — Azimuth,D,blog,математическая физика,https://johncarlosbaez.wordpress.com/2026/05/29/from-pentagons-to-pentagrams/,"I recently showed you that if you take the regular icosahedron: considered in a coordinate system based on the golden ratio, and then replace √5 by -√5 in all your formulas, you get the great icosahedron: But this fact i",3,2,"legible,type:blog",,2026-07-10T04:39:49
a3f398475fd85b78,The Great Icosahedron,John Baez,2026-05-27,John Baez — Azimuth,D,blog,математическая физика,https://johncarlosbaez.wordpress.com/2026/05/27/the-great-icosahedron/,"I never knew what was so great about the ‘great icosahedron’. Now I do. Take a regular icosahedron whose vertices have coordinates in the field ℚ[√5], which consists of numbers a + b√5 with a and b rational. Apply the no",2,2,type:blog,,2026-07-10T04:39:49
24cd8d274b05af22,What Are Atoms Made Of?,John Baez,2026-05-24,John Baez — Azimuth,D,blog,математическая физика,https://johncarlosbaez.wordpress.com/2026/05/24/what-are-atoms-made-of/,"This post starts with the the slides of an elementary talk I gave at Sloans Bar and Grill, in Glasgow, as part of a wonderful series called A Pint of Science. At the end I include some fascinating details which I only ha",2,2,type:blog,,2026-07-10T04:39:49
a672f49db589ceb6,Phasons in Quasicrystals,John Baez,2026-05-19,John Baez — Azimuth,D,blog,математическая физика,https://johncarlosbaez.wordpress.com/2026/05/19/quasicrystal_phasons/,"In 2025, researchers studied a quasicrystal forged in a hypervelocity asteroid collision 600 million years ago—and found that it contains ‘phasons’! It’s not a perfect icosahedral quasicrystal: it’s slightly distorted. 6",2,2,type:blog,,2026-07-10T04:39:49
7b3b8f948f3f0e9c,Naturally Occurring Quasicrystals,John Baez,2026-05-14,John Baez — Azimuth,D,blog,математическая физика,https://johncarlosbaez.wordpress.com/2026/05/14/naturally-occurring-quasicrystals/,"I love quasicrystals—like crystals, but with patterns that never repeat, like Penrose tiles. But they’ve very rare in nature. They’re created only by the most exotic and violent events: a high-speed collision of asteroid",2,2,type:blog,,2026-07-10T04:39:49
f6cc56ea8eebf912,Freiman’s Constant,John Baez,2026-05-07,John Baez — Azimuth,D,blog,математическая физика,https://johncarlosbaez.wordpress.com/2026/05/07/freimans-constant/,I recently asked people on Mastodon “What’s the most surprising fact you’ve learned in the last couple of weeks?” It was a nice way to learn a lot of interesting things. My own biggest recent surprise was this: the numbe,2,2,type:blog,,2026-07-10T04:39:49
94d3eea8d25c15a6,Quantum Mechanics of the Inverse Cube Force Law,John Baez,2026-05-01,John Baez — Azimuth,D,blog,математическая физика,https://johncarlosbaez.wordpress.com/2026/05/01/quantum-mechanics-of-the-inverse-cube-force-law/,"In the last episode of my column in Notices of the American Mathematical Society, we looked at a particle moving in an attractive central force whose strength is proportional to the inverse cube of the distance from the ",2,2,type:blog,,2026-07-10T04:39:49
f01fbde7b20cedd2,Learning from Nature with System Dynamics,John Baez,2026-04-24,John Baez — Azimuth,D,blog,математическая физика,https://johncarlosbaez.wordpress.com/2026/04/24/learning-from-nature-with-system-dynamics/,"We have left the Holocene and entered a new epoch, the Anthropocene, in which the biosphere is rapidly changing due to human activities. We do not need to decide to address these issues. They are already addressing us: g",2,2,type:blog,,2026-07-10T04:39:49
3db6c36ecc1b12e2,Feldspars,John Baez,2026-04-11,John Baez — Azimuth,D,blog,математическая физика,https://johncarlosbaez.wordpress.com/2026/04/11/feldspars/,"Returning from a trip to New Mexico to explore some Puebloan ruins, I picked up this beautiful chunk of labradorite in the town of Quartzsite. This mineral creates an eerie blue shimmer in the sunlight: a phenomenon call",2,2,type:blog,,2026-07-10T04:39:49
fb075975dc038484,Vector Meson Dominance,John Baez,2026-03-29,John Baez — Azimuth,D,blog,математическая физика,https://johncarlosbaez.wordpress.com/2026/03/29/vector-meson-dominance/,"I’m only now learning about ‘vector meson dominance’—a big idea put forth by Sakurai and others around 1960. Here’s a family of 9 mesons called the ‘vector nonet’. Each one is made of an up, down or strange quark and an ",2,2,type:blog,,2026-07-10T04:39:49
965d28330eef9267,Geometry and the Exceptional Jordan Algebra,John Baez,2026-03-27,John Baez — Azimuth,D,blog,математическая физика,https://johncarlosbaez.wordpress.com/2026/03/27/geometry-and-the-exceptional-jordan-algebra/,"I’m giving a talk online tomorrow at the 2026 Spring Southeastern Sectional Meeting of the American Mathematical Society, in the Special Session on Non-Associative Rings and Algebras. The organizers are Layla Sorkatti an",2,2,type:blog,,2026-07-10T04:39:49
6537d849be4a9276,Standard Model 7: Pions,John Baez,2026-03-23,John Baez — Azimuth,D,blog,математическая физика,https://johncarlosbaez.wordpress.com/2026/03/23/standard-model-7-pions/,This time I’m talking about pions: Pions were a revolutionary discovery in the 1930s—part of the first wave of the ‘particle zoo’—but I’m explaining them as a way to work toward the math and physics concepts needed for t,3,3,"expository,high-signif,legible,type:blog",,2026-07-10T04:39:49
f8c9d6896d3c8876,The Agent that Doesn’t Know Itself,John Baez,2026-03-20,John Baez — Azimuth,D,blog,математическая физика,https://johncarlosbaez.wordpress.com/2026/03/20/the-agent-that-doesnt-know-itself/,"guest post by William Waites The previous post introduced the plumbing calculus: typed channels, structural morphisms, two forms of composition, and agents as stateful morphisms with a protocol for managing their state. ",2,2,type:blog,,2026-07-10T04:39:49
235c27c8db603aa6,Standard Model 6: Pauli Matrices,John Baez,2026-03-16,John Baez — Azimuth,D,blog,математическая физика,https://johncarlosbaez.wordpress.com/2026/03/16/standard-model-6-pauli-matrices/,Wolfgang Pauli invented his famous matrices to describe the angular momentum of a spin-1/2 particle back in 1927. You’ll see them in most courses on quantum mechanics. We tend to take them for granted. But where do they ,3,2,"legible,type:blog",,2026-07-10T04:39:49
97458d491f5e159b,Standard Model 5: Spin-1/2 Particles,John Baez,2026-03-13,John Baez — Azimuth,D,blog,математическая физика,https://johncarlosbaez.wordpress.com/2026/03/13/standard-model-5-spin-1-2-particles/,"One of the simplest quantum systems is a spin-1/2 particle, also known as a spinor. If we measure the angular momentum of a spin-1/2 particle along any axis, there are two possible outcomes: either the angular momentum a",2,2,type:blog,,2026-07-10T04:39:49
9a5e2cf2914fe631,A Typed Language for Agent Coordination,John Baez,2026-03-11,John Baez — Azimuth,D,blog,математическая физика,https://johncarlosbaez.wordpress.com/2026/03/11/a-typed-language-for-agent-coordination/,"guest post by William Waites Agent frameworks are popular. (These are frameworks for coordinating large language model agents, not to be confused with agent-based modelling in the simulation sense.) There are dozens of t",2,2,type:blog,,2026-07-10T04:39:49
e5b570532d450eaf,Un Bar aux Folies-Bergère,John Baez,2026-03-08,John Baez — Azimuth,D,blog,математическая физика,https://johncarlosbaez.wordpress.com/2026/03/08/un-bar-aux-folies-bergere/,"Manet’s famous painting Un Bar aux Folies-Bergère never appealed to me. But now I realize its genius, and my spine tingles every time I see it. The perspective looks all wrong. You’re staring straight at this barmaid, bu",3,2,"legible,type:blog",,2026-07-10T04:39:49
9d3bae6c0dd00e1a,Standard Model 4: Quantum Physics,John Baez,2026-03-06,John Baez — Azimuth,D,blog,математическая физика,https://johncarlosbaez.wordpress.com/2026/03/06/standard-model-4-quantum-physics/,"This is a crash course on the basic principles of quantum physics! In a self-contained way, I explain quantum states and the basic rule for computing probabilities. It was a fun challenge stripping down everything to the",4,2,"cross-field,expository,legible,type:blog",,2026-07-10T04:39:49
7055c2b4a84f39d5,Applied Category Theory and Green Mathematics,John Baez,2026-03-05,John Baez — Azimuth,D,blog,математическая физика,https://johncarlosbaez.wordpress.com/2026/03/05/applied-category-theory-and-green-mathematics/,"Here’s a great, simple article about applied category theory: • Natalie Wolchover, Can the most abstract math make the world a better place?, Quanta. Natalie interviewed me twice for this, and it also features Matteo Cap",2,2,type:blog,,2026-07-10T04:39:49
ff5afec23a166789,Equal Temperament (Part 3),John Baez,2026-02-24,John Baez — Azimuth,D,blog,математическая физика,https://johncarlosbaez.wordpress.com/2026/02/24/equal-temperament-part-3/,Say you want to find all the N-tone equal tempered scales that have better fifths than any scale with fewer notes. Mathematically this means you want to find all fractions that come closer to than any fraction with a sma,2,2,type:blog,,2026-07-10T04:39:49
ecdf9748ef3971c6,Stela C,John Baez,2026-02-12,John Baez — Azimuth,D,blog,математическая физика,https://johncarlosbaez.wordpress.com/2026/02/12/stela-c/,"One bad thing about archeologists is that some of the successful ones get a big head. People used to think the Olmecs, who made these colossal stone heads, were contemporary with the Mayans. But in 1939, an archaeologist",2,2,type:blog,,2026-07-10T04:39:49
54731b067981e561,Slag Field Ecology,John Baez,2026-02-03,John Baez — Azimuth,D,blog,математическая физика,https://johncarlosbaez.wordpress.com/2026/02/03/slag-field-ecology/,Here’s a tale of how nature triumphs in the end. Steel mills dumped molten slag in parts of Chicago and nearby areas. The slag hardened in layers up to 5 meters deep. These places became barren wastelands. Other industri,3,2,"legible,type:blog",,2026-07-10T04:39:49
1070600a6afd71b4,Tiny Musical Intervals,John Baez,2026-01-28,John Baez — Azimuth,D,blog,математическая физика,https://johncarlosbaez.wordpress.com/2026/01/28/tiny-musical-intervals/,Music theorists have studied many fractions of the form 2i 3j 5k that are close to 1. They’re called 5-limit commas. Especially cherished are those that have fairly small exponents—given how close they are to 1. I discus,3,2,"legible,type:blog",,2026-07-10T04:39:49
82f7ea91647ae1eb,Dante and the 3-Sphere,John Baez,2026-01-18,John Baez — Azimuth,D,blog,математическая физика,https://johncarlosbaez.wordpress.com/2026/01/18/dante-and-the-3-sphere/,"Apparently Dante conceived of the universe as a 3-sphere! That’s a 3-dimensional space formed by taking two solid 3-dimensional balls and completely gluing their surfaces together. In his Divine Comedy, Dante describes t",2,2,type:blog,,2026-07-10T04:39:49
96b977bd3cdb2966,Sylvester and Clifford on Curved Space,John Baez,2026-01-10,John Baez — Azimuth,D,blog,математическая физика,https://johncarlosbaez.wordpress.com/2026/01/10/sylvester-and-clifford-on-curved-space/,"Einstein realized that gravity is due to the curvature of spacetime, but let’s go back earlier: On the 18th of August 1869, the eminent mathematician Sylvester gave a speech arguing that geometry is not separate from phy",3,2,"cross-field,type:blog",,2026-07-10T04:39:49
2612ba9a6d068f59,The Tonnetz,John Baez,2026-01-01,John Baez — Azimuth,D,blog,математическая физика,https://johncarlosbaez.wordpress.com/2026/01/01/the-tonnetz/,"Harmony in music is the dance of rational and irrational numbers, coming close enough to kiss but never touching. This image by my friend Gro-Tsen illustrates what I mean. Check out how pairs of brightly colored hexagons",3,2,"legible,type:blog",,2026-07-10T04:39:49
6b64e0f9786ea4c0,Just Intonation (Part 6),John Baez,2025-12-29,John Baez — Azimuth,D,blog,математическая физика,https://johncarlosbaez.wordpress.com/2025/12/29/just-intonation-part-6/,"In this series I’ve been explaining 12-tone scales in just intonation—or more precisely, ‘5-limit’ just intonation, where all the frequency ratios are integer powers of the primes 2, 3 and 5. There are various choices in",3,2,"expository,legible,type:blog",,2026-07-10T04:39:49
6b3fe26b522abe73,The Mathematics of Tuning Systems,John Baez,2025-12-26,John Baez — Azimuth,D,blog,математическая физика,https://johncarlosbaez.wordpress.com/2025/12/26/the-mathematics-of-tuning-systems/,"I’m giving a talk on the math of tuning systems at Claremont McKenna College on January 30th at 11 am. If you’re around, please come! You can read my slides here: • The mathematics of tuning systems. But my slides don’t ",2,2,type:blog,,2026-07-10T04:39:49
b6bc0e132425c669,Formal Scientific Modeling,John Baez,2025-12-21,John Baez — Azimuth,D,blog,математическая физика,https://johncarlosbaez.wordpress.com/2025/12/21/formal-scientific-modeling/,"In January I’m going to a workshop on category theory for modeling, with a focus on epidemiology. • Formal scientific modeling: a case study in global health, 2026 January 12-16, American Institute of Mathematics, Pasade",3,2,"cross-field,type:blog",,2026-07-10T04:39:49
58c270d695e45aca,Summer Research at Topos,John Baez,2025-11-27,John Baez — Azimuth,D,blog,математическая физика,https://johncarlosbaez.wordpress.com/2025/11/27/summer-research-at-topos-2/,You can now apply for the 2026 Summer Research Associate program at the Topos Institute! This is a great opportunity. Details and instructions on how to apply are in the official announcement. A few important points: • T,3,2,"announcement,legible,type:blog",,2026-07-10T04:39:49
ccb3d14bfbdf0919,Beyond the Geometry of Music,John Baez,2025-11-22,John Baez — Azimuth,D,blog,математическая физика,https://johncarlosbaez.wordpress.com/2025/11/22/dmitri-tymoczko/,"Yesterday I had a great conversation with Dmitri Tymoczko about groupoids in music theory. But at this Higgs Centre Colloquium, he preferred to downplay groupoids and talk in a way physicists would enjoy more. Click on t",2,2,type:blog,,2026-07-10T04:39:49
ac1931ffecd55500,Safeguarded AI (Part 2),John Baez,2025-11-19,John Baez — Azimuth,D,blog,математическая физика,https://johncarlosbaez.wordpress.com/2025/11/19/safeguarded-ai-part-2/,"60 people, including a lot of category theorists, are meeting in Edinburgh for the £59 million UK project called Safeguarded AI. I talked about it before here. The plan is to build software that will let you precisely sp",2,2,type:blog,,2026-07-10T04:39:49
91853a75886a4b82,Standard Model 3: Qubits,John Baez,2025-11-10,John Baez — Azimuth,D,blog,математическая физика,https://johncarlosbaez.wordpress.com/2025/11/10/the-standard-model-part-3/,Physics is really bizarre and wonderful.  Here I start explaining why the Standard Model has U(1) × SU(2) × SU(3) as its symmetry group.  But I don’t assume you know anything about groups or quantum mechanics!   So I hav,3,2,"expository,legible,type:blog",,2026-07-10T04:39:49
f3d733c6ccfe4006,The Inverse Cube Force Law,John Baez,2025-11-05,John Baez — Azimuth,D,blog,математическая физика,https://johncarlosbaez.wordpress.com/2025/11/05/the-inverse-cube-force-law-2/,Newton’s Principia is famous for its investigations of the inverse square force law for gravity. But in this book Newton also did something that remained little-known until fairly recently. He figured out what kind of ce,3,2,"legible,type:blog",,2026-07-10T04:39:49
a01473a30c05881b,Standard Model 2: The Big Ideas,John Baez,2025-11-03,John Baez — Azimuth,D,blog,математическая физика,https://johncarlosbaez.wordpress.com/2025/11/03/the-standard-model-part-2/,"Check out my video on the big ideas that go into the Standard Model of particle physics! In the late 1800s physics had 3 main pillars: classical mechanics, statistical mechanics and electromagnetism. But they contradict ",3,2,"cross-field,type:blog",,2026-07-10T04:39:49
d4aa35159744f0a7,Applied Category Theory 2026,John Baez,2025-10-29,John Baez — Azimuth,D,blog,математическая физика,https://johncarlosbaez.wordpress.com/2025/10/29/applied-category-theory-2026/,"The next annual conference on applied category theory is in Estonia! • Applied Category Theory 2026, Tallinn, Estonia, 6–10 July, 2026. Preceded by the Adjoint School Research Week, 29 June — 3 July. The conference parti",2,2,type:blog,,2026-07-10T04:39:49
6c81519dba9a19f7,Philip Gibbs – Black Holes and White Holes,John Baez,2025-10-27,John Baez — Azimuth,D,blog,математическая физика,https://johncarlosbaez.wordpress.com/2025/10/27/philip-gibbs-black-holes-and-white-holes/,A white hole is a purely hypothetical time-reversed black hole. What does general relativity say about them? Would they repel you? Could you fall into a white hole—or only fall out? Could the universe be a white hole? Ph,2,2,type:blog,,2026-07-10T04:39:49
76a22c17018ba13c,Standard Model 1: Particles,John Baez,2025-10-22,John Baez — Azimuth,D,blog,математическая физика,https://johncarlosbaez.wordpress.com/2025/10/22/the-standard-model-part-1/,"It’s our best theory of elementary particles and forces. It’s absolutely amazing: it took centuries of genius to discover that the world is like this, and it’s absolutely shocking. But nobody believes it’s the last word,",2,2,type:blog,,2026-07-10T04:39:49
0f016825e85f305c,The Kepler Problem (Part 12),John Baez,2025-10-14,John Baez — Azimuth,D,blog,математическая физика,https://johncarlosbaez.wordpress.com/2025/10/14/the-kepler-problem-part-12/,It’s been a while. Let me finally wrap up this this series! I’ll show you how we can get the periodic table of elements from a quantum field theory of massless spin-1/2 particles. We’ve been studying the hydrogen atom us,4,2,"cross-field,legible,type:blog",,2026-07-10T04:39:49
88314b78379e0274,Crown Ethers,John Baez,2025-10-11,John Baez — Azimuth,D,blog,математическая физика,https://johncarlosbaez.wordpress.com/2025/10/11/crown-ethers/,"Students who memorize organic chemistry consider it torture. But to explore it is a delight. It’s like the difference between being force-fed and grazing at a buffet. For example, I recently learned about ‘crown ethers‘:",2,2,type:blog,,2026-07-10T04:39:49
e9e18d9e1a175514,Negative Mass (Part 2),John Baez,2025-10-05,John Baez — Azimuth,D,blog,математическая физика,https://johncarlosbaez.wordpress.com/2025/10/05/negative-mass-part-2/,I’m trying to lose weight. I was so happy when I saw my local pastry shop sold negative-mass doughnuts! But what happened next really freaked me out. Hear the tale here: This is the second of my Edinburgh Explorations vi,2,2,type:blog,,2026-07-10T04:39:49
8afc696f75cf9c05,Prussian Blue,John Baez,2025-10-03,John Baez — Azimuth,D,blog,математическая физика,https://johncarlosbaez.wordpress.com/2025/10/03/prussian-blue/,"‘Prussian blue’ is a crystal so blue you can’t accurately show it on most computer screens, since they can only display a limited region of color space. Its structure is really cool. It’s a cubical lattice made of iron a",3,2,"legible,type:blog",,2026-07-10T04:39:49
987215c1c36856e4,Neutrinos and Gold,John Baez,2025-09-30,John Baez — Azimuth,D,blog,математическая физика,https://johncarlosbaez.wordpress.com/2025/09/30/neutrinos-and-gold/,I have a new job here in Scotland: I’m the Maxwell Fellow for Public Engagement. As part of that job I’m starting up a series of videos where I explain math and physics and also interview people here at the University. R,3,2,"expository,legible,type:blog",,2026-07-10T04:39:49
ff75e183bd921f0d,Negative Mass (Part 1),John Baez,2025-09-28,John Baez — Azimuth,D,blog,математическая физика,https://johncarlosbaez.wordpress.com/2025/09/28/negative-mass/,I’ve been studying the physics of negative mass. Basically it doesn’t exist. But physicists are have run into a serious problem. They think they can use astronomical measurements to put upper bounds on the total mass of ,2,2,type:blog,,2026-07-10T04:39:49
11361a1f88b25f63,Categories for Public Health Modeling,John Baez,2025-09-11,John Baez — Azimuth,D,blog,математическая физика,https://johncarlosbaez.wordpress.com/2025/09/11/categories-for-public-health-modeling/,"How, exactly, can category theory help modeling in public health? I wrote a paper about this with two people who helped run Canada’s COVID modeling, together with a software engineer and a mathematician at the Topos Inst",3,2,"legible,type:blog",,2026-07-10T04:39:49
7b90c2afc943ef83,Is Category Theory Being Co-opted?,John Baez,2025-09-08,John Baez — Azimuth,D,blog,математическая физика,https://johncarlosbaez.wordpress.com/2025/09/08/is-category-theory-being-co-opted/,"Is category theory being co-opted? These authors think so: • Esteban Montero and Brandon Baylor, Category theory is being co-opted, Holon Substack, 7 September 2025. Category theory offers a powerful new way of viewing t",2,2,type:blog,,2026-07-10T04:39:49
4b1bda455b24f790,Polycyclic Aromatic Hydrocarbons,John Baez,2025-09-01,John Baez — Azimuth,D,blog,математическая физика,https://johncarlosbaez.wordpress.com/2025/09/01/polycyclic-aromatic-hydrocarbons/,"In 2004, a team of scientists discovered hydrocarbons called anthracene and pyrene in an amazing structure called the Red Rectangle! Here two stars 2300 light years from us are spinning around each other while pumping ou",2,2,type:blog,,2026-07-10T04:39:49
6040a61db6d0ea78,Mariam Abu Dagga,John Baez,2025-08-30,John Baez — Azimuth,D,blog,математическая физика,https://johncarlosbaez.wordpress.com/2025/08/30/mariam-abu-dagga/,"Today I gave $10,000 to Doctors Without Borders, since they’re doing a lot of good work in Gaza. I made this gift in memory of Mariam Abu Dagga, a freelance photographer who was killed in the Nasser Hospital in the Gaza ",2,2,type:blog,,2026-07-10T04:39:49
b43ff409d6250efb,Rupert’s Property,John Baez,2025-08-28,John Baez — Azimuth,D,blog,математическая физика,https://johncarlosbaez.wordpress.com/2025/08/28/a-polyhedron-without-ruperts-property/,"You can cut a hole in a cube that’s big enough to slide an identical cube through that hole! Think about that for a minute—it’s kind of weird. Amazingly, nobody could prove any convex polyhedron doesn’t have this propert",2,2,type:blog,,2026-07-10T04:39:49
214e6ee687ec5a92,Giant Molecular Clouds,John Baez,2025-08-27,John Baez — Azimuth,D,blog,математическая физика,https://johncarlosbaez.wordpress.com/2025/08/27/giant-molecular-clouds/,This image shows a filament of cosmic dust over ten light years long! It’s part of a giant cloud of cold gas and dust that’s starting to collapse under its own gravity to form stars. Newborn stars are hidden inside. The ,3,2,"legible,type:blog",,2026-07-10T04:39:49
c8a3b36ab6431fab,The Hayashi Track,John Baez,2025-08-26,John Baez — Azimuth,D,blog,математическая физика,https://johncarlosbaez.wordpress.com/2025/08/26/the-hayashi-track/,"When a star first forms, it is powered not by nuclear fusion but simply by gravity. It shrinks, which causes a release of gravitational energy. This tends to heat it, which slows its shrinking. But it releases energy in ",2,3,"high-signif,type:blog",,2026-07-10T04:39:49
8aafd0769775ee9b,4-Dimensional Cross-Polytope,John Baez,2025-08-22,John Baez — Azimuth,D,blog,математическая физика,https://johncarlosbaez.wordpress.com/2025/08/22/4-dimensional-cross-polytope/,"When bad news gets me down, I often get insomnia. I wake up in the middle of the night, start thinking about how we’re all doomed, and can’t easily stop. To break out of these doom loops, I do elaborate visualization exe",3,2,"legible,type:blog",,2026-07-10T04:39:49
c29bb78d7d6509f9,The Cosmic Horseshoe,John Baez,2025-08-16,John Baez — Azimuth,D,blog,математическая физика,https://johncarlosbaez.wordpress.com/2025/08/16/the-cosmic-horseshoe/,"Astronomers have found a truly huge black hole! It’s in the massive galaxy in the center here, called the Cosmic Horseshoe. The blue ring is light from a galaxy behind the Cosmic Horseshoe, severely bent by gravity. This",2,2,type:blog,,2026-07-10T04:39:49
84589af13b4ba082,Safeguarded AI (Part 1),John Baez,2025-08-14,John Baez — Azimuth,D,blog,математическая физика,https://johncarlosbaez.wordpress.com/2025/08/14/safeguarded_ai_meeting/,"This week, 50 category theorists and software engineers working on “safeguarded AI” are meeting in Bristol. They’re being funded by £59 million from ARIA, the UK’s Advanced Research and Invention Agency. The basic idea i",2,2,type:blog,,2026-07-10T04:39:49
d504d56411e77e51,The Kepler Problem (Part 11),John Baez,2025-08-10,John Baez — Azimuth,D,blog,математическая физика,https://johncarlosbaez.wordpress.com/2025/08/10/the-kepler-problem-part-11/,"In Part 10 we saw that, loosely speaking, the theory of a hydrogen atom is equivalent to the theory of a massless left-handed spin-½ particle in the Einstein universe—a static universe where space is a 3-sphere. Today we",2,2,type:blog,,2026-07-10T04:39:49
fb41e519591cf476,The Kepler Problem (Part 10),John Baez,2025-08-07,John Baez — Azimuth,D,blog,математическая физика,https://johncarlosbaez.wordpress.com/2025/08/07/the-kepler-problem-part-10/,The poet Blake wrote that you can see a world in a grain of sand. Today we’ll see a universe in an atom! We’ll see that states of the hydrogen atom correspond to states of a massless spin-½ particle in the Einstein unive,2,2,type:blog,,2026-07-10T04:39:49
416b4a24af1e90e6,The Kepler Problem (Part 9),John Baez,2025-08-04,John Baez — Azimuth,D,blog,математическая физика,https://johncarlosbaez.wordpress.com/2025/08/04/the-kepler-problem-part-9/,"Today I want to make a little digression into the quaternions. We won’t need this for anything later—it’s just for fun. But it’s quite beautiful. We saw in Part 8 that if we take the spin of the electron into account, we",2,2,type:blog,,2026-07-10T04:39:49
11b0a92407b25d33,The Kepler Problem (Part 8),John Baez,2025-08-01,John Baez — Azimuth,D,blog,математическая физика,https://johncarlosbaez.wordpress.com/2025/08/01/the-kepler-problem-part-8/,Now comes the really new stuff. I want to explain how the hydrogen atom is in a certain sense equivalent to a massless spin-½ particle in the ‘Einstein universe’. This is the universe Einstein believed in before Hubble s,3,2,"expository,legible,type:blog",,2026-07-10T04:39:49
222475c8862b716d,Lawvere’s Work on Arms Control,John Baez,2025-07-30,John Baez — Azimuth,D,blog,математическая физика,https://johncarlosbaez.wordpress.com/2025/07/30/lawveres-work-on-arms-control/,"Did you know that Lawvere did classified work on arms control in the 1960s, back when he was writing his thesis? Did you know that the French government offered him a job in military intelligence? The following paper sho",2,2,type:blog,,2026-07-10T04:39:49
766a107f7914aa44,The Kepler Problem (Part 7),John Baez,2025-07-29,John Baez — Azimuth,D,blog,математическая физика,https://johncarlosbaez.wordpress.com/2025/07/29/the-kepler-problem-part-7/,In Part 5 I explained a cool way to treat bound states of the hydrogen atom as wavefunctions on a sphere in 4-dimensional space. But so far I’ve been neglecting the electron’s spin. Now let’s throw that in too! This will,3,2,"expository,legible,type:blog",,2026-07-10T04:39:49
8969ead9ce4fba09,The Kepler Problem (Part 6),John Baez,2025-07-26,John Baez — Azimuth,D,blog,математическая физика,https://johncarlosbaez.wordpress.com/2025/07/26/the-kepler-problem-part-6/,In Part 4 we saw that the classical Kepler problem—the problem of a single classical particle in an inverse square force—has symmetry under the group of rotations of 4-dimensional space Since the Lie algebra of this grou,2,2,type:blog,,2026-07-10T04:39:49
93ef92386b8075c0,The Kepler Problem (Part 5),John Baez,2025-07-23,John Baez — Azimuth,D,blog,математическая физика,https://johncarlosbaez.wordpress.com/2025/07/23/the-kepler-problem-part-5/,"In Part 4 we saw how the classical Kepler problem is connected to a particle moving on a sphere in 4-dimensional space, and how this illuminates the secret 4-dimensional rotation symmetry of the Kepler problem. There are",3,2,"legible,type:blog",,2026-07-10T04:39:49
274022a9f0abdc4d,The Kepler Problem (Part 4),John Baez,2025-07-20,John Baez — Azimuth,D,blog,математическая физика,https://johncarlosbaez.wordpress.com/2025/07/20/the-kepler-problem-part-4/,"The Kepler problem is the study of a particle moving in an attractive inverse square force. In classical mechanics, this problem shows up when you study the motion of a planet around the Sun in the Solar System. In quant",3,2,"legible,type:blog",,2026-07-10T04:39:49
c0d2e79df2c1f631,The Kepler Problem (Part 3),John Baez,2025-07-17,John Baez — Azimuth,D,blog,математическая физика,https://johncarlosbaez.wordpress.com/2025/07/17/the-kepler-problem-part-3/,"The Kepler problem studies a particle moving in an inverse square force, like a planet orbiting the Sun. Last time I talked about an extra conserved quantity associated to this problem, which keeps elliptical orbits from",2,2,type:blog,,2026-07-10T04:39:49
07dd55a9a985e479,The Kepler Problem (Part 2),John Baez,2025-07-14,John Baez — Azimuth,D,blog,математическая физика,https://johncarlosbaez.wordpress.com/2025/07/14/the-kepler-problem-part-2/,"I’ve been working on a math project involving the periodic table of elements and the Kepler problem—that is, the problem of a particle moving in an inverse square force law. I started in 2021, the year I retired from U. ",2,2,type:blog,,2026-07-10T04:39:49
7ffcad548e22d38e,Stone–Wales Transformations,John Baez,2025-07-12,John Baez — Azimuth,D,blog,математическая физика,https://johncarlosbaez.wordpress.com/2025/07/12/stone-wales-transformation/,"Buckminsterfullerene is a molecule shaped like a soccer ball, made of 60 carbon atoms. If one of the bonds between two hexagons rotates, we get a weird mutant version of this molecule: This is an example of a Stone-Wales",2,2,type:blog,,2026-07-10T04:39:49
a235de98adde07bc,Neanderthal Bone Grease Factory,John Baez,2025-07-11,John Baez — Azimuth,D,blog,математическая физика,https://johncarlosbaez.wordpress.com/2025/07/11/neanderthal-bone-grease-factory/,"Today I learned about ‘rabbit starvation’ and how Neanderthals avoided it. When you’re a hunter-gatherer and it’s winter, you may try to survive by eating only meat—like rabbits, but also deer and other game. But this gi",3,2,"legible,type:blog",,2026-07-10T04:39:49
f644e27216714ed7,CatColab for Model Building,John Baez,2025-07-08,John Baez — Azimuth,D,blog,математическая физика,https://johncarlosbaez.wordpress.com/2025/07/08/catcolab-for-model-building/,"guest post by Nathaniel D. Osgood Together with 4 students from our Computational Epidemiology and Public Health Informatics Lab (CEPHIL), I spent my Friday at one of our community group model building event, this one fo",3,2,"cross-field,type:blog",,2026-07-10T04:39:49
301ad063331f10cd,David Suzuki on Climate Change,John Baez,2025-07-06,John Baez — Azimuth,D,blog,математическая физика,https://johncarlosbaez.wordpress.com/2025/07/06/david-suzuki-on-climate-change/,"David Suzuki is an 89-year-old Canadian geneticist, science broadcaster and environmental activist. In this interview he says some things that I’ve come to agree with. • ‘It’s too late’: David Suzuki says the fight again",2,2,type:blog,,2026-07-10T04:39:49
80214d34655cc54f,"US World Cup watch party, Wingra Park",JSE,2026-07-06,Jordan Ellenberg — Quomodocumque,D,blog,теория чисел,https://quomodocumque.wordpress.com/2026/07/06/us-world-cup-watch-party-wingra-park/,"Big screen, big crowd to watch USMNT against Belgium. Team USA, sadly, didn’t do much to make it festive. The three North American host countries knocked out in three straight days. Sure was a nice night by the lake, tho",2,2,type:blog,,2026-07-10T04:39:49
fd53d95b4ac59b13,"Save it for 2062, Peacock",JSE,2026-07-05,Jordan Ellenberg — Quomodocumque,D,blog,теория чисел,https://quomodocumque.wordpress.com/2026/07/05/save-it-for-2062-peacock/,"I love the 1812 Overture as much as the next man, indeed substantially more, but I think it’s weird that Peacock’s “Star Spangled Sunday” baseball broadcast is celebrating America’s 250th birthday with a song about the R",2,2,type:blog,,2026-07-10T04:39:49
7727f2f7d2e1d8a0,250,JSE,2026-07-04,Jordan Ellenberg — Quomodocumque,D,blog,теория чисел,https://quomodocumque.wordpress.com/2026/07/04/250/,"Happy birthday, USA! Millennium-wise, I guess this would be the Q1 reporting deadline. My old July 4 post about the Museum of the American Revolution. Flag is out in front of the house. Went to the farmer’s market and fo",2,2,type:blog,,2026-07-10T04:39:49
054d38ea97f8adee,Oath is the campaign-donation allocation optimizer you’ve been looking for,JSE,2026-07-01,Jordan Ellenberg — Quomodocumque,D,blog,теория чисел,https://quomodocumque.wordpress.com/2026/07/01/oath-is-the-campaign-donation-allocation-optimizer-youve-been-looking-for/,"OK, I don’t know what you’ve been looking for. And maybe you’re looking for Republican candidates to donate to, in which case Oath is not for you, that’s fine, we can still be friends. But if you have wondered, as I have",2,2,type:blog,,2026-07-10T04:39:49
f83a16874e86858e,Lou Reed and Ludwig Wittgenstein were first cousins,JSE,2026-06-25,Jordan Ellenberg — Quomodocumque,D,blog,теория чисел,https://quomodocumque.wordpress.com/2026/06/25/lou-reed-and-ludwig-wittengstein-were-second-cousins/,"Reed studied with Delmore Schwartz at Syracuse; Schwartz started a Ph.D. in philosophy with Alfred North Whitehead at Harvard, though he didn’t finish it. Whitehead was a teacher of Bertand Russell, who taught Wittgenste",2,3,"high-signif,type:blog",,2026-07-10T04:39:49
9d318692e608ea59,On 7,JSE,2026-06-25,Jordan Ellenberg — Quomodocumque,D,blog,теория чисел,https://quomodocumque.wordpress.com/2026/06/25/on-7/,"“7, which is greater than 6 + ε, for any ε worthy of the name”– Nicole Looper, just now, in a talk about this very interesting new paper with Yap.",2,2,type:blog,,2026-07-10T04:39:49
2c469a819173c04b,"Game Theory, Linus and Lucy",JSE,2026-06-24,Jordan Ellenberg — Quomodocumque,D,blog,теория чисел,https://quomodocumque.wordpress.com/2026/06/24/game-theory-linus-and-lucy/,"I have gone my whole life until now not knowing that Game Theory, my oldest friend Stephanie Burt’s favorite rock band, covered the greatest TV special score of all time, Vince Guaraldi’s Linus and Lucy. (If you think yo",2,2,type:blog,,2026-07-10T04:39:49
979f1c909c8532c2,"People are good and the system works, redux",JSE,2026-06-19,Jordan Ellenberg — Quomodocumque,D,blog,теория чисел,https://quomodocumque.wordpress.com/2026/06/19/people-are-good-and-the-system-works-redux/,,2,2,type:blog,,2026-07-10T04:39:49
a897623b14183795,More shoulderblogging,JSE,2026-06-16,Jordan Ellenberg — Quomodocumque,D,blog,теория чисел,https://quomodocumque.wordpress.com/2026/06/16/more-shoulderblogging/,,2,2,type:blog,,2026-07-10T04:39:49
31154455eb62cbd5,People are good and the system works,JSE,2026-06-13,Jordan Ellenberg — Quomodocumque,D,blog,теория чисел,https://quomodocumque.wordpress.com/2026/06/13/people-are-good-and-the-system-works/,"Yesterday I hit a pothole while biking up N. Allen St. and flew over my handlebars. Lying on the street, unable to get up, bleeding all over the asphalt. Several people stopped to help; one neighbor called 911 and then c",2,2,type:blog,,2026-07-10T04:39:49
20521df78ba5fd7a,"Pete “Polar Bear” Alonso’s walkup song, in an ideal world",JSE,2026-06-11,Jordan Ellenberg — Quomodocumque,D,blog,теория чисел,https://quomodocumque.wordpress.com/2026/06/11/pete-polar-bear-alonsos-walkup-song-in-an-ideal-world/,,2,2,type:blog,,2026-07-10T04:39:49
943f5cbaf8a6f9f8,Recent progress around Cohen-Lenstra heuristics (notes from a Bourbaki talk),JSE,2026-06-05,Jordan Ellenberg — Quomodocumque,D,blog,теория чисел,https://quomodocumque.wordpress.com/2026/06/05/recent-progress-around-cohen-lenstra-heuristics-notes-from-a-bourbaki-talk/,These are the notes from the recent Bourbaki seminar I gave about just some of the remarkable work people have done around the Cohen-Lenstra conjectures in the past few years. I have to submit the final version of this b,2,3,"high-signif,type:blog",,2026-07-10T04:39:49
bebd89623dd1637d,The Leiden Declaration on Artificial Intelligence and Mathematics,JSE,2026-06-04,Jordan Ellenberg — Quomodocumque,D,blog,теория чисел,https://quomodocumque.wordpress.com/2026/06/04/the-leiden-declaration-on-artificial-intelligence-and-mathematics/,"A well-thought-out statement. One thing I like about it is that it is not in any way anti-AI; the declaration merely says that, as with any other piece of technology, we should use it in ways that serve science, scientis",2,2,type:blog,,2026-07-10T04:39:49
70db73d136637356,"Human character, continuity of",JSE,2026-05-30,Jordan Ellenberg — Quomodocumque,D,blog,теория чисел,https://quomodocumque.wordpress.com/2026/05/30/human-character-continuity-of/,"“Let’s hazard an assertion: On or about June 2007, human character changed. To be more exact—because the phrase human character now feels antique—we might say instead that the human sensorium changed. By this we don’t ne",2,2,type:blog,,2026-07-10T04:39:49
1dd62f9866459a8f,"Nicknames for Ottawa, Illinois",JSE,2026-05-24,Jordan Ellenberg — Quomodocumque,D,blog,теория чисел,https://quomodocumque.wordpress.com/2026/05/24/nicknames-for-ottawa-illinois/,That is a truly world-class roster of municipal nicknames.,2,2,type:blog,,2026-07-10T04:39:49
94e8796d12d041a3,Memorial Day,JSE,2026-05-24,Jordan Ellenberg — Quomodocumque,D,blog,теория чисел,https://quomodocumque.wordpress.com/2026/05/24/memorial-day/,"Tomorrow is Memorial Day. William James, in 1897, dedicating the monument to Col. Robert Gould Shaw and the 54th regiment, a monument which still stands in Boston Common today: “And when South Carolina took the final ste",2,2,type:blog,,2026-07-10T04:39:49
e6bd3ceb4776b05c,Is there a higher Belyi theorem?,JSE,2026-05-21,Jordan Ellenberg — Quomodocumque,D,blog,теория чисел,https://quomodocumque.wordpress.com/2026/05/21/is-there-a-higher-belyi-theorem/,"I was thinking the other day about this old question, a favorite of mine. Here’s another version of it — if anything along the lines of Belyi’s proof of Belyi’s theorem works, one might expect this to be true. Question: ",3,2,"legible,type:blog",,2026-07-10T04:39:49
ff05b21f1350fbc5,"Brewers 5, Cubs 2",JSE,2026-05-20,Jordan Ellenberg — Quomodocumque,D,blog,теория чисел,https://quomodocumque.wordpress.com/2026/05/20/brewers-5-cubs-2/,"Last night: my second visit to Wrigley Field, once again to see the Brewers. Did I blog the last one? Doesn’t seem I did. I went with CJ and a bunch of his friends (whence the aphorism.) Brief description, because it’s l",2,2,type:blog,,2026-07-10T04:39:49
b298c8beaab314e1,Wittgensteinian aphorism (after six hours spent in the company of college undergraduates),JSE,2026-05-20,Jordan Ellenberg — Quomodocumque,D,blog,теория чисел,https://quomodocumque.wordpress.com/2026/05/20/wittgensteinian-aphorism-after-six-hours-spent-in-the-company-of-college-undergraduates/,"If something is the case, it is low-key the case.",2,2,type:blog,,2026-07-10T04:39:49
93b3113b753ce981,Roger Brown on “Ms.”,JSE,2026-05-18,Jordan Ellenberg — Quomodocumque,D,blog,теория чисел,https://quomodocumque.wordpress.com/2026/05/18/roger-brown-on-ms/,"In the fall of 1992, my senior year of college, I took a seminar on Social Psychology of Language with Roger Brown. (Roger Brown the psychologist, not Roger Brown the painter, one of my very favorites since I saw this ex",2,2,type:blog,,2026-07-10T04:39:49
ae2894848f89dc9a,“My hatred of you has turned to pity”,JSE,2026-05-10,Jordan Ellenberg — Quomodocumque,D,blog,теория чисел,https://quomodocumque.wordpress.com/2026/05/10/my-hatred-of-you-has-turned-to-pity/,"“I had been for the past year an editor of a new encyclopedia, and a hack who had been fired, after turning in several poor and inaccurate articles (he cribbed from older encyclopedias, and even his cribbing was mixed up",2,2,type:blog,,2026-07-10T04:39:49
f83bc3be0ca5073e,Blank life,JSE,2026-05-05,Jordan Ellenberg — Quomodocumque,D,blog,теория чисел,https://quomodocumque.wordpress.com/2026/05/05/blank-life/,"“Like a snail I have lived in a small shell, which I found snug and comfortable, yet longed to desert often to inhale outside atmosphere. Each time I thrust my tentacle out, I felt it touching something unfriendly and dr",2,2,type:blog,,2026-07-10T04:39:49
9f95b04074a8a9b2,Ellenberg-Li-Shusterman,JSE,2026-04-29,Jordan Ellenberg — Quomodocumque,D,blog,теория чисел,https://quomodocumque.wordpress.com/2026/04/29/ellenberg-li-shusterman/,A photo to go with this old paper.,2,2,type:blog,,2026-07-10T04:39:49
ad57913194af6673,Alices,JSE,2026-04-13,Jordan Ellenberg — Quomodocumque,D,blog,теория чисел,https://quomodocumque.wordpress.com/2026/04/13/alices/,It’s weird that the plural of Alex and the plural of Alice are both “Alices.” Sort of a base/basis problem.,2,2,type:blog,,2026-07-10T04:39:49
b48a40b7bb0e1b69,Minor Epiphany Concerning the World Columbian Exposition of 1894 and John Hughes,JSE,2026-04-08,Jordan Ellenberg — Quomodocumque,D,blog,теория чисел,https://quomodocumque.wordpress.com/2026/04/08/minor-epiphany-concerning-the-world-columbian-exposition-of-1894-and-john-hughes/,"It was felt that the 1894 exposition in Chicago needed a big iron monument to rival the Eiffel Tower, and a man named George Washington Gale Ferris had the decisive insight that what the occasion demanded was not a needl",2,2,type:blog,,2026-07-10T04:39:49
a683a33c00e02fbe,"Brewers 8, Red Sox 6",JSE,2026-04-07,Jordan Ellenberg — Quomodocumque,D,blog,теория чисел,https://quomodocumque.wordpress.com/2026/04/07/brewers-8-red-sox-6/,"I was in Boston for Pesach and stuck around an extra day because some more Wisconsinites, the mighty Milwaukee Brewers, were also coming into town to play the Boston nine. CJ and I took in the game with friend of the blo",2,2,type:blog,,2026-07-10T04:39:49
dd608141067a4998,Armiversary,JSE,2026-04-06,Jordan Ellenberg — Quomodocumque,D,blog,теория чисел,https://quomodocumque.wordpress.com/2026/04/06/armiversary/,"Twenty years ago this week (I thought it was twenty years ago today, but I just went back and checked and it was April 3, 2006) I fell down a flight of stairs at MSRI and broke the absolute fuck out of my left elbow. Kno",2,2,type:blog,,2026-07-10T04:39:49
b806e49426edea45,The College Boy and His Problems,JSE,2026-04-05,Jordan Ellenberg — Quomodocumque,D,blog,теория чисел,https://quomodocumque.wordpress.com/2026/04/05/the-college-boy-and-his-problems/,"“The High School Boy and His Problems” (pdf at link) is a 1921 book by Thomas Arkle Clark, Dean of Men at the University of Illinois. I think “The High School Boy and His Problems” would be an amazing band name; I, the f",2,2,type:blog,,2026-07-10T04:39:49
b97c2b8dc1d6dfde,Curse of the Badgerino,JSE,2026-04-03,Jordan Ellenberg — Quomodocumque,D,blog,теория чисел,https://quomodocumque.wordpress.com/2026/04/03/curse-of-the-badgerino/,"Not long after Wisconsin’s ignominious elimination from the NCAA men’s basketball tournament, Duke gets knocked out too, on a wild half-court shot from a UConn freshman with 0.4 seconds left in the game. AB and I were in",2,2,type:blog,,2026-07-10T04:39:49
0cb98858a527874b,Sad Badgers,JSE,2026-03-20,Jordan Ellenberg — Quomodocumque,D,blog,теория чисел,https://quomodocumque.wordpress.com/2026/03/20/sad-badgers/,"Since 2013, a 12 seed has upset a 5 seed in the first round of the NCAA men’s basketball tournament 20 times. Four out of those 20 games were lost by Wisconsin.",2,3,"high-signif,type:blog",,2026-07-10T04:39:49
583e1966451e8919,In which my daughter invents science,JSE,2026-03-10,Jordan Ellenberg — Quomodocumque,D,blog,теория чисел,https://quomodocumque.wordpress.com/2026/03/10/in-which-my-daughter-invents-science/,"While we ate our pizza I was talking with AB about differential equations, which they’re about to start doing in calculus. We talked about y’=y. “This is why populations grow exponentially,” I explained, “because their g",3,2,"expository,legible,type:blog",,2026-07-10T04:39:49
e1915fc6559dd50f,The Irrational Decision,JSE,2026-03-09,Jordan Ellenberg — Quomodocumque,D,blog,теория чисел,https://quomodocumque.wordpress.com/2026/03/09/the-irrational-decision/,"Ben Recht‘s book The Irrational Decision: How We Gave Computers the Power to Choose for Us comes out tomorrow! I was privileged to get my copy early. And if you want an opinionated, informed, no-bullshit take on what opt",3,2,"legible,type:blog",,2026-07-10T04:39:49
46d6cef757f4d3a2,In which I flex music knowledge for my daughter,JSE,2026-03-09,Jordan Ellenberg — Quomodocumque,D,blog,теория чисел,https://quomodocumque.wordpress.com/2026/03/09/in-which-i-flex-music-knowledge-for-my-daughter/,"A nice but unfamiliar power-pop number came on in the pizzeria where we were having lunch. “I like this,” I said. “It sounds it’s from around 2005, kind of a Fountains of Wayne sound.” Indeed, this song came out in 2005,",2,2,type:blog,,2026-07-10T04:39:49
1a3588c29c26816e,The ex-prospect who only hit homers,JSE,2026-03-04,Jordan Ellenberg — Quomodocumque,D,blog,теория чисел,https://quomodocumque.wordpress.com/2026/03/04/the-ex-prospect-who-only-hit-homers/,"Vance Honeycutt is 22 years old and already widely considered a bust. Lots of power in college, Orioles’ first-round draft pick in 2024, but has a gigantic hole in his swing and spent 2025 striking out all the time, absu",2,3,"high-signif,type:blog",,2026-07-10T04:39:49
08b2059dcacd4494,Two small appreciations of the culture of France,JSE,2026-03-03,Jordan Ellenberg — Quomodocumque,D,blog,теория чисел,https://quomodocumque.wordpress.com/2026/03/03/two-small-appreciations-of-the-culture-of-france/,,2,2,type:blog,,2026-07-10T04:39:49
19ebf703c2a668da,Networking and granfallooning,JSE,2026-02-27,Jordan Ellenberg — Quomodocumque,D,blog,теория чисел,https://quomodocumque.wordpress.com/2026/02/27/networking-and-granfallooning/,It has come to my attention that students at prestigious universities are referring to the practice of cold-emailing alums of their school and asking for Zoom calls to discuss possible summer internships as “networking.”,2,2,type:blog,,2026-07-10T04:39:49
130215ba1d9de7c2,In which I rescue Harvard’s grading system,JSE,2026-02-25,Jordan Ellenberg — Quomodocumque,D,blog,теория чисел,https://quomodocumque.wordpress.com/2026/02/25/my-plan-to-fix-harvards-grading-system/,"The Harvard faculty is proposing to hard-cap A’s at 20% per course, leading to an undergraduate crashout the good old Yard has not seen the likes of since,the dining hall discontinued the Chickwich. I am in cold hard pri",2,2,type:blog,,2026-07-10T04:39:49
f884ccd0d4b26de7,As an old calculus professor of mine used to say,JSE,2026-02-22,Jordan Ellenberg — Quomodocumque,D,blog,теория чисел,https://quomodocumque.wordpress.com/2026/02/22/as-an-old-calculus-professor-of-mine-used-to-say/,"“The Mean Value Theorem — it wears many different sheepskins, but it is always the same wolf.” I love this, despite not knowing exactly what he meant! It helps to hear it in a Polish accent. (The professor was Piotr Miku",2,2,type:blog,,2026-07-10T04:39:49
dc9e6be27e31ce62,Waiting for Godot (Gen-X rewrite),JSE,2026-02-18,Jordan Ellenberg — Quomodocumque,D,blog,теория чисел,https://quomodocumque.wordpress.com/2026/02/18/waiting-for-godot-gen-x-rewrite/,"Here’s a good use case for LLMs — they are quite good at recovering the text from files you saved on a Macintosh word processor in the early 90s and have been transporting from computer to computer ever since, despite th",2,2,type:blog,,2026-07-10T04:39:49
963fc7f156038325,Yankees Outright Yanquiel Fernandez,JSE,2026-02-16,Jordan Ellenberg — Quomodocumque,D,blog,теория чисел,https://quomodocumque.wordpress.com/2026/02/16/yankees-outright-yanquiel-fernandez/,How could they do this to a guy whose name literally means “Yankee of God?”,3,2,"legible,type:blog",,2026-07-10T04:39:49
d6922424acc941a2,Luck or loveliness,JSE,2026-02-10,Jordan Ellenberg — Quomodocumque,D,blog,теория чисел,https://quomodocumque.wordpress.com/2026/02/10/luck-or-loveliness/,"So pretty. I like the life I’ve had but also in some ways I wish I had been in New Zealand playing with the Tall Dwarfs in 1981 instead of being a 10-year-old in the suburbs of Washington, DC.",2,2,type:blog,,2026-07-10T04:39:49
358666ca600abdc6,"Now pitching, Cadeler Wellvich",JSE,2026-02-06,Jordan Ellenberg — Quomodocumque,D,blog,теория чисел,https://quomodocumque.wordpress.com/2026/02/06/now-pitching-cadeler-wellvich/,"Barring any last-minute moves, and despite being linked to just about every big-name pitcher on the free-agent market, the Orioles will go into 2026 as they left 2025, without a clear #1 starter. Depth, though, they have",2,2,type:blog,,2026-07-10T04:39:49
a5f3a3359be285db,"George Birkhoff, faces made of lines",JSE,2026-02-04,Jordan Ellenberg — Quomodocumque,D,blog,теория чисел,https://quomodocumque.wordpress.com/2026/02/04/george-birkhoff-faces-made-of-lines/,Look at this cutie! This is from a 1940 paper by George Birkhoff. It concerns the question of what pictures can be drawn on a sheet of notebook paper if you can only put straight lines on the page. Alternatively — the no,2,2,type:blog,,2026-07-10T04:39:49
8dd6db4ab0e9d63d,What’s the entropy of a random integer?,JSE,2026-02-03,Jordan Ellenberg — Quomodocumque,D,blog,теория чисел,https://quomodocumque.wordpress.com/2026/02/03/whats-the-entropy-of-a-random-integer/,"Surely people have thought about this but I couldn’t find anything on a short search. The question: let n be a random integer, say in [N,2N]. It factors as the product of p_i^a_i. So you can think of the proportion of n ",3,2,"cross-field,type:blog",,2026-07-10T04:39:49
570ea40eb5a88493,It’s a good old-fashioned Wisconsin booger-freezer out there!,JSE,2026-01-19,Jordan Ellenberg — Quomodocumque,D,blog,теория чисел,https://quomodocumque.wordpress.com/2026/01/19/its-a-good-old-fashioned-wisconsin-booger-freezer-out-there/,"One of my favorite weather sayings. And I ran into a neighbor on my way home from the errand I was running so I got to say it in person, always a treat. 3 degrees Fahrenheit, sunny and windy in Madison right now, really ",2,2,type:blog,,2026-07-10T04:39:49
40f2186b26208b15,Dick Gross,JSE,2026-01-18,Jordan Ellenberg — Quomodocumque,D,blog,теория чисел,https://quomodocumque.wordpress.com/2026/01/18/dick-gross/,"Dick Gross died last month. Much has already been written, and during his lifetime too, about his immense contributions to modern number theory. So I won’t try to cover that here — don’t need to. I want to say something ",2,2,type:blog,,2026-07-10T04:39:49
7af8ff20fc432635,If one is not to make a mess of life,JSE,2026-01-17,Jordan Ellenberg — Quomodocumque,D,blog,теория чисел,https://quomodocumque.wordpress.com/2026/01/17/if-one-is-not-to-make-a-mess-of-life/,"“One must be fond of people and trust them if one is not to make a mess of life, and it is therefore essential that they should not let one down.” From E.M. Forster, “What I Believe.” Amen, amen, again and again. My moth",2,2,type:blog,,2026-07-10T04:39:49
4366cae35ef5eead,The encylopedia of triangle centers,JSE,2026-01-16,Jordan Ellenberg — Quomodocumque,D,blog,теория чисел,https://quomodocumque.wordpress.com/2026/01/16/the-encylopedia-of-triangle-centers/,"72,000 different notions of the center of a triangle. I knew the incenter, the circumcenter, and the centroid. Those are indeed the first three. The fourth is the orthocenter. I guess, when I think about it, I knew the t",2,3,"high-signif,type:blog",,2026-07-10T04:39:49
32b07e75444603a7,Bruhat intervals that are large hypercubes,JSE,2026-01-12,Jordan Ellenberg — Quomodocumque,D,blog,теория чисел,https://quomodocumque.wordpress.com/2026/01/12/bruhat-intervals-that-are-large-hypercubes/,"New paper up on the arXiv! With Nicolas Libedinsky, David Plaza, José Simental, Geordie Williamson, and (unofficially) Adam Zsolt Wagner. A bunch of algebraic combinatorists! And this is a combinatorics paper. It came ab",2,2,"announcement,type:blog",,2026-07-10T04:39:49
18a7f224ad9bbbb3,I’m holding out for the trigonometry of happiness,JSE,2026-01-10,Jordan Ellenberg — Quomodocumque,D,blog,теория чисел,https://quomodocumque.wordpress.com/2026/01/10/im-holding-out-for-the-trigonometry-of-happiness/,,2,2,type:blog,,2026-07-10T04:39:49
a89319edc3636869,Dyadiku,JSE,2026-01-05,Jordan Ellenberg — Quomodocumque,D,blog,теория чисел,https://quomodocumque.wordpress.com/2026/01/05/dyadiku/,"I made a game. It’s like Sudoku but dyadic. It’s called Dyadiku. Try it! I’m very interested to see whether people find it playable and fun — in particular, does it admit a boringly mechanical solving mechanism or does i",2,2,type:blog,,2026-07-10T04:39:49
c62538d6c4b514fe,Reaching the masses (not a Marxist post),JSE,2026-01-05,Jordan Ellenberg — Quomodocumque,D,blog,теория чисел,https://quomodocumque.wordpress.com/2026/01/05/reaching-the-masses-not-a-marxist-post/,"Six popular math authors, including me, did a round-table interview for the Notices of the American Mathematical Society about talking about math to the non-academic public, or, as the Notices calls them for some reason,",2,2,type:blog,,2026-07-10T04:39:49
0a95d0e31061958a,Black Box Coat Factory,JSE,2026-01-03,Jordan Ellenberg — Quomodocumque,D,blog,теория чисел,https://quomodocumque.wordpress.com/2026/01/03/black-box-coat-factory/,"I saw an ad today for the Burlington Coat Factory with music that rips off Black Box, “Everybody Everybody” so blatantly they ought to give the band free coats for life. On the one hand, this is shameless plagiarism — on",2,2,type:blog,,2026-07-10T04:39:49
f94c3e332e2e4cd8,Chowder was the national soup,JSE,2026-01-02,Jordan Ellenberg — Quomodocumque,D,blog,теория чисел,https://quomodocumque.wordpress.com/2026/01/02/chowder-was-the-national-soup/,"“Chowder was the national soup, and in those times chowder was to be more eaten than drunk, for it was not the anaemic liquid which now sloshes so despairingly in restaurant bowls, but a thick and substantial mixture, co",3,2,"legible,type:blog",,2026-07-10T04:39:49
64727d1fbe3e897a,Merry Jewish Christmas!,JSE,2025-12-25,Jordan Ellenberg — Quomodocumque,D,blog,теория чисел,https://quomodocumque.wordpress.com/2025/12/25/merry-jewish-christmas/,"The traditional celebration is Chinese food and a movie, so in that spirit: AB and I tried a new kind of dumpling on our recent trip to New York, sheng jian bao. These are soup dumplings, but with a thicker, crispier wra",2,2,type:blog,,2026-07-10T04:39:49
adeb898ff27f7711,Self-portrait with about one quarter of Richard Serra’s sculpture Equal,JSE,2025-12-23,Jordan Ellenberg — Quomodocumque,D,blog,теория чисел,https://quomodocumque.wordpress.com/2025/12/23/self-portrait-with-about-one-quarter-of-richard-serras-sculpture-equal/,,2,2,type:blog,,2026-07-10T04:39:49
f548d3e5fcb699e8,Rusczyk wins a Bezos,JSE,2025-12-19,Jordan Ellenberg — Quomodocumque,D,blog,теория чисел,https://quomodocumque.wordpress.com/2025/12/19/rusczyk-wins-a-bezos/,"A $5 million grant for my old friend Richard Rusczyk and the MATHCOUNTS foundation. Great news! Richard founded Art of Problem Solving, which is the only online math course platform I’ve ever found to be worth a damn. I ",2,2,type:blog,,2026-07-10T04:39:49
a907465684e20374,The American people have just one fixed idea,JSE,2025-12-19,Jordan Ellenberg — Quomodocumque,D,blog,теория чисел,https://quomodocumque.wordpress.com/2025/12/19/the-american-people-have-just-one-fixed-idea/,"“The American people have just one fixed idea and, since that dominant thought is money, it follows that their spirit has a certain uniform and unpleasant dryness… prodigality is an unforgivable crime in the eyes of thes",2,2,type:blog,,2026-07-10T04:39:49
1d617b0d10a23e4c,"Save my life, I’m going down for the last time",JSE,2025-12-16,Jordan Ellenberg — Quomodocumque,D,blog,теория чисел,https://quomodocumque.wordpress.com/2025/12/16/save-my-life-im-going-down-for-the-last-time/,Maybe this is just a blog where I post unimpeachably classic songs about begging to be saved.,2,2,type:blog,,2026-07-10T04:39:49
9d27be2911e1301b,"I said to myself, sit down",JSE,2025-12-15,Jordan Ellenberg — Quomodocumque,D,blog,теория чисел,https://quomodocumque.wordpress.com/2025/12/15/i-said-to-myself-sit-down/,"Has it ever been done better than this? I do believe that we know right from wrong, and not because somebody instructed us. We do not always act on this knowledge, we’re not always even inclined to try. But we know!",2,2,type:blog,,2026-07-10T04:39:49
a6ee108e30934d95,How I know zombies aren’t real,JSE,2025-12-12,Jordan Ellenberg — Quomodocumque,D,blog,теория чисел,https://quomodocumque.wordpress.com/2025/12/12/how-i-know-zombies-arent-real/,"This piece of marketing doggerel from McDonald’s, concerning their Xmas-special Grinch meal, is the most foully defiling attempt to imitate Dr. Seuss’s verse I’ve ever encountered. How I know zombies aren’t real is that,",3,2,"legible,type:blog",,2026-07-10T04:39:49
4ec988ac1ba21060,Pete Alonso is an Oriole,JSE,2025-12-11,Jordan Ellenberg — Quomodocumque,D,blog,теория чисел,https://quomodocumque.wordpress.com/2025/12/11/pete-alonso-is-an-oriole/,The Baltimore Orioles have signed Madison Mallards legend Pete Alonso to a 5-year contract. $155 million. The biggest deal since (ulp) Chris Davis. He’ll wear Rafael Palmeiro and Anthony Santander’s #25. And Jay Gibbons’,2,2,type:blog,,2026-07-10T04:39:49
2f3e3f3d527035ab,One more on sphere packing/cap set/Turan,JSE,2025-12-07,Jordan Ellenberg — Quomodocumque,D,blog,теория чисел,https://quomodocumque.wordpress.com/2025/12/07/one-more-on-sphere-packing-cap-set-turan/,"Just a couple more notes on this setup so I don’t forget. First of all, I set this up as a problem about G acting on G/H, i.e. G acting transitively on a set. But the transitivity is actually not critical. The group coul",2,3,"high-signif,type:blog",,2026-07-10T04:39:49
1a5928f3b5a129ff,"Larry Agran is the Paul Soglin of Irvine, CA",JSE,2025-12-07,Jordan Ellenberg — Quomodocumque,D,blog,теория чисел,https://quomodocumque.wordpress.com/2025/12/07/larry-agran-is-the-paul-soglin-of-irvine-ca/,I remember Larry Agran because he was the dad of a college classmate of mine and he ran an outsider campaign for the Democratic nomination for President in 1992. I happened to look him up and learned that he’s still in p,2,2,type:blog,,2026-07-10T04:39:49
4a090e522b8bda67,So disappointing,JSE,2025-12-04,Jordan Ellenberg — Quomodocumque,D,blog,теория чисел,https://quomodocumque.wordpress.com/2025/12/04/so-disappointing/,"A guy on the bus today was reading The Rose Field, the newest and last book of Philip Pullman’s Lyra series. I walked right up to him and said “So disappointing.” I somehow thought that the vague hand gesture I executed ",3,2,"legible,type:blog",,2026-07-10T04:39:49
fd2e776854c0712c,Another example: sets of arcs and loops with bounded intersection,JSE,2025-12-03,Jordan Ellenberg — Quomodocumque,D,blog,теория чисел,https://quomodocumque.wordpress.com/2025/12/03/another-example-sets-of-arcs-and-loops-with-bounded-intersection/,Yet another example of the kind of problem that falls under the sphere packing / cap set / Turan umbrella I blogged about last week. Let G be SL_2(Z) and H be upper triangular matrices. Then G/H is identified with the se,2,2,type:blog,,2026-07-10T04:39:49
74d0de271ebacca6,“That’s an excellent question!”,JSE,2025-12-01,Jordan Ellenberg — Quomodocumque,D,blog,теория чисел,https://quomodocumque.wordpress.com/2025/12/01/thats-an-excellent-question/,"Most commercial large language models are tuned to butter you up a little, or a lot, whenever you submit a query. “That’s an excellent question!” Well, OK, I guess I thought it was all right or I wouldn’t have typed it i",2,2,type:blog,,2026-07-10T04:39:49
2998e0be0cf86a0d,"Random Americans, ethnic stereotypes, and large language models",JSE,2025-11-30,Jordan Ellenberg — Quomodocumque,D,blog,теория чисел,https://quomodocumque.wordpress.com/2025/11/30/random-americans-ethnic-stereotypes-and-large-language-models/,"I have been reading about the tendency of poll respondents to overestimate the size of small population subgroups (e.g. if you ask Americans what proportion of Americans are Jews, they’ll say about 25% on average) and I ",2,2,type:blog,,2026-07-10T04:39:49
74399886b62868bc,“Not Vegan”,JSE,2025-11-27,Jordan Ellenberg — Quomodocumque,D,blog,теория чисел,https://quomodocumque.wordpress.com/2025/11/27/not-vegan/,"I saw a guy today wearing a hoodie that said “Not Vegan.” I’m not vegan either, not even close, but come on. This is like wearing a “Yankees Suck” shirt. I hate the Yankees too. But if what you put on your shirt is the t",2,2,type:blog,,2026-07-10T04:39:49
c144fc96f22e3339,Mathgiving,JSE,2025-11-27,Jordan Ellenberg — Quomodocumque,D,blog,теория чисел,https://quomodocumque.wordpress.com/2025/11/27/mathgiving/,"Happy Thanksgiving to all my American readers, and hey, everyone else too — gratitude is global. In the US, this is the start of the season where people customarily think about their charitable gifts for the year, so her",2,2,type:blog,,2026-07-10T04:39:49
c7ffe9ea76eee1b1,I wrote about John von Neumann for the Free Press,JSE,2025-11-25,Jordan Ellenberg — Quomodocumque,D,blog,теория чисел,https://quomodocumque.wordpress.com/2025/11/25/i-wrote-about-john-von-neumann-for-the-free-press/,"They asked me to do this piece as part of their series on great American immigrants. (Sorry, but it looks like this is paywalled for non-subscribers; I can’t see it, at any rate.) It was fun to write, especially to get a",2,2,type:blog,,2026-07-10T04:39:49
d06008d516ac9971,"Sphere packing, cap set, and the Turán problem are all the same thing",JSE,2025-11-24,Jordan Ellenberg — Quomodocumque,D,blog,теория чисел,https://quomodocumque.wordpress.com/2025/11/24/sphere-packing-cap-set-and-the-turan-problem-are-all-the-same-thing/,"OK, they are not really the same thing. But I got you reading, right? Here’s the sense in which they’re all the same thing. Let G be a group and H < G a subgroup. Let m > 1 be an integer. Write Orb_m for the set of orbit",2,2,type:blog,,2026-07-10T04:39:49
1b79ed5d9f4f9d1b,"Madison West JV girls basketball: Regents 45, LaFollette Lancers 37",JSE,2025-11-20,Jordan Ellenberg — Quomodocumque,D,blog,теория чисел,https://quomodocumque.wordpress.com/2025/11/20/madison-west-jv-girls-basketball-regents-45-lafollette-lancers-37/,"AB is playing JV basketball this year, and tonight was her first home game. Lots of parents, and even more impressive, lots of fellow students. A lot of school spirit at West HS! The game was close for most of the going,",2,3,"high-signif,type:blog",,2026-07-10T04:39:49
1199fb7f9dd2eed0,Let us now praise United Airlines,JSE,2025-11-08,Jordan Ellenberg — Quomodocumque,D,blog,теория чисел,https://quomodocumque.wordpress.com/2025/11/08/let-us-now-praise-united-airlines/,"I did manage to get home last night from Providence, despite widespread cancellations and delays caused by the government shutdown de-staffing air traffic control. United was speedy, flexible, and informative under rapid",2,2,type:blog,,2026-07-10T04:39:49
aa7522aef4655602,I reviewed a book about the math foundations crisis for the New York Times,JSE,2025-11-07,Jordan Ellenberg — Quomodocumque,D,blog,теория чисел,https://quomodocumque.wordpress.com/2025/11/07/i-reviewed-a-book-about-the-math-foundations-crisis-for-the-new-york-times/,"I thought the book had some interesting virtues but was also quite badly overwritten, and very confusing in its treatment of the mathematics. Here’s my review. For length reasons I wasn’t able to fit in all the material ",2,2,type:blog,,2026-07-10T04:39:49
08db73de70bfbb15,The golden age of not hitting triples,JSE,2025-10-31,Jordan Ellenberg — Quomodocumque,D,blog,теория чисел,https://quomodocumque.wordpress.com/2025/10/31/the-golden-age-of-not-hitting-triples/,"In 2016 I wrote that the Orioles were setting “a fewest-triples record that may never be broken” by hitting only 6 triples in a full major league season. It was broken the next year by the Blue Jays, who hit only 5 tripl",2,3,"high-signif,type:blog",,2026-07-10T04:39:49
e3b2f12c2ac679e5,Triple chai,JSE,2025-10-31,Jordan Ellenberg — Quomodocumque,D,blog,теория чисел,https://quomodocumque.wordpress.com/2025/10/31/triple-chai/,"I turned 54 yesterday, a number sometimes called “triple chai.” Chai, or חַי, is the Hebrew word for “life,” and the two letters that make it up are chet (the 8th letter) and yud (the 10th), giving the word a total numer",2,2,type:blog,,2026-07-10T04:39:49
1cb657f47c9f09c2,International Conference on Ancient Magic,JSE,2025-10-15,Jordan Ellenberg — Quomodocumque,D,blog,теория чисел,https://quomodocumque.wordpress.com/2025/10/15/international-conference-on-ancient-magic/,"I have nothing to say about this, I just think it’s cool that Ohio State is hosting an International Conference on Ancient Magic this weekend. Open to the public! Go to this if you’re in Columbus and feeling eldritch!",2,2,type:blog,,2026-07-10T04:39:49
3025284569acf701,A favorite tactic of the self-identified iconoclast,JSE,2025-10-12,Jordan Ellenberg — Quomodocumque,D,blog,теория чисел,https://quomodocumque.wordpress.com/2025/10/12/a-favorite-tactic-of-the-self-identified-iconoclast/,"A good line by Lauren Oyler, in a Harper’s article about the Goop Cruise: “A favorite tactic of the self-identified iconoclast is to argue that things that have already happened need, still, to happen.” I like the placem",2,2,type:blog,,2026-07-10T04:39:49
a695d586ec08a2c4,MacArthur Fellows: Wisconsin and Williams,JSE,2025-10-08,Jordan Ellenberg — Quomodocumque,D,blog,теория чисел,https://quomodocumque.wordpress.com/2025/10/08/macarthur-fellows-wisconsin-and-williams/,"The 2025 MacArthur Fellows have been announced, and I’m very pleased that two of the 22 awardees are my UW-Madision colleagues: congratulations to Ángel F. Adames Corraliza from atmospheric and oceanic sciences, and Séba",2,2,"announcement,type:blog",,2026-07-10T04:39:49
4b95f998728464b7,This condition of ill-training,JSE,2025-10-05,Jordan Ellenberg — Quomodocumque,D,blog,теория чисел,https://quomodocumque.wordpress.com/2025/10/05/this-condition-of-ill-training/,"This condition of ill-training is intensified considerably in an institution like the state university, because of the large number of technical students in attendance, many of whom are more interested in acquiring infor",2,2,type:blog,,2026-07-10T04:39:49
260563a9f21224c1,"Taylor Swift and Stephanie Burt, or: Life of a Harvard English Professor",JSE,2025-10-03,Jordan Ellenberg — Quomodocumque,D,blog,теория чисел,https://quomodocumque.wordpress.com/2025/10/03/taylor-swift-and-stephanie-burt-or-life-of-a-harvard-english-professor/,"It’s Taylor Swift album day! We listened to it last night at 11pm central when it went live. Snap reaction from AB, for whom 1989 is apex Swift and the last two albums have been too moody and murky, is — this is a winner",2,2,type:blog,,2026-07-10T04:39:49
f7ac3ea6e4e33266,"Claudia Prieto, “Tus Ojos”",JSE,2025-09-30,Jordan Ellenberg — Quomodocumque,D,blog,теория чисел,https://quomodocumque.wordpress.com/2025/09/30/claudia-prieto-tus-ojos/,"Claudia Prieto is a Venezuelan singer-songwriter about whom I know next to nothing except that she recorded this gorgeous song, “Tus Ojos,” in 2018. By the way, I found out about this song because it was playing in a res",2,2,type:blog,,2026-07-10T04:39:49
6da2aaa76bbf485e,To The Best of our Knowledge is finished,JSE,2025-09-27,Jordan Ellenberg — Quomodocumque,D,blog,теория чисел,https://quomodocumque.wordpress.com/2025/09/27/to-the-best-of-our-knowledge-is-finished/,"The longtime Wisconsin Public Radio show To The Best of Our Knowledge airs its last episode this weekend. You can listen to the stream at that link or you can listen to it over the airwaves tomorrow with an FM receiver, ",3,2,"legible,type:blog",,2026-07-10T04:39:49
73a4f935726c2759,I gave a talk about machine learning and math,JSE,2025-09-26,Jordan Ellenberg — Quomodocumque,D,blog,теория чисел,https://quomodocumque.wordpress.com/2025/09/26/i-gave-a-talk-about-machine-learning-and-math/,"I, too, spoke at the CMSA Big Data conference where this cool math bio talk took place. If you’ve seen me give a talk about math and machine learning lately, you’ve seen some of the slides in this talk, but if not, here’",2,2,type:blog,,2026-07-10T04:39:49
619f0d98bb7c3905,Social media hiatus,JSE,2025-09-24,Jordan Ellenberg — Quomodocumque,D,blog,теория чисел,https://quomodocumque.wordpress.com/2025/09/24/social-media-hiatus/,"I’m not sure whether readers of this blog have noticed, but I’m off social media — no Facebook, no Twitter, no Bluesky, I’ve dropped off my message boards, etc. A few thoughts on this, about a year in:",2,2,type:blog,,2026-07-10T04:39:49
9d23316db99d2ec2,Chadeish yameinu,JSE,2025-09-22,Jordan Ellenberg — Quomodocumque,D,blog,теория чисел,https://quomodocumque.wordpress.com/2025/09/22/chadeish-yameinu/,"Shana Tova to all my fellow Jews. We are about to ask God, repeatedly, to “chadeish yameinu k’kedem” — make our days new, the way they used to be. What does this mean? I take it to be a reminder — echoed at Kol Nidrei — ",2,2,type:blog,,2026-07-10T04:39:49
01984b6f36db6661,Global epistasis emerges from a generic model of a complex trait (or: random walks on a hypercube with reweighting),JSE,2025-09-21,Jordan Ellenberg — Quomodocumque,D,blog,теория чисел,https://quomodocumque.wordpress.com/2025/09/21/global-epistasis-emerges-from-a-generic-model-of-a-complex-trait-or-random-walks-on-a-hypercube-with-reweighting/,"I still don’t really know what global epistasis is, but I really enjoyed Gautam Reddy‘s talk about this paper at the CMSA Big Data conference two weeks ago. I’ll describe it, in case, like me, you’re too impatient to wat",2,2,type:blog,,2026-07-10T04:39:49
9143e705668acb98,Pre-covers,JSE,2025-09-20,Jordan Ellenberg — Quomodocumque,D,blog,теория чисел,https://quomodocumque.wordpress.com/2025/09/20/pre-covers/,Listening to the songs on the Vinyl Vault 30-minute Peloton ride in the hotel gym at the conference I just came back from (about which more later?) I had two thoughts about old songs that sound like newer songs. The Holl,2,2,type:blog,,2026-07-10T04:39:49
8aaa67b79cff74a6,Mura Yakerson interviewed me,JSE,2025-09-19,Jordan Ellenberg — Quomodocumque,D,blog,теория чисел,https://quomodocumque.wordpress.com/2025/09/19/mura-yakerson-interviewed-me/,"And we talked about math, writing, standup comedy, the art of interviewing (meta!) Mura’s whole channel is great. Bisi Agboola! Helene Esnault! Steve Strogatz! Mura’s mom! Check it out.",2,2,type:blog,,2026-07-10T04:39:49
e89b9b7d078daa23,Klartag improves the sphere-packing constant,JSE,2025-09-14,Jordan Ellenberg — Quomodocumque,D,blog,теория чисел,https://quomodocumque.wordpress.com/2025/09/14/klartag-improves-the-sphere-packing-constant/,"Hey! It escaped my notice until this week that Boaz Klartag has recently shown the existence of lattice sphere packings in dimension d of density at least c d^2 2^-d. This lower bound was stuck at d 2^-d for a long time,",3,3,"high-signif,legible,type:blog",,2026-07-10T04:39:49
75a224a64342c4f5,Bertrand Russell on rationality and math,JSE,2025-09-14,Jordan Ellenberg — Quomodocumque,D,blog,теория чисел,https://quomodocumque.wordpress.com/2025/09/14/bertrand-russell-on-rationality-and-math/,"“Aristotle, so far as I know, was the first man to proclaim explicitly that man is a rational animal. His reason for this view was one which does not now seem very impressive; it was, that some people can do sums.” Russe",2,3,"high-signif,type:blog",,2026-07-10T04:39:49
179d1806a049dcdc,Yu Darvish has beaten 29 out of the 30 MLB teams,JSE,2025-09-04,Jordan Ellenberg — Quomodocumque,D,blog,теория чисел,https://quomodocumque.wordpress.com/2025/09/04/yu-darvish-has-beaten-29-out-of-the-30-mlb-teams/,"But not the Orioles, against whom he is now 0-3. He got beat by Dylan Bundy in the 2016 game, then by Grayson Rodriguez (remember Grayson Rodriguez?) in 2023, and by Tyler Wells this week. That’s only the regular season,",2,2,type:blog,,2026-07-10T04:39:49
0bddd76a2801bc8b,The Yankees’ #2 prospect,JSE,2025-09-02,Jordan Ellenberg — Quomodocumque,D,blog,теория чисел,https://quomodocumque.wordpress.com/2025/09/02/the-yankees-2-prospect/,is a pitcher named Carlos Lagrange and if his major league nickname isn’t “The Multiplier” I will be sorely disappointed.,2,3,"high-signif,type:blog",,2026-07-10T04:39:49
cd237b46e2e30caf,I’m on the Kirchner podcast!,JSE,2025-08-13,Jordan Ellenberg — Quomodocumque,D,blog,теория чисел,https://quomodocumque.wordpress.com/2025/08/13/im-on-the-kirchner-podcast/,I knew this was going to be a fun one when the first question was about how I came to use lyrics from the Housemartins in How Not To Be Wrong. No one has ever asked me that before! I resisted the urge to do a whole hour ,3,3,"high-signif,legible,type:blog",,2026-07-10T04:39:49
8cc78438694e720a,Predicament,JSE,2025-08-05,Jordan Ellenberg — Quomodocumque,D,blog,теория чисел,https://quomodocumque.wordpress.com/2025/08/05/predicament/,"I just learned that the origin of this word is “that which is predicated,” which is to say, more or less, any condition that can be described or specified, whether good, bad, or neutral. Not much different in this respec",2,2,type:blog,,2026-07-10T04:39:49
af34b13153486b64,"John O’Hara, “Wise Guy”",JSE,2025-08-01,Jordan Ellenberg — Quomodocumque,D,blog,теория чисел,https://quomodocumque.wordpress.com/2025/08/01/john-ohara-wise-guy/,"The story opens: Most of the people in the damn place were hacking away at their disgusting lunch, but I was still drinking Martinis and sitting alone in this thing that I guess could be called a booth, although it wasn’",2,2,type:blog,,2026-07-10T04:39:49
0f04f2c91edfcaa6,One more observation about Tom Lehrer,JSE,2025-07-30,Jordan Ellenberg — Quomodocumque,D,blog,теория чисел,https://quomodocumque.wordpress.com/2025/07/30/one-more-observation-about-tom-lehrer/,"For every insult, it is possible to conceive of an ideal type who displays all the features the insult conveys, but in whom they are somehow virtues rather than deficits, and Tom Lehrer was that for “smart-ass.” Also, I ",3,2,"legible,type:blog",,2026-07-10T04:39:49
54f3ef34ab33dbae,RIPPP Tom Lehrer,JSE,2025-07-27,Jordan Ellenberg — Quomodocumque,D,blog,теория чисел,https://quomodocumque.wordpress.com/2025/07/27/rippp-tom-lehrer/,"“Rest, Imagining Poisoning Park Pigeons,” that is. On the occasion of Lehrer’s passing at 97 let us remember the most gloriously comic and enthusiastic celebration of mass death ever put to jaunty music.",2,2,type:blog,,2026-07-10T04:39:49
7124e887081aea4c,Doing less with less,JSE,2025-07-26,Jordan Ellenberg — Quomodocumque,D,blog,теория чисел,https://quomodocumque.wordpress.com/2025/07/26/doing-less-with-less/,I wrote an opinion piece in the Milwaukee Journal-Sentinel expressing my view that attacks on science funding and international students are bad. This will probably not be very controversial to readers of this blog. But ,2,2,type:blog,,2026-07-10T04:39:49
1dca564d3283ad74,When your liver is sluggish,JSE,2025-07-17,Jordan Ellenberg — Quomodocumque,D,blog,теория чисел,https://quomodocumque.wordpress.com/2025/07/17/when-your-liver-is-sluggish/,,2,2,type:blog,,2026-07-10T04:39:49
4377b9cd8d08034f,Knowledge concerning the applicability of automatic computing machines to problems in pure mathematics,JSE,2025-07-16,Jordan Ellenberg — Quomodocumque,D,blog,теория чисел,https://quomodocumque.wordpress.com/2025/07/16/knowledge-concerning-the-applicability-of-automatic-computing-machines-to-problems-in-pure-mathematics/,,2,2,type:blog,,2026-07-10T04:39:49
18eb257f5f0ae5b1,"Caden, Colin, Jaiden, Caden, Kailen, Dalton, Holden, Brayden, Brayan, Denton and Braeden",JSE,2025-07-14,Jordan Ellenberg — Quomodocumque,D,blog,теория чисел,https://quomodocumque.wordpress.com/2025/07/14/caden-colin-caden-kailen-dalton-holden-brayden-brayan-denton-and-braeden/,are the first names of eleven out of the first twenty players the Orioles drafted this year.,2,3,"high-signif,type:blog",,2026-07-10T04:39:49
b35315623b0b4844,A small thing,JSE,2025-07-05,Jordan Ellenberg — Quomodocumque,D,blog,теория чисел,https://quomodocumque.wordpress.com/2025/07/05/a-small-thing/,"Good advice I got from a colleague. If you have advisees who don’t have US citizenship, as many of us do, tell them directly that you are their advisor, no matter what, wherever they are located, and that no governmental",2,2,type:blog,,2026-07-10T04:39:49
9acbab0f2653a130,Notes on Wick Rotation and Chiral Field Theories,woit,2026-07-09,Peter Woit — Not Even Wrong,D,blog,математическая физика,https://www.math.columbia.edu/~woit/wordpress/?p=15768,A few months ago I decided to try and sort out the two dimensional spacetime case of the Wick rotation issues that have been bothering me for years now. It took me a while to understand what goes on in … Continue reading,2,2,type:blog,частичный охват: только RSS (нет годового API),2026-07-10T04:39:49
78086bf571b2fda8,Complexifying the Complex,woit,2026-06-11,Peter Woit — Not Even Wrong,D,blog,математическая физика,https://www.math.columbia.edu/~woit/wordpress/?p=15742,I’ve been working recently on trying to understand exactly how Wick rotation works in two-dimensional conformal field theory. There is an analog there of some of the issues with Wick rotation of spinors and twistors in f,4,2,"cross-field,legible,type:blog",частичный охват: только RSS (нет годового API),2026-07-10T04:39:49
5816c6b13a42b644,The First AI QFT Textbook,woit,2026-06-07,Peter Woit — Not Even Wrong,D,blog,математическая физика,https://www.math.columbia.edu/~woit/wordpress/?p=15735,"The first surprise of this afternoon was finally finding an informed and sensible discussion of the implications of AI agents for hep-th research, in the form of a twitter thread by stringking42069. The second was learni",2,3,"high-signif,type:blog",частичный охват: только RSS (нет годового API),2026-07-10T04:39:49
ae0eaa178c5c7d55,The Only Game in Town,woit,2026-06-05,Peter Woit — Not Even Wrong,D,blog,математическая физика,https://www.math.columbia.edu/~woit/wordpress/?p=15726,"Warning: if you follow this blog, you’ve heard this many times before, so can move on to something more interesting now. There’s a video conversation between Brian Greene and Lenny Susskind from last week here. At 44:02,",2,2,type:blog,частичный охват: только RSS (нет годового API),2026-07-10T04:39:49
60ffefb8d4fb571f,The Floer Jungle,woit,2026-06-05,Peter Woit — Not Even Wrong,D,blog,математическая физика,https://www.math.columbia.edu/~woit/wordpress/?p=15715,"There’s a remarkable new book out about the life and work of Andreas Floer, entitled The Floer Jungle, co-written by writer Siobhan Roberts (author of some great biographies of mathematicians) and mathematician Helmut Ho",3,2,"cross-field,type:blog",частичный охват: только RSS (нет годового API),2026-07-10T04:39:49
aacbf9e94a35267f,End of Civilization News,woit,2026-06-02,Peter Woit — Not Even Wrong,D,blog,математическая физика,https://www.math.columbia.edu/~woit/wordpress/?p=15705,The big AI/math news is the release today of the Leiden Declaration on Artificial Intelligence and Mathematics. It’s an excellent attempt to identify the new threats to the intellectual culture of the mathematics communi,2,2,type:blog,частичный охват: только RSS (нет годового API),2026-07-10T04:39:49
bb9f0499e0baf596,This Week’s Hype,woit,2026-05-15,Peter Woit — Not Even Wrong,D,blog,математическая физика,https://www.math.columbia.edu/~woit/wordpress/?p=15691,"The usual string theory hype machine in action: to celebrate a PRL publication, a university press office puts out a press release full of hype with a highly misleading title (“string theory is uniquely derived from basi",2,2,type:blog,частичный охват: только RSS (нет годового API),2026-07-10T04:39:49
571a75ac23d938c0,Some Notes on AI,woit,2026-05-01,Peter Woit — Not Even Wrong,D,blog,математическая физика,https://www.math.columbia.edu/~woit/wordpress/?p=15672,This posting is mainly intended to provide some links to material about AI in math and physics that I’ve found interesting. I confess that to a large degree I’m trying to avoid seriously learning about exactly what is go,3,2,"legible,type:blog",частичный охват: только RSS (нет годового API),2026-07-10T04:39:49
8ab4f0c913d901f4,Wick Rotating Spinors and Twistors,woit,2026-04-17,Peter Woit — Not Even Wrong,D,blog,математическая физика,https://www.math.columbia.edu/~woit/wordpress/?p=15663,A couple weeks ago I gave at talk in Marseille on the general topic of Wick Rotating Spinors and Twistors. I’ll make a few comments here on the content of the slides. The idea of the talk was to explain … Continue readin,3,2,"expository,legible,type:blog",частичный охват: только RSS (нет годового API),2026-07-10T04:39:49
4cfb421cb42ed39a,Langlands Program 2.0,woit,2026-03-29,Peter Woit — Not Even Wrong,D,blog,математическая физика,https://www.math.columbia.edu/~woit/wordpress/?p=15655,"Yesterday I was at Peter Scholze’s Seminaire Bourbaki talk, his write-up is available here. It was advertised as an exposition of the recent proof of the geometric Langlands conjecture, but Pierre Colmez accurately descr",4,3,"cross-field,high-signif,legible,type:blog",частичный охват: только RSS (нет годового API),2026-07-10T04:39:49
20ec53fff7e7fdff,Happy 250th!,Scott,2026-07-04,Scott Aaronson — Shtetl-Optimized,D,blog,computer science,https://scottaaronson.blog/?p=9909,"I’m at the New Jersey shore with family and friends, where we’ve spent this Fourth of July eating hot dogs, playing miniature golf, and wading into the ocean that my great-grandparents crossed to escape calamities they k",2,2,type:blog,частичный охват: только RSS (нет годового API),2026-07-10T04:39:49
b056af42475f3e35,An American privacy emergency: Guest post from Cynthia Dwork et al.,Scott,2026-07-02,Scott Aaronson — Shtetl-Optimized,D,blog,computer science,https://scottaaronson.blog/?p=9902,"Scott’s foreword: Cynthia Dwork is Gordon McKay Professor of Computer Science at Harvard, and a pioneer in the fields of differential privacy and algorithmic fairness. On my recent travels to the SigmaWest science camp a",2,2,type:blog,частичный охват: только RSS (нет годового API),2026-07-10T04:39:49
183a45aa6d99467b,Spreading the Gospel of Theoretical Computer Science to an Omega(1) Fraction of Humanity: My Trevisan Award Acceptance Speech at STOC,Scott,2026-06-29,Scott Aaronson — Shtetl-Optimized,D,blog,computer science,https://scottaaronson.blog/?p=9881,"Spreading the Gospel of Theoretical Computer Science to an Ω(1) Fraction of Humanity (Or, How We Can Do Like the Physicists)Scott Aaronson’s Trevisan Award Acceptance SpeechSalt Lake City, Utah, June 23, 2026 Thank you s",3,2,"legible,type:blog",частичный охват: только RSS (нет годового API),2026-07-10T04:39:49
6c278d23a50207f5,50 Years of Aumann’s Agreement Theorem,Scott,2026-06-28,Scott Aaronson — Shtetl-Optimized,D,blog,computer science,https://scottaaronson.blog/?p=9875,"One of the most popular posts in this blog’s history was Common Knowledge and Aumann’s Agreement Theorem, based on a lecture that I gave to high-school students 11 years ago. One of the impacts of that post, I’m proud to",2,2,type:blog,частичный охват: только RSS (нет годового API),2026-07-10T04:39:49
e68da38de7dd6327,My response to the White House executive order on QC,Scott,2026-06-23,Scott Aaronson — Shtetl-Optimized,D,blog,computer science,https://scottaaronson.blog/?p=9861,"I’ve been getting emails from journalists asking me to comment on the new White House executive order on quantum computing. Alas, I don’t have time for a long response or interviews since I’m at a beautiful science camp ",2,2,type:blog,частичный охват: только RSS (нет годового API),2026-07-10T04:39:49
3b59bea43e1c6a9b,Bipartite matching is in NC!,Scott,2026-06-22,Scott Aaronson — Shtetl-Optimized,D,blog,computer science,https://scottaaronson.blog/?p=9851,"Since I’m a good mood today—at a beautiful science camp with my kids, high in the mountains near Big Bear Lake in California—I thought I’d blog about something positive. Last week, five authors (Chatterjee, Ghosh, Gurjar",2,2,type:blog,частичный охват: только RSS (нет годового API),2026-07-10T04:39:49
caf061283883b449,Never trust a T-Rex,Scott,2026-06-20,Scott Aaronson — Shtetl-Optimized,D,blog,computer science,https://scottaaronson.blog/?p=9833,"In 2024, at the same time as I was being called a genocide apologist, Zionist baby killer, etc. etc., I was also being hounded by my right-wing, pro-Israel readers, who demanded of me: knowing what you know, understandin",2,2,type:blog,частичный охват: только RSS (нет годового API),2026-07-10T04:39:49
a212c161108478af,On hope,Scott,2026-06-02,Scott Aaronson — Shtetl-Optimized,D,blog,computer science,https://scottaaronson.blog/?p=9801,"The comments on my previous post, on recent AI breakthroughs in solving Erdös problems and beyond, must’ve set some sort of record for the number of separate reasons commenters offered me to despair about the future of h",3,2,"legible,type:blog",частичный охват: только RSS (нет годового API),2026-07-10T04:39:49
4abe4d6d41f1dcc0,Dispatches from the possibly last days of human relevance,Scott,2026-05-28,Scott Aaronson — Shtetl-Optimized,D,blog,computer science,https://scottaaronson.blog/?p=9782,"As most readers have presumably heard by now, Paul Erdös’s Unit Distance Problem from 1946—one of the central open problems from the field of discrete geometry—has been solved by an internal OpenAI model. Erdös had conje",3,2,"legible,type:blog",частичный охват: только RSS (нет годового API),2026-07-10T04:39:49
e5a7e26a83070276,No more NYT cooperation: my dog-rape red line,Scott,2026-05-13,Scott Aaronson — Shtetl-Optimized,D,blog,computer science,https://scottaaronson.blog/?p=9758,"Over the years, I’ve written two op-eds for The New York Times about quantum computing, at the NYT editors’ invitation: I’ve also visited the NYT office and helped NYT reporters with numerous stories about quantum comput",2,2,type:blog,частичный охват: только RSS (нет годового API),2026-07-10T04:39:49
a9fca41d5be8a135,Octonions and the Standard Model (Part 14),john (baez@math.ucr.edu),2026-06-13,n-Category Café,D,blog,алгебра,https://golem.ph.utexas.edu/category/2026/06/octonions_and_the_standard_mod_13.html,"A new characterization of the Standard Model gauge group as the group of symmetries of an octonionic qutrit that restrict to act as unitary operators on an ordinary qutrit and, within that, a qubit.",3,2,"cross-field,type:blog",,2026-07-10T04:39:49
47fc38b007020116,A New Blog,shulman (shulman@sandiego.edu),2026-06-02,n-Category Café,D,blog,алгебра,https://golem.ph.utexas.edu/category/2026/06/a_new_blog.html,"Readers may have noticed that I haven't been very active here for a while. That isn't because I haven't felt the ""blogging urge"", but because I felt that the things I want to blog about right now wouldn't be...",2,2,type:blog,,2026-07-10T04:39:49
920417f9640ec7c1,Quantum Mechanics of the Inverse Cube Force Law,john (baez@math.ucr.edu),2026-04-29,n-Category Café,D,blog,алгебра,https://golem.ph.utexas.edu/category/2026/04/the_quantum_mechanics_of_the_i.html,"In the last episode of my column in Notices of the American Mathematical Society, we looked at a particle moving in an attractive central force whose strength is proportional to the inverse cube of the distance from the ",2,2,type:blog,,2026-07-10T04:39:49
e72b45cf8649d73b,Geometry and the Exceptional Jordan Algebra,john (baez@math.ucr.edu),2026-03-28,n-Category Café,D,blog,алгебра,https://golem.ph.utexas.edu/category/2026/03/geometry_and_the_exceptional_j.html,Slides for a talk on features of the octonionic projective plane.,3,2,"cross-field,type:blog",,2026-07-10T04:39:49
22481e12ac0b92d2,The Agent That Doesn't Know Itself,john (baez@math.ucr.edu),2026-03-20,n-Category Café,D,blog,алгебра,https://golem.ph.utexas.edu/category/2026/03/the_agent_that_doesnt_know_its.html,"A large language model has very little self-awareness.  But it is easy to give it some rudimentary but useful forms of self-awareness using the ""plumbing"" language.",2,2,type:blog,,2026-07-10T04:39:49
663a197a8562792c,A Typed Language for Agent Coordination,john (baez@math.ucr.edu),2026-03-11,n-Category Café,D,blog,алгебра,https://golem.ph.utexas.edu/category/2026/03/a_typed_language_for_agent_coordination.html,"A category-theoretic approach to ""agent frameworks"": that is, frameworks for coordinating ""agents"" that are large language models.",2,2,type:blog,,2026-07-10T04:39:49
4c42b52d57610a0f,The Univalence Principle,shulman (shulman@sandiego.edu),2026-02-11,n-Category Café,D,blog,алгебра,https://golem.ph.utexas.edu/category/2026/02/the_univalence_principle.html,Making precise the idea that equivalent structures are indistinguishable.,2,2,type:blog,,2026-07-10T04:39:49
1918946cf43b5712,Categorifying Riemann's Functional Equation,john (baez@math.ucr.edu),2026-01-26,n-Category Café,D,blog,алгебра,https://golem.ph.utexas.edu/category/2026/01/categorifying_riemanns_functio.html,David Jaz Myers has some thoughts about Riemann's functional equation for the zeta function.,3,2,"cross-field,type:blog",,2026-07-10T04:39:49
078968940868e92d,Coxeter and Dynkin Diagrams,john (baez@math.ucr.edu),2026-01-06,n-Category Café,D,blog,алгебра,https://golem.ph.utexas.edu/category/2026/01/coxeter_and_dynkin_diagrams.html,Dynkin diagrams have always fascinated me. They are magically potent language --- you can do so much with them!...,2,2,type:blog,,2026-07-10T04:39:49
9b6909798d14ddbf,Octonions and the Standard Model (Part 13),john (baez@math.ucr.edu),2025-12-07,n-Category Café,D,blog,алгебра,https://golem.ph.utexas.edu/category/2025/12/octonions_and_the_standard_mod_11.html,"There are two ways to stick SU(2) × SU(3) in Spin(10).   One is good for physics; the other, alas, is easily obtained using the octonions.",2,2,type:blog,,2026-07-10T04:39:49
fc327336a3661983,log|x| + C revisited,shulman (shulman@sandiego.edu),2025-12-03,n-Category Café,D,blog,алгебра,https://golem.ph.utexas.edu/category/2025/12/logx_c_revisited.html,A complex-analytic perspective on the indefinite integral of 1/x.,2,2,type:blog,,2026-07-10T04:39:49
856e076a9c133e76,Octonions and the Standard Model (Part 12),john (baez@math.ucr.edu),2025-11-30,n-Category Café,D,blog,алгебра,https://golem.ph.utexas.edu/category/2025/11/the_bioctonionic_plane.html,An introduction to the bioctonionic plane and the mathematics needed to understand it.,3,2,"expository,legible,type:blog",,2026-07-10T04:39:49
94876c52306aa3db,Beyond the Geometry of Music,john (baez@math.ucr.edu),2025-11-22,n-Category Café,D,blog,алгебра,https://golem.ph.utexas.edu/category/2025/11/beyond_the_geometry_of_music.html,Tymoczko gave a good talk on the math of music theory.,2,2,type:blog,,2026-07-10T04:39:49
694b67c9178996e9,The Inverse Cube Force Law,john (baez@math.ucr.edu),2025-11-05,n-Category Café,D,blog,алгебра,https://golem.ph.utexas.edu/category/2025/11/the_inverse_cube_force_law.html,"Newton's Principia is famous for his investigations of the inverse square force law for gravity.  But he also studied the inverse cube law.  Why, and what is so good about this law?",3,2,"legible,type:blog",,2026-07-10T04:39:49
4222f7ceeb65dd84,Second Quantization and the Kepler Problem,john (baez@math.ucr.edu),2025-11-03,n-Category Café,D,blog,алгебра,https://golem.ph.utexas.edu/category/2025/11/second_quantization_and_the_ke.html,Exploiting the secret 4-dimensional symmetry of the Kepler problem to think about the periodic table of elements in a new way.,2,2,type:blog,,2026-07-10T04:39:49
c1564da2606720d0,How understanding risk empowers communities,David Schley,2026-04-28,plus.maths.org,C,popsci,,https://plus.maths.org/how-understanding-risk-empowers-communities,Weighing up risks is something we have to do every day and sometimes the stakes are high. Find out what to keep in mind when doing so!,5,2,"expository,legible,type:popsci",частичный охват: только RSS (нет годового API),2026-07-10T04:39:49
5bffc08a5152583e,Dark stars,Marianne Freiberger,2026-02-26,plus.maths.org,C,popsci,,https://plus.maths.org/dark-stars-new-theories-shed-light-black-holes,"Gravitational waves have provided a wealth of information about black holes. But could other objects be hiding in this data too? Researchers are exploring this idea, which may also help resolve the mystery of dark matter",5,2,"expository,legible,type:popsci",частичный охват: только RSS (нет годового API),2026-07-10T04:39:49
323015792e8be2fc,Happy Ada Lovelace Day 2025!,plus.maths.org,2025-10-10,plus.maths.org,C,popsci,,https://plus.maths.org/happy-ada-lovelace-day-2025,We celebrate by revisiting some of the articles and podcasts we produced with women mathematicians over the last year.,4,2,"expository,type:popsci",частичный охват: только RSS (нет годового API),2026-07-10T04:39:49
d7bb151bac928a93,Another Look at Circles and Squares,Ursula Whitcher,2026-07-01,AMS Feature Column,C,expository,,https://mathvoices.ams.org/featurecolumn/2026/07/01/another-look-at-circles-and-squares/,"This is not obviously a difficult problem. But in over two hundred years since Carl Friedrich Gauss first posed it, there has been remarkably little progress... Another Look at Circles and Squares Bill Casselman Universi",4,3,"expository,high-signif,type:expository",,2026-07-10T04:39:49
2cc6e00d41dccc96,"The Shapley Value, or How to Split a Bill in n! Easy Steps",Ursula Whitcher,2026-06-01,AMS Feature Column,C,expository,,https://mathvoices.ams.org/featurecolumn/2026/06/01/the-shapley-value-or-how-to-split-a-bill-in-n-easy-steps/,"My first encounter with the Shapley value came in the unlikely context of video game design... The Shapley Value, or How to Split a Bill in $n!$ Easy Steps Anil Venkatesh Adelphi University Introduction More often than n",5,3,"expository,high-signif,legible,type:expository",,2026-07-10T04:39:49
b777720b80fb66d6,The Story Your Ballot Doesn’t Tell,Ursula Whitcher,2026-05-01,AMS Feature Column,C,expository,,https://mathvoices.ams.org/featurecolumn/2026/05/01/the-story-your-ballot-doesnt-tell/,"Every ballot quietly asks a question, and depending on the voting method we use we choose to listen to or discard little bits of the answer... The Story Your Ballot Doesn’t Tell: The Mathematics of Single-Winner Election",4,2,"expository,type:expository",,2026-07-10T04:39:49
237b16dde334cf3e,Weekly Maintenance Message,Tim McMahon,2026-04-03,AMS Feature Column,C,expository,,https://mathvoices.ams.org/featurecolumn/2026/04/03/weekly-maintenance-message/,"Weekly Scheduled Maintenance Notice This blog is temporarily unavailable as we perform our regularly scheduled weekly maintenance. These updates are part of our ongoing effort to ensure the platform remains stable, secur",4,2,"expository,type:expository",,2026-07-10T04:39:49
e5d161067a05b214,Puzzling Like the Seventeenth Century,Ursula Whitcher,2026-04-01,AMS Feature Column,C,expository,,https://mathvoices.ams.org/featurecolumn/2026/04/01/puzzling/,"Though the chart starts out in alphabetical order, there's a break in the pattern that offers a clue... Puzzling Like the Seventeenth Century Ursula Whitcher Mathematical Reviews (AMS) The following chart is taken from t",4,2,"expository,type:expository",,2026-07-10T04:39:49
5e30692d42368282,How to Untwist Your Fractions,Ursula Whitcher,2026-03-01,AMS Feature Column,C,expository,,https://mathvoices.ams.org/featurecolumn/2026/03/01/how-to-untwist-your-fractions/,"You could pick up the torus and rotate it horizontally, as though you are taking the lid off of a jar of peanut butter... How to Untwist Your Fractions Diana Davis Phillips Exeter Academy A string around a bagel Here's t",5,2,"expository,legible,type:expository",,2026-07-10T04:39:49
c15543ea32f2135a,Does Mathematics Progress?,Ursula Whitcher,2026-02-01,AMS Feature Column,C,expository,,https://mathvoices.ams.org/featurecolumn/2026/02/01/does-mathematics-progress/,"Every time some mathematical question is answered, it generates new mathematical issues to think about.... Does Mathematics Progress? Joe Malkevitch York College (CUNY) Introduction With the beginning of a New Year—2026 ",5,2,"expository,legible,type:expository",,2026-07-10T04:39:49
1a8945b2dd37ed2d,"Information, Insight, and the Problem With Parameters",Ursula Whitcher,2026-01-01,AMS Feature Column,C,expository,,https://mathvoices.ams.org/featurecolumn/2026/01/01/information-insight-and-the-problem-with-parameters/,"Could we possibly gain more insight by trading away even more information? Information, Insight, and the Problem With Parameters Anil Venkatesh Adelphi University Introduction I have two data sets for us to consider. Bot",5,2,"expository,legible,type:expository",,2026-07-10T04:39:49
51d3d28273dc5e64,Everything I Need to Know About Polygons I Learned from My Pre-Kindergartner,Courtney Gibbons,2025-12-01,AMS Feature Column,C,expository,геометрия,https://mathvoices.ams.org/featurecolumn/2025/12/01/everything-i-need-to-know-about-polygons-i-learned-from-my-pre-kindergartner/,"This fall I woke up to a surprise comprehensive exam, with my toddler as the examiner, starting with the demand for a nonconvex regular [simple] polygon. It was 4:30 am. I had not yet had coffee. Everything I Need to Kno",4,2,"expository,type:expository",,2026-07-10T04:39:49
d7e70b02342f346b,Achieving Fairness,Ursula Whitcher,2025-11-01,AMS Feature Column,C,expository,,https://mathvoices.ams.org/featurecolumn/2025/11/01/achieving-fairness/,What may surprise you is the extent to which mathematicians (and computer scientists) have systematically studied issues involving fairness... Achieving Fairness Joe Malkevitch York College (CUNY) Introduction The experi,5,2,"expository,legible,type:expository",,2026-07-10T04:39:49
63d8f7b719fc2ac8,Researchers Reveal the Power of ‘Quantum Proofs’,Quanta Magazine,2026-07-06,Quanta Magazine,C,popsci,computer science,https://www.quantamagazine.org/researchers-reveal-the-power-of-quantum-proofs-20260706/,"When checking that solutions to certain problems are correct, it turns out, you can’t get around the inherent complexity of the quantum world.",4,2,"expository,is_quanta,type:popsci",,2026-07-10T04:39:49
fc32d3dc913929f7,"For the First Time, a Cell Built From Scratch Grows and Divides",Quanta Magazine,2026-07-01,Quanta Magazine,C,popsci,,https://www.quantamagazine.org/for-the-first-time-a-cell-built-from-scratch-grows-and-divides-20260701/,"Scientists built a synthetic cell that combines more lifelike properties than ever before — proof of concept that it’s possible to bring nonliving materials to life, or something close to it, in the lab.",5,3,"expository,high-signif,is_quanta,legible,type:popsci",,2026-07-10T04:39:49
e2dbb6bf6aba9a00,"After 80 Years, Mathematicians Give Famed ‘Erdős Method’ an Upgrade",Quanta Magazine,2026-06-26,Quanta Magazine,C,popsci,вероятность,https://www.quantamagazine.org/after-80-years-mathematicians-give-famed-erdos-method-an-upgrade-20260626/,"Decades ago, Paul Erdős used randomness to illuminate the vast and weird world of networks. Now mathematicians are making his technique even more powerful.",4,2,"expository,is_quanta,type:popsci",,2026-07-10T04:39:49
2eb2a7faeb83631e,What Is the Positive Grassmannian and Why Does It Show Up Everywhere?,Quanta Magazine,2026-06-25,Quanta Magazine,C,popsci,алгебраическая геометрия,https://www.quantamagazine.org/what-is-the-positive-grassmannian-and-why-does-it-show-up-everywhere-20260625/,Lauren Williams tells ‘The Joy of Why’ how studying a fundamental object in algebraic combinatorics led to a career full of surprises.,5,2,"expository,is_quanta,legible,type:popsci",,2026-07-10T04:39:49
f15c708522bafdd7,A Dark Dimension Could Link Two of the Universe’s Great Unknowns,Quanta Magazine,2026-06-22,Quanta Magazine,C,popsci,,https://www.quantamagazine.org/a-dark-dimension-could-link-two-of-the-universes-great-unknowns-20260622/,"Recent observations suggest that dark energy is changing over time. Theorists wonder if dark matter is, too.",4,2,"expository,is_quanta,type:popsci",,2026-07-10T04:39:49
e7539fffe7dfd2b3,Seven Perfect Shuffles Randomize a Deck of Cards. But How Many Sloppy Ones?,Quanta Magazine,2026-06-17,Quanta Magazine,C,popsci,вероятность,https://www.quantamagazine.org/seven-perfect-shuffles-randomize-a-deck-of-cards-but-how-many-sloppy-ones-20260617/,A decades-old proof showed that seven shuffles are enough to mix up a deck of cards. But it requires you to cut the deck with the precision of a professional magician. A new proof gets around that obstacle.,5,3,"expository,high-signif,is_quanta,legible,type:popsci",,2026-07-10T04:39:49
7f7c2d8b00a9412b,How Terry Tao Became an Evangelist for AI in Math,Quanta Magazine,2026-06-08,Quanta Magazine,C,popsci,теория представлений,https://www.quantamagazine.org/how-terry-tao-became-an-evangelist-for-ai-in-math-20260608/,"With automated proof-checkers, a problem can be broken up into small chunks, solved bit-by-bit, then reassembled with confidence that every piece is correct. For some, this heralds a new area in mathematical research.",5,2,"expository,is_quanta,legible,type:popsci",,2026-07-10T04:39:49
e9bee74e86190bfb,"More Conversations, Complex Questions, and Bold Ideas in Season Five of ‘The Joy of Why’",Quanta Magazine,2026-06-04,Quanta Magazine,C,popsci,,https://www.quantamagazine.org/more-conversations-complex-questions-and-bold-ideas-in-season-five-of-the-joy-of-why-20260604/,The podcast returns with 12 all-new episodes that explore the biggest questions in basic science and mathematics.,5,2,"expository,is_quanta,legible,type:popsci",,2026-07-10T04:39:49
7d4f3e5a4b1dd53c,Entanglement Builds Space-Time. Now “Magic” Gives It Gravity.,Quanta Magazine,2026-06-03,Quanta Magazine,C,popsci,,https://www.quantamagazine.org/entanglement-builds-space-time-now-magic-gives-it-gravity-20260603/,"In holographic theories, physicists may have traced the pliability of space-time to its quantum roots: a measure of quantumness known as “magic.”",4,2,"expository,is_quanta,type:popsci",,2026-07-10T04:39:49
8ad886836b663bef,Two Researchers Are Rebuilding Mathematics From the Ground Up,Quanta Magazine,2026-05-20,Quanta Magazine,C,popsci,топология,https://www.quantamagazine.org/two-researchers-are-rebuilding-mathematics-from-the-ground-up-20260520/,"By replacing the most fundamental concept in topology, Peter Scholze and Dustin Clausen are taking the first step in a far bigger program to understand why numbers behave the way they do.",5,3,"expository,high-signif,is_quanta,legible,type:popsci",,2026-07-10T04:39:49
8f85ebf6ab4b39e1,How Alexander Grothendieck Revolutionized 20th-Century Mathematics,Quanta Magazine,2026-05-20,Quanta Magazine,C,popsci,,https://www.quantamagazine.org/how-alexander-grothendieck-revolutionized-20th-century-mathematics-20260520/,"Grothendieck is revered in the world of math; outside of it, he’s known for his unusual life, if he’s known at all. But what were his actual mathematical contributions?",5,2,"expository,is_quanta,legible,type:popsci",,2026-07-10T04:39:49
3960c260bc75ab3f,What Do Gödel’s Incompleteness Theorems Truly Mean?,Quanta Magazine,2026-05-18,Quanta Magazine,C,popsci,,https://www.quantamagazine.org/what-do-godels-incompleteness-theorems-truly-mean-20260518/,"At 25, Kurt Gödel proved there can never be a mathematical “theory of everything.” Columnist Natalie Wolchover explores the implications.",4,2,"expository,is_quanta,type:popsci",,2026-07-10T04:39:49
40ad7455eb81b09c,How Unknowable Math Can Help Hide Secrets,Quanta Magazine,2026-05-11,Quanta Magazine,C,popsci,теория чисел/криптография,https://www.quantamagazine.org/how-unknowable-math-can-help-hide-secrets-20260511/,A graduate student recently harnessed the complexity of mathematical proofs to create a powerful new tool in cryptography.,5,2,"cross-field,expository,is_quanta,legible,type:popsci",,2026-07-10T04:39:49
2636f9474e4bb8e6,The Hidden Mathematical Dance Inside Plant Cells,Quanta Magazine,2026-05-04,Quanta Magazine,C,popsci,геометрия,https://www.quantamagazine.org/the-hidden-mathematical-dance-inside-plant-cells-20260504/,The sunlight-collecting organelles known as chloroplasts solve a packing problem: how to optimize photosynthesis without sustaining damage from dangerously intense rays.,5,2,"expository,is_quanta,legible,type:popsci",,2026-07-10T04:39:49
f9958f47ca9abba5,What Can We Gain by Losing Infinity?,Quanta Magazine,2026-04-29,Quanta Magazine,C,popsci,,https://www.quantamagazine.org/what-can-we-gain-by-losing-infinity-20260429/,"Ultrafinitism, a philosophy that rejects the infinite, has long been dismissed as mathematical heresy. But it is also producing new insights in math and beyond.",4,2,"expository,is_quanta,type:popsci",,2026-07-10T04:39:49
b416595c430f80ad,Why Math’s Final Axiom Proved So Controversial,Quanta Magazine,2026-04-29,Quanta Magazine,C,popsci,логика,https://www.quantamagazine.org/why-maths-final-axiom-proved-so-controversial-20260429/,Zermelo-Fraenkel set theory is so widely accepted that modern mathematicians hardly think about it. But believing in its core principles didn’t come easily.,5,2,"expository,is_quanta,legible,type:popsci",,2026-07-10T04:39:49
9accd1df7aea34f0,A Powerful New ‘QR Code’ Untangles Math’s Knottiest Knots,Quanta Magazine,2026-04-22,Quanta Magazine,C,popsci,топология,https://www.quantamagazine.org/a-powerful-new-qr-code-untangles-maths-knottiest-knots-20260422/,"With a newly discovered mathematical tool, researchers are hoping to gain unprecedented insight into the structure of complex knots.",4,2,"expository,is_quanta,type:popsci",,2026-07-10T04:39:49
bdd6f9f62d232c1d,Quantum ‘Jamming’ Explores the Truly Fundamental Principles of Nature,Quanta Magazine,2026-04-17,Quanta Magazine,C,popsci,теория чисел/криптография,https://www.quantamagazine.org/quantum-jamming-explores-the-truly-fundamental-principles-of-nature-20260417/,Some quantum cryptographers want to find ways to keep messages secret even if the rules of quantum mechanics don’t hold. The recently rediscovered idea of quantum jamming complicates things.,5,2,"cross-field,expository,is_quanta,type:popsci",,2026-07-10T04:39:49
56642008e966ef97,The AI Revolution in Math Has Arrived,Quanta Magazine,2026-04-13,Quanta Magazine,C,popsci,,https://www.quantamagazine.org/the-ai-revolution-in-math-has-arrived-20260413/,AI is being used to prove new results at a rapid pace. Mathematicians think this is just the beginning.,4,2,"announcement,expository,is_quanta,type:popsci",,2026-07-10T04:39:49
ec5c20df4739c11e,"In Math, Rigor Is Vital. But Are Digitized Proofs Taking It Too Far?",Quanta Magazine,2026-03-25,Quanta Magazine,C,popsci,логика,https://www.quantamagazine.org/in-math-rigor-is-vital-but-are-digitized-proofs-taking-it-too-far-20260325/,The quest to make mathematics rigorous has a long and spotty history — one mathematicians can learn from as they push to formalize everything in the computer program Lean.,4,2,"expository,is_quanta,type:popsci",,2026-07-10T04:39:49
c993b5dba2a010f4,How Writing Changes Mathematical Thought,Quanta Magazine,2026-03-25,Quanta Magazine,C,popsci,,https://www.quantamagazine.org/how-writing-changes-mathematical-thought-20260325/,"David E. Dunning explores how mathematical notation is a social, world-building technology.",5,2,"expository,is_quanta,legible,type:popsci",,2026-07-10T04:39:49
a4e2da01d8d34bf6,Are Strings Still Our Best Hope for a Theory of Everything?,Quanta Magazine,2026-03-23,Quanta Magazine,C,popsci,математическая физика,https://www.quantamagazine.org/are-strings-still-our-best-hope-for-a-theory-of-everything-20260323/,Columnist Natalie Wolchover examines the latest developments in the “forever war” over whether string theory can describe the world.,4,2,"expository,is_quanta,type:popsci",,2026-07-10T04:39:49
380732a87915403f,Quantum Cryptography Pioneers Win Turing Award,Quanta Magazine,2026-03-18,Quanta Magazine,C,popsci,теория чисел/криптография,https://www.quantamagazine.org/quantum-cryptography-pioneers-win-turing-award-20260318/,Charles Bennett and Gilles Brassard were recognized for their foundational work in quantum information science.,4,2,"expository,is_quanta,type:popsci",,2026-07-10T04:39:49
0ddc6e0500be38ca,The Math That Explains Why Bell Curves Are Everywhere,Quanta Magazine,2026-03-16,Quanta Magazine,C,popsci,,https://www.quantamagazine.org/the-math-that-explains-why-bell-curves-are-everywhere-20260316/,The central limit theorem started as a bar trick for 18th-century gamblers. Now scientists rely on it every day.,5,2,"expository,is_quanta,legible,type:popsci",,2026-07-10T04:39:49
12b146bfd62f1ee2,New Strides Made on Deceptively Simple ‘Lonely Runner’ Problem,Quanta Magazine,2026-03-06,Quanta Magazine,C,popsci,,https://www.quantamagazine.org/new-strides-made-on-deceptively-simple-lonely-runner-problem-20260306/,A straightforward conjecture about runners moving around a track turns out to be equivalent to many complex mathematical questions. Three new proofs mark the first significant progress on the problem in decades.,4,3,"expository,high-signif,is_quanta,type:popsci",,2026-07-10T04:39:49
7b235ab8cc157b10,Can the Most Abstract Math Make the World a Better Place?,Quanta Magazine,2026-03-04,Quanta Magazine,C,popsci,алгебра,https://www.quantamagazine.org/can-the-most-abstract-math-make-the-world-a-better-place-20260304/,Columnist Natalie Wolchover explores whether applied category theory can be “green” math.,4,2,"expository,is_quanta,type:popsci",,2026-07-10T04:39:49
8fd0c37e61661600,The Man Who Stole Infinity,Quanta Magazine,2026-02-25,Quanta Magazine,C,popsci,,https://www.quantamagazine.org/the-man-who-stole-infinity-20260225/,"In an 1874 paper, Georg Cantor proved that there are different sizes of infinity and changed math forever. A trove of newly unearthed letters shows that it was also an act of plagiarism.",5,2,"expository,is_quanta,legible,type:popsci",,2026-07-10T04:39:49
5c973bac8938c5b9,The Evolving Foundations of Math,Quanta Magazine,2026-02-25,Quanta Magazine,C,popsci,логика,https://www.quantamagazine.org/the-evolving-foundations-of-math-20260225/,An exploration of how mathematicians are still renovating and rebuilding the core pillars of their field today.,5,2,"expository,is_quanta,legible,type:popsci",,2026-07-10T04:39:49
34a8cfd51169772f,How Can Infinity Come in Many Sizes?,Quanta Magazine,2026-02-23,Quanta Magazine,C,popsci,,https://www.quantamagazine.org/how-can-infinity-come-in-many-sizes-20260223/,Intuition breaks down once we’re dealing with the endless. To begin with: Some infinities are bigger than others.,5,2,"expository,is_quanta,legible,type:popsci",,2026-07-10T04:39:49
cadf91bf1c841e51,A New Complexity Theory for the Quantum Age,Quanta Magazine,2026-02-17,Quanta Magazine,C,popsci,computer science,https://www.quantamagazine.org/a-new-complexity-theory-for-the-quantum-age-20260217/,Henry Yuen is developing a new mathematical language to describe problems whose inputs and outputs aren’t ordinary numbers.,4,2,"expository,is_quanta,type:popsci",,2026-07-10T04:39:49
cdea3497b388c24b,Physicists Make Electrons Flow Like Water,Quanta Magazine,2026-02-11,Quanta Magazine,C,popsci,уравнения в частных производных,https://www.quantamagazine.org/physicists-make-electrons-flow-like-water-20260211/,"We describe electricity as a flow, but that’s not what happens in a typical wire. Physicists have begun to induce electrons to act like fluids, an effort that could illuminate new ways of thinking about quantum systems.",4,2,"expository,is_quanta,type:popsci",,2026-07-10T04:39:49
ef1573277f09f005,"Fed on Reams of Cell Data, AI Maps New Neighborhoods in the Brain",Quanta Magazine,2026-02-09,Quanta Magazine,C,popsci,computer science,https://www.quantamagazine.org/fed-on-reams-of-cell-data-ai-maps-new-neighborhoods-in-the-brain-20260209/,Machine learning is helping neuroscientists organize vast quantities of cells’ genetic data in the latest neurobiological cartography effort.,4,2,"expository,is_quanta,type:popsci",,2026-07-10T04:39:49
88485be417bcb340,Long-Sought Proof Tames Some of Math’s Unruliest Equations,Quanta Magazine,2026-02-06,Quanta Magazine,C,popsci,,https://www.quantamagazine.org/long-sought-proof-tames-some-of-maths-unruliest-equations-20260206/,Mathematicians finally understand the behavior of an important class of differential equations that describe everything from water pressure to oxygen levels in human tissues.,4,2,"expository,is_quanta,type:popsci",,2026-07-10T04:39:49
35da9e63f015fbca,Networks Hold the Key to a Decades-Old Problem About Waves,Quanta Magazine,2026-01-28,Quanta Magazine,C,popsci,анализ,https://www.quantamagazine.org/networks-hold-the-key-to-a-decades-old-problem-about-waves-20260128/,"Mathematicians are still trying to understand fundamental properties of the Fourier transform, one of their most ubiquitous and powerful tools. A new result marks an exciting advance toward that goal.",4,2,"announcement,expository,is_quanta,type:popsci",,2026-07-10T04:39:49
8484009e169b2e96,Two Twisty Shapes Resolve a Centuries-Old Topology Puzzle,Quanta Magazine,2026-01-20,Quanta Magazine,C,popsci,топология,https://www.quantamagazine.org/two-twisty-shapes-resolve-a-centuries-old-topology-puzzle-20260120/,The Bonnet problem asks when just a bit of information is enough to uniquely identify a whole surface.,5,2,"expository,is_quanta,legible,type:popsci",,2026-07-10T04:39:49
1adc7a11d82f1d15,Why There’s No Single Best Way To Store Information,Quanta Magazine,2026-01-16,Quanta Magazine,C,popsci,computer science,https://www.quantamagazine.org/why-theres-no-single-best-way-to-store-information-20260116/,The math of data structures helps us understand how different storage systems come with different trade-offs between resources such as time and memory.,5,2,"expository,is_quanta,legible,type:popsci",,2026-07-10T04:39:49
05ca9930c09c520f,String Theory Can Now Describe a Universe That Has Dark Energy,Quanta Magazine,2026-01-14,Quanta Magazine,C,popsci,математическая физика,https://www.quantamagazine.org/string-theory-can-now-describe-a-universe-that-has-dark-energy-20260114/,"In an unprecedented step, researchers crafted a detailed model compatible with the universe’s accelerated expansion.",4,2,"expository,is_quanta,type:popsci",,2026-07-10T04:39:49
9bad5d7b0fd56337,"Using AI, Mathematicians Find Hidden Glitches in Fluid Equations",Quanta Magazine,2026-01-09,Quanta Magazine,C,popsci,уравнения в частных производных,https://www.quantamagazine.org/using-ai-mathematicians-find-hidden-glitches-in-fluid-equations-20260109/,"A $1 million prize awaits anyone who can show where the math of fluid flow breaks down. With specially trained AI systems, researchers have found a slew of new candidates in simpler versions of the problem.",5,2,"expository,is_quanta,legible,type:popsci",,2026-07-10T04:39:49
7453d808d0b9bd5f,The Year in Mathematics,Quanta Magazine,2025-12-18,Quanta Magazine,C,popsci,,https://www.quantamagazine.org/the-year-in-mathematics-20251218/,"Explore a shape that can’t pass through itself, a teenage prodigy, and two new kinds of infinity.",4,2,"expository,is_quanta,type:popsci",,2026-07-10T04:39:49
d1b13c9bd47ace3c,The Year in Computer Science,Quanta Magazine,2025-12-16,Quanta Magazine,C,popsci,computer science,https://www.quantamagazine.org/the-year-in-computer-science-20251216/,"Explore the year’s most surprising computational revelations, including a new fundamental relationship between time and space, an undergraduate who overthrew a 40-year-old conjecture, and the unexpectedly effortless trig",4,3,"expository,high-signif,is_quanta,type:popsci",,2026-07-10T04:39:49
0ecff8f24694569e,"String Theory Inspires a Brilliant, Baffling New Math Proof",Quanta Magazine,2025-12-12,Quanta Magazine,C,popsci,алгебраическая геометрия,https://www.quantamagazine.org/string-theory-inspires-a-brilliant-baffling-new-math-proof-20251212/,"Years ago, an audacious Fields medalist outlined a sweeping program that, he claimed, could be used to resolve a major problem in algebraic geometry. Other mathematicians had their doubts. Now he says he has a proof.",5,3,"cross-field,expository,high-signif,is_quanta,type:popsci",,2026-07-10T04:39:49
89d6a205616d992b,Cryptographers Show That AI Protections Will Always Have Holes,Quanta Magazine,2025-12-10,Quanta Magazine,C,popsci,теория чисел/криптография,https://www.quantamagazine.org/cryptographers-show-that-ai-protections-will-always-have-holes-20251210/,Large language models such as ChatGPT come with filters to keep certain info from getting out. A new mathematical argument shows that systems like this can never be completely safe.,5,2,"cross-field,expository,is_quanta,legible,type:popsci",,2026-07-10T04:39:49
49ec2827f2dcea91,What Are Lie Groups?,Quanta Magazine,2025-12-03,Quanta Magazine,C,popsci,теория представлений,https://www.quantamagazine.org/what-are-lie-groups-20251203/,"By combining the language of groups with that of geometry and linear algebra, Marius Sophus Lie created one of math’s most powerful tools.",5,2,"cross-field,expository,is_quanta,type:popsci",,2026-07-10T04:39:49
fada4400e324db62,‘Reverse Mathematics’ Illuminates Why Hard Problems Are Hard,Quanta Magazine,2025-12-01,Quanta Magazine,C,popsci,логика,https://www.quantamagazine.org/reverse-mathematics-illuminates-why-hard-problems-are-hard-20251201/,Researchers have used metamathematical techniques to show that certain theorems that look superficially distinct are in fact logically equivalent.,5,2,"expository,is_quanta,legible,type:popsci",,2026-07-10T04:39:49
8a02bed5e16a73e8,A New Bridge Links the Strange Math of Infinity to Computer Science,Quanta Magazine,2025-11-21,Quanta Magazine,C,popsci,computer science,https://www.quantamagazine.org/a-new-bridge-links-the-strange-math-of-infinity-to-computer-science-20251121/,"Descriptive set theorists study the niche mathematics of infinity. Now, they’ve shown that their problems can be rewritten in the concrete language of algorithms.",5,2,"expository,is_quanta,legible,type:popsci",,2026-07-10T04:39:49
0cac70b8fdef8825,New Proofs Probe Soap-Film Singularities,Quanta Magazine,2025-11-12,Quanta Magazine,C,popsci,,https://www.quantamagazine.org/new-proofs-probe-soap-film-singularities-20251112/,"Mathematicians have broken through a long-standing barrier in the study of “minimizing surfaces,” which play an important role in both math and physics.",5,3,"expository,high-signif,is_quanta,legible,type:popsci",,2026-07-10T04:39:49
6287afbe9662b140,"To Have Machines Make Math Proofs, Turn Them Into a Puzzle",Quanta Magazine,2025-11-10,Quanta Magazine,C,popsci,,https://www.quantamagazine.org/to-have-machines-make-math-proofs-turn-them-into-a-puzzle-20251110/,"Marijn Heule turns mathematical statements into something like Sudoku puzzles, then has computers go to work on them. His proofs have been called “disgusting,” but they go beyond what any human can do.",5,2,"expository,is_quanta,legible,type:popsci",,2026-07-10T04:39:49
d9b3780fffbd9729,Physicists Take the Imaginary Numbers Out of Quantum Mechanics,Quanta Magazine,2025-11-07,Quanta Magazine,C,popsci,математическая физика,https://www.quantamagazine.org/physicists-take-the-imaginary-numbers-out-of-quantum-mechanics-20251107/,"Quantum mechanics has at last been formulated exclusively with real numbers, bringing a mathematical puzzle at the heart of the theory into a new era of inquiry.",5,2,"expository,is_quanta,legible,type:popsci",,2026-07-10T04:39:49
c9eb657f2cf81501,What Is a Manifold?,Quanta Magazine,2025-11-03,Quanta Magazine,C,popsci,теория чисел,https://www.quantamagazine.org/what-is-a-manifold-20251103/,"In the mid-19th century, Bernhard Riemann conceived of a new way to think about mathematical spaces, providing the foundation for modern geometry and physics.",5,2,"cross-field,expository,is_quanta,legible,type:popsci",,2026-07-10T04:39:49
405598b3ab2e766a,Shark Data Suggests Animals Scale Like Geometric Objects,Quanta Magazine,2025-10-27,Quanta Magazine,C,popsci,геометрия,https://www.quantamagazine.org/shark-data-suggests-animals-scale-like-geometric-objects-20251027/,"Despite their wide variety of sizes, niches and shapes, sharks scale geometrically, pointing to possible fundamental constraints on evolution.",4,2,"expository,is_quanta,type:popsci",,2026-07-10T04:39:49
0f94493d531d58f3,First Shape Found That Can’t Pass Through Itself,Quanta Magazine,2025-10-24,Quanta Magazine,C,popsci,геометрия,https://www.quantamagazine.org/first-shape-found-that-cant-pass-through-itself-20251024/,"After more than three centuries, a geometry problem that originated with a royal bet has been solved.",5,3,"expository,high-signif,is_quanta,legible,type:popsci",,2026-07-10T04:39:49
a307cc88c5f9a1b1,The Hidden Math of Ocean Waves Crashes Into View,Quanta Magazine,2025-10-15,Quanta Magazine,C,popsci,,https://www.quantamagazine.org/the-hidden-math-of-ocean-waves-crashes-into-view-20251015/,The math of even the simplest ocean waves is notoriously uncooperative. A team of Italian mathematicians has made major advances toward understanding it.,4,3,"expository,high-signif,is_quanta,type:popsci",,2026-07-10T04:39:49
8ddad7ebfb716f29,Origami Patterns Solve a Major Physics Riddle,Quanta Magazine,2025-10-06,Quanta Magazine,C,popsci,геометрия,https://www.quantamagazine.org/origami-patterns-solve-a-major-physics-riddle-20251006/,"The amplituhedron, a shape at the heart of particle physics, appears to be deeply connected to the mathematics of paper folding.",4,3,"expository,high-signif,is_quanta,type:popsci",,2026-07-10T04:39:49
5a3e2840250cf064,New Math Revives Geometry’s Oldest Problems,Quanta Magazine,2025-09-26,Quanta Magazine,C,popsci,геометрия,https://www.quantamagazine.org/new-math-revives-geometrys-oldest-problems-20250926/,"Using a relatively young theory, a team of mathematicians has started to answer questions whose roots lie at the very beginning of mathematics.",4,2,"expository,is_quanta,type:popsci",,2026-07-10T04:39:49
8ecafbb3cb3a7255,A Simple Way To Measure Knots Has Come Unraveled,Quanta Magazine,2025-09-22,Quanta Magazine,C,popsci,топология,https://www.quantamagazine.org/a-simple-way-to-measure-knots-has-come-unraveled-20250922/,Two mathematicians have proved that a straightforward question — how hard is it to untie a knot? — has a complicated answer.,5,2,"expository,is_quanta,legible,type:popsci",,2026-07-10T04:39:49
73e7516f1bba4a39,How We Came To Know Earth,Quanta Magazine,2025-09-15,Quanta Magazine,C,popsci,,https://www.quantamagazine.org/how-we-came-to-know-earth-20250915/,"Climate science is the most significant scientific collaboration in history. This series from Quanta Magazine guides you through basic climate science — from quantum effects to ancient hothouses, from the math of tipping",5,2,"expository,is_quanta,legible,type:popsci",,2026-07-10T04:39:49
741cd16ab58236b4,The Ends of the Earth,Quanta Magazine,2025-09-15,Quanta Magazine,C,popsci,,https://www.quantamagazine.org/photos-capture-the-extreme-beautiful-work-of-climate-science-20250915/,"Building an accurate model of Earth’s climate requires a lot of data. Photography reveals the extreme efforts scientists have undertaken to measure gases, glaciers, clouds and more.",4,2,"expository,is_quanta,type:popsci",,2026-07-10T04:39:49
369ba7f1afe24936,The Quantum Mechanics of Greenhouse Gases,Quanta Magazine,2025-09-15,Quanta Magazine,C,popsci,математическая физика,https://www.quantamagazine.org/the-quantum-mechanics-of-greenhouse-gases-20250915/,"Earth’s radiation can send some molecules spinning or vibrating, which is what makes them greenhouse gases. This infographic explains how relatively few heat-trapping molecules can have a planetary effect.",5,2,"expository,is_quanta,legible,type:popsci",,2026-07-10T04:39:49
74824c0dcf6a4b92,A Biography of Earth Across the Age of Animals,Quanta Magazine,2025-09-15,Quanta Magazine,C,popsci,история/философия математики,https://www.quantamagazine.org/climate-extremes-are-a-hallmark-of-the-age-of-animals-20250915/,"New reconstructions of 540 million years of climate history show the planet tumbling between icehouse and hothouse states, revealing how rare and vulnerable our temperate moment is.",5,2,"expository,is_quanta,legible,type:popsci",,2026-07-10T04:39:49
6dd607b4bf126e75,The Math of Catastrophe,Quanta Magazine,2025-09-15,Quanta Magazine,C,popsci,,https://www.quantamagazine.org/the-math-of-climate-change-tipping-points-20250915/,Tipping points in our climate predictions are both wildly dramatic and wildly uncertain. Can mathematicians make them useful?,4,2,"expository,is_quanta,type:popsci",,2026-07-10T04:39:49
b94db7f2667a5128,Analog vs. Digital: The Race Is On To Simulate Our Quantum Universe,Quanta Magazine,2025-09-05,Quanta Magazine,C,popsci,математическая физика,https://www.quantamagazine.org/analog-vs-digital-the-race-is-on-to-simulate-our-quantum-universe-20250905/,Recent progress on both analog and digital simulations of quantum fields foreshadows a future in which quantum computers could illuminate phenomena that are far too complex for even the most powerful supercomputers.,5,2,"cross-field,expository,is_quanta,type:popsci",,2026-07-10T04:39:49
3cb39637c2128b7d,What Is the Fourier Transform?,Quanta Magazine,2025-09-03,Quanta Magazine,C,popsci,анализ,https://www.quantamagazine.org/what-is-the-fourier-transform-20250903/,"Amid the chaos of revolutionary France, one man’s mathematical obsession gave way to a calculation that now underpins much of mathematics and physics. The calculation, called the Fourier transform, decomposes any functio",5,2,"cross-field,expository,is_quanta,legible,type:popsci",,2026-07-10T04:39:49
c9f8a9bb714c57a9,Astrophysicists Find No ‘Hair’ on Black Holes,Quanta Magazine,2025-08-27,Quanta Magazine,C,popsci,теория представлений,https://www.quantamagazine.org/astrophysicists-find-no-hair-on-black-holes-20250827/,"According to Einstein’s theory of gravity, black holes have only a small handful of distinguishing characteristics. Quantum theory implies they may have more. Now an experimental search finds that any of this extra ‘hair",4,2,"expository,is_quanta,type:popsci",,2026-07-10T04:39:49
055fac43a3a829e3,‘Ten Martini’ Proof Uses Number Theory To Explain Quantum Fractals,Quanta Magazine,2025-08-25,Quanta Magazine,C,popsci,теория чисел,https://www.quantamagazine.org/ten-martini-proof-uses-number-theory-to-explain-quantum-fractals-20250825/,"The proof, known to be so hard that a mathematician once offered 10 martinis to whoever could figure it out, connects quantum mechanics to infinitely intricate mathematical structures.",5,2,"cross-field,expository,is_quanta,legible,type:popsci",,2026-07-10T04:39:49
3cea20882297d46f,Busy Beaver Hunters Reach Numbers That Overwhelm Ordinary Math,Quanta Magazine,2025-08-22,Quanta Magazine,C,popsci,,https://www.quantamagazine.org/busy-beaver-hunters-reach-numbers-that-overwhelm-ordinary-math-20250822/,The quest to find the longest-running simple computer program has identified a new champion. It’s physically impossible to write out the numbers involved using standard mathematical notation.,4,2,"expository,is_quanta,type:popsci",,2026-07-10T04:39:49
a153d1afbe74f406,New Physics-Inspired Proof Probes the Borders of Disorder,Quanta Magazine,2025-08-15,Quanta Magazine,C,popsci,вероятность,https://www.quantamagazine.org/new-physics-inspired-proof-probes-the-borders-of-disorder-20250815/,"For decades, mathematicians have struggled to understand matrices that reflect both order and randomness, like those that model semiconductors. A new method could change that.",4,2,"expository,is_quanta,type:popsci",,2026-07-10T04:39:49
c825c4d746160e89,How Can Math Protect Our Data?,Quanta Magazine,2025-08-07,Quanta Magazine,C,popsci,computer science,https://www.quantamagazine.org/how-can-math-protect-our-data-20250807/,"Mary Wootters discusses how error-correcting codes work, and how they are essential for reliable communication and storage.",5,2,"expository,is_quanta,legible,type:popsci",,2026-07-10T04:39:49
f8356b2df57b6c00,"At 17, Hannah Cairo Solved a Major Math Mystery",Quanta Magazine,2025-08-01,Quanta Magazine,C,popsci,,https://www.quantamagazine.org/at-17-hannah-cairo-solved-a-major-math-mystery-20250801/,"After finding the homeschooling life confining, the teen petitioned her way into a graduate class at Berkeley, where she ended up disproving a 40-year-old conjecture.",5,3,"expository,high-signif,is_quanta,legible,type:popsci",,2026-07-10T04:39:49
65efc2237666cf51,Why the Key to a Mathematical Life is Collaboration,Quanta Magazine,2025-07-28,Quanta Magazine,C,popsci,,https://www.quantamagazine.org/why-the-key-to-a-mathematical-life-is-collaboration-20250728/,"Fan Chung, who has an Erdős number of 1, discusses the importance of connection — both human and mathematical.",5,2,"expository,is_quanta,legible,type:popsci",,2026-07-10T04:39:49
633ccf978f3b6d70,Quantum Scientists Have Built a New Math of Cryptography,Quanta Magazine,2025-07-25,Quanta Magazine,C,popsci,теория чисел/криптография,https://www.quantamagazine.org/quantum-scientists-have-built-a-new-math-of-cryptography-20250725/,"In theory, quantum physics can bypass the hard mathematical problems at the root of modern encryption. A new proof shows how.",5,3,"expository,high-signif,is_quanta,legible,type:popsci",,2026-07-10T04:39:49
9fd56c1d1862d690,A New Geometry for Einstein’s Theory of Relativity,Quanta Magazine,2025-07-16,Quanta Magazine,C,popsci,геометрия,https://www.quantamagazine.org/a-new-geometry-for-einsteins-theory-of-relativity-20250716/,A team of mathematicians based in Vienna is developing tools to extend the scope of general relativity.,4,2,"expository,is_quanta,type:popsci",,2026-07-10T04:39:49
19ed0fd284a9e034,Computer Scientists Figure Out How To Prove Lies,Quanta Magazine,2025-07-09,Quanta Magazine,C,popsci,алгебраическая геометрия,https://www.quantamagazine.org/computer-scientists-figure-out-how-to-prove-lies-20250709/,An attack on a fundamental proof technique reveals a glaring security issue for blockchains and other digital encryption schemes.,5,2,"expository,is_quanta,legible,type:popsci",,2026-07-10T04:39:49
8423901de9fa99eb,New Sphere-Packing Record Stems From an Unexpected Source,Quanta Magazine,2025-07-07,Quanta Magazine,C,popsci,геометрия,https://www.quantamagazine.org/new-sphere-packing-record-stems-from-an-unexpected-source-20250707/,"After just a few months of work, a complete newcomer to the world of sphere packing has solved one of its biggest open problems.",5,2,"expository,is_quanta,legible,type:popsci",,2026-07-10T04:39:49
107a3b79a1a5e3eb,"100 random chords, how many intersections?",3Blue1Brown,2026-06-16,YouTube · 3Blue1Brown,E,video,вероятность,https://www.youtube.com/shorts/wGffBCfrAsE,,5,2,"extractable,legible,type:video",YouTube-RSS усечён (~15 последних роликов) — частичный охват,2026-07-10T04:39:49
4ae2e11a36d43071,Measuring the entropy of English,3Blue1Brown,2026-06-12,YouTube · 3Blue1Brown,E,video,динамические системы,https://www.youtube.com/shorts/-7etvZSBxlk,,4,2,"extractable,type:video",YouTube-RSS усечён (~15 последних роликов) — частичный охват,2026-07-10T04:39:49
ad9bec4357629047,What's the perfect encoding? How do you know?,3Blue1Brown,2026-06-10,YouTube · 3Blue1Brown,E,video,,https://www.youtube.com/shorts/7L_eTem1SQ4,,5,2,"extractable,legible,type:video",YouTube-RSS усечён (~15 последних роликов) — частичный охват,2026-07-10T04:39:49
084ecba0a6630716,Reinventing Entropy | Compression is Intelligence Part 1,3Blue1Brown,2026-06-07,YouTube · 3Blue1Brown,E,video,динамические системы,https://www.youtube.com/watch?v=l6DKRf-fAAM,,4,2,"extractable,type:video",YouTube-RSS усечён (~15 последних роликов) — частичный охват,2026-07-10T04:39:49
539bbc5cebee7724,Tie random ends: How many loops?,3Blue1Brown,2026-05-21,YouTube · 3Blue1Brown,E,video,вероятность,https://www.youtube.com/shorts/ZHXt0-_gSj4,,5,2,"extractable,legible,type:video",YouTube-RSS усечён (~15 последних роликов) — частичный охват,2026-07-10T04:39:49
969ae64bd82721b4,"Covering 10 points, a surprisingly tricky puzzle.",3Blue1Brown,2026-04-16,YouTube · 3Blue1Brown,E,video,,https://www.youtube.com/shorts/QLu_ZsRc_G0,,5,2,"extractable,legible,type:video",YouTube-RSS усечён (~15 последних роликов) — частичный охват,2026-07-10T04:39:49
7ac256cf42190832,Escher's most mind-bending piece,3Blue1Brown,2026-03-27,YouTube · 3Blue1Brown,E,video,,https://www.youtube.com/shorts/Y7ImxZ_YhJk,,4,2,"extractable,type:video",YouTube-RSS усечён (~15 последних роликов) — частичный охват,2026-07-10T04:39:49
f39e96b74b531f80,The subset sum puzzle,3Blue1Brown,2026-03-25,YouTube · 3Blue1Brown,E,video,,https://www.youtube.com/shorts/4h5BEALuh44,,5,2,"extractable,legible,type:video",YouTube-RSS усечён (~15 последних роликов) — частичный охват,2026-07-10T04:39:49
df2fe0f7857adf7e,How (and why) to take a logarithm of an image,3Blue1Brown,2026-03-22,YouTube · 3Blue1Brown,E,video,,https://www.youtube.com/watch?v=ldxFjLJ3rVY,,5,2,"extractable,legible,type:video",YouTube-RSS усечён (~15 последних роликов) — частичный охват,2026-07-10T04:39:49
f639e9b2f88c834b,Bacteria Grid Puzzle Solution,3Blue1Brown,2026-03-21,YouTube · 3Blue1Brown,E,video,,https://www.youtube.com/shorts/Qoes9bTJtn0,,5,2,"extractable,legible,type:video",YouTube-RSS усечён (~15 последних роликов) — частичный охват,2026-07-10T04:39:49
467153ea598f441e,The most beautiful formula not enough people understand,3Blue1Brown,2026-02-27,YouTube · 3Blue1Brown,E,video,,https://www.youtube.com/watch?v=fsLh-NYhOoU,,4,2,"extractable,type:video",YouTube-RSS усечён (~15 последних роликов) — частичный охват,2026-07-10T04:39:49
46534e07fd257857,The lattice bacteria puzzle,3Blue1Brown,2026-02-18,YouTube · 3Blue1Brown,E,video,,https://www.youtube.com/shorts/d0ai33oqqDE,,5,2,"extractable,legible,type:video",YouTube-RSS усечён (~15 последних роликов) — частичный охват,2026-07-10T04:39:49
04d27ca47e572594,Solution to the ladybug clock puzzle,3Blue1Brown,2026-02-16,YouTube · 3Blue1Brown,E,video,,https://www.youtube.com/shorts/7gG91SZwBoE,,5,2,"extractable,legible,type:video",YouTube-RSS усечён (~15 последних роликов) — частичный охват,2026-07-10T04:39:49
a1e809ae6df599ab,"Why you can't comb a hairy ball, and why we care",3Blue1Brown,2026-01-31,YouTube · 3Blue1Brown,E,video,,https://www.youtube.com/watch?v=BHdbsHFs2P0,,5,2,"extractable,legible,type:video",YouTube-RSS усечён (~15 последних роликов) — частичный охват,2026-07-10T04:39:49
463455d54896ee5b,The ladybug clock puzzle,3Blue1Brown,2026-01-16,YouTube · 3Blue1Brown,E,video,,https://www.youtube.com/shorts/t3jZ2xGOvYg,,5,2,"extractable,legible,type:video",YouTube-RSS усечён (~15 последних роликов) — частичный охват,2026-07-10T04:39:49
4804b7c27e4bdb11,Long Legged Letters - Numberphile,Numberphile,2026-07-04,YouTube · Numberphile,E,video,,https://www.youtube.com/watch?v=3KWwMzSxB1Y,,4,2,"extractable,type:video",YouTube-RSS усечён (~15 последних роликов) — частичный охват,2026-07-10T04:39:49
4b0f2a6d1815e422,The Fixed Point Theorem - Numberphile,Numberphile,2026-06-25,YouTube · Numberphile,E,video,,https://www.youtube.com/watch?v=6PmuWFWVKDE,,4,2,"extractable,type:video",YouTube-RSS усечён (~15 последних роликов) — частичный охват,2026-07-10T04:39:49
5dd92dc36af2d322,Palindrome Ages - Numberphile,Numberphile,2026-06-15,YouTube · Numberphile,E,video,,https://www.youtube.com/watch?v=fwLsCgibGw4,,4,2,"extractable,type:video",YouTube-RSS усечён (~15 последних роликов) — частичный охват,2026-07-10T04:39:49
38d8fc78b71debf3,The Abel (not Nobel) Prize - Numberphile,Numberphile,2026-06-03,YouTube · Numberphile,E,video,,https://www.youtube.com/watch?v=e1_NXWjmwhc,,4,2,"extractable,type:video",YouTube-RSS усечён (~15 последних роликов) — частичный охват,2026-07-10T04:39:49
93e4c79f5e1ff455,The Unsolved Lollipop Problem - Numberphile,Numberphile,2026-05-27,YouTube · Numberphile,E,video,,https://www.youtube.com/watch?v=v8e-tYey7ts,,5,2,"extractable,legible,type:video",YouTube-RSS усечён (~15 последних роликов) — частичный охват,2026-07-10T04:39:49
1790ecf0f7ac7cc9,Red & Black Knights (extraordinary result) - Numberphile,Numberphile,2026-05-12,YouTube · Numberphile,E,video,,https://www.youtube.com/watch?v=UiX4CFIiegM,,4,2,"extractable,type:video",YouTube-RSS усечён (~15 последних роликов) — частичный охват,2026-07-10T04:39:49
edc6f76d3f911476,Entirely Ridiculously Big Numbers - Numberphile,Numberphile,2026-05-04,YouTube · Numberphile,E,video,,https://www.youtube.com/watch?v=SAtFZPtbMpI,,4,2,"extractable,type:video",YouTube-RSS усечён (~15 последних роликов) — частичный охват,2026-07-10T04:39:49
7ad8355bc7c574bb,Mathematician Attempts Art - Numberphile,Numberphile,2026-04-14,YouTube · Numberphile,E,video,,https://www.youtube.com/watch?v=UfP83M07s24,,4,2,"extractable,type:video",YouTube-RSS усечён (~15 последних роликов) — частичный охват,2026-07-10T04:39:49
e8ee0d09fd22b6ce,Awkward Primes - Numberphile,Numberphile,2026-04-07,YouTube · Numberphile,E,video,теория чисел,https://www.youtube.com/watch?v=VFoIPlUalRY,,4,2,"extractable,type:video",YouTube-RSS усечён (~15 последних роликов) — частичный охват,2026-07-10T04:39:49
6dc6fbdc5205e7fe,The Original Biggest Numbers - Numberphile,Numberphile,2026-03-31,YouTube · Numberphile,E,video,,https://www.youtube.com/watch?v=sJqceEImtew,,4,2,"extractable,type:video",YouTube-RSS усечён (~15 последних роликов) — частичный охват,2026-07-10T04:39:49
4986d78255189374,The Weather Equation - Numberphile,Numberphile,2026-03-18,YouTube · Numberphile,E,video,,https://www.youtube.com/watch?v=YmZiq00CO60,,4,2,"extractable,type:video",YouTube-RSS усечён (~15 последних роликов) — частичный охват,2026-07-10T04:39:49
d1bcf94126208e5c,Calculating Pi with Skittles (and census data!?) - Numberphile,Numberphile,2026-03-14,YouTube · Numberphile,E,video,,https://www.youtube.com/watch?v=7O6ej9OSW2w,,4,2,"extractable,type:video",YouTube-RSS усечён (~15 последних роликов) — частичный охват,2026-07-10T04:39:49
614f03a10d8ddf6c,Feeling Grumpy about Pi Day - Numberphile,Numberphile,2026-03-14,YouTube · Numberphile,E,video,,https://www.youtube.com/watch?v=TLV6e41-uxc,,4,2,"extractable,type:video",YouTube-RSS усечён (~15 последних роликов) — частичный охват,2026-07-10T04:39:49
60ad9eeae4770159,3867632931 × 10^10001 +1 - Numberphile,Numberphile,2026-02-16,YouTube · Numberphile,E,video,,https://www.youtube.com/watch?v=6cw9QJw6J60,,4,2,"extractable,type:video",YouTube-RSS усечён (~15 последних роликов) — частичный охват,2026-07-10T04:39:49
056ca152f0dbfbaa,The 15-Game - Numberphile,Numberphile,2026-02-07,YouTube · Numberphile,E,video,,https://www.youtube.com/watch?v=UafhPUOCM1E,,4,2,"extractable,type:video",YouTube-RSS усечён (~15 последних роликов) — частичный охват,2026-07-10T04:39:49
0743501b691f11e6,"Parity of permutations, impossible puzzles and the magical determinant",Mathologer,2026-04-11,YouTube · Mathologer,E,video,,https://www.youtube.com/watch?v=rUiulWItECQ,,5,2,"extractable,legible,type:video",YouTube-RSS усечён (~15 последних роликов) — частичный охват,2026-07-10T04:39:49
008269f65fdf3c01,I Built an Original One-Glance Proof from Dice,Mathologer,2025-10-11,YouTube · Mathologer,E,video,,https://www.youtube.com/watch?v=8q95eiq-y-Q,,4,2,"extractable,type:video",YouTube-RSS усечён (~15 последних роликов) — частичный охват,2026-07-10T04:39:49
69cc5f7dca8be255,How to build and solve a 4D Rubik's cubes in physical 3D (no simulator!),Mathologer,2025-08-16,YouTube · Mathologer,E,video,,https://www.youtube.com/watch?v=d-Yy-ILjM3k,,5,2,"extractable,legible,type:video",YouTube-RSS усечён (~15 последних роликов) — частичный охват,2026-07-10T04:39:49
21fea17a74efb71b,How An Infinite Hotel Ran Out Of Room,Veritasium,2026-05-28,YouTube · Veritasium,E,video,,https://www.youtube.com/shorts/OgFf_J1CP0g,,5,2,"extractable,legible,type:video",YouTube-RSS усечён (~15 последних роликов) — частичный охват,2026-07-10T04:39:49
39ffb671a34458c0,The 4-Page Paper That Broke Mathematics,Quanta Magazine (YouTube),2026-05-27,YouTube · Quanta Magazine (YouTube),E,video,,https://www.youtube.com/watch?v=jITZ_lIlpH8,,4,2,"extractable,is_quanta,type:video",YouTube-RSS усечён (~15 последних роликов) — частичный охват,2026-07-10T04:39:49
0d28939a276d862a,4D Topology Is Weird,Quanta Magazine (YouTube),2026-01-21,YouTube · Quanta Magazine (YouTube),E,video,топология,https://www.youtube.com/shorts/4-q4vO8gSZM,,4,2,"extractable,is_quanta,type:video",YouTube-RSS усечён (~15 последних роликов) — частичный охват,2026-07-10T04:39:49
801fd2f7cee866f9,2025's Biggest Breakthroughs in Mathematics,Quanta Magazine (YouTube),2025-12-18,YouTube · Quanta Magazine (YouTube),E,video,,https://www.youtube.com/watch?v=hRpcWpAeWng,,5,2,"extractable,is_quanta,legible,type:video",YouTube-RSS усечён (~15 последних роликов) — частичный охват,2026-07-10T04:39:49
0f54b956ebb4bb50,"Réfutation de la conjecture du télescope de Ravenel, d'après Burklund, Hahn, Levy et Schlank",Christian Ausoni,2025-11-29,Séminaire Bourbaki,B,conf_talk,топология,https://www.bourbaki.fr/programme2025-26.html,Disproof of the Ravenel telescope conjecture.,5,5,"high-signif,legible,type:conf_talk","Séminaire Bourbaki 2025-26, provisional programme (titles subject to change, exposés not yet numbered on bourbaki.fr). Session 2025-11-29.",2026-07-10T04:39:49
3bd1ae82a65dd0fe,Degrés dynamiques,Serge Cantat,2025-11-29,Séminaire Bourbaki,B,conf_talk,алгебраическая геометрия,https://www.bourbaki.fr/programme2025-26.html,Dynamical degrees.,4,4,type:conf_talk,"Séminaire Bourbaki 2025-26, provisional programme (titles subject to change, exposés not yet numbered on bourbaki.fr). Session 2025-11-29.",2026-07-10T04:39:49
3e59239b8b30a5d5,"Minimal surfaces via equivariant eigenvalue optimization, after Karpukhin, Kusner, McGrath, and Stern",Giada Franz,2025-11-29,Séminaire Bourbaki,B,conf_talk,дифференциальная геометрия,https://www.bourbaki.fr/programme2025-26.html,Minimal surfaces via equivariant eigenvalue optimization.,5,4,"cross-field,type:conf_talk","Séminaire Bourbaki 2025-26, provisional programme (titles subject to change, exposés not yet numbered on bourbaki.fr). Session 2025-11-29.",2026-07-10T04:39:49
9b34c846c0957000,"Model theory, differential algebra and functional transcendence, after Freitag, Jaoui, and Moosa",Amador Martin-Pizarro,2025-11-29,Séminaire Bourbaki,B,conf_talk,теория чисел,https://www.bourbaki.fr/programme2025-26.html,"Model theory, differential algebra and functional transcendence.",5,4,"cross-field,type:conf_talk","Séminaire Bourbaki 2025-26, provisional programme (titles subject to change, exposés not yet numbered on bourbaki.fr). Session 2025-11-29.",2026-07-10T04:39:49
fcbe4f68b2838b47,"La théorie des modèles des corps perfectoïdes, d'après Jahnke et Kartas",Sylvy Anscombe,2026-01-31,Séminaire Bourbaki,B,conf_talk,логика,https://www.bourbaki.fr/programme2025-26.html,Model theory of perfectoid fields.,4,4,type:conf_talk,"Séminaire Bourbaki 2025-26, provisional programme (titles subject to change, exposés not yet numbered on bourbaki.fr). Session 2026-01-31.",2026-07-10T04:39:49
56b15243ee11ee93,"Dérivation de l'équation de Boltzmann en temps long à partir d'une dynamique de sphères dures, d'après Y. Deng, Z. Hani et X. Ma",Isabelle Gallagher,2026-01-31,Séminaire Bourbaki,B,conf_talk,уравнения в частных производных,https://www.bourbaki.fr/programme2025-26.html,Long-time derivation of the Boltzmann equation from hard-sphere dynamics.,4,4,type:conf_talk,"Séminaire Bourbaki 2025-26, provisional programme (titles subject to change, exposés not yet numbered on bourbaki.fr). Session 2026-01-31.",2026-07-10T04:39:49
1699654ebbbb3c7b,"La conjecture de Hodge pour les variétés abéliennes de dimension au plus 5, d'après Markman",Claire Voisin,2026-01-31,Séminaire Bourbaki,B,conf_talk,алгебраическая геометрия,https://www.bourbaki.fr/programme2025-26.html,Hodge conjecture for abelian varieties of dimension at most 5.,4,5,"high-signif,type:conf_talk","Séminaire Bourbaki 2025-26, provisional programme (titles subject to change, exposés not yet numbered on bourbaki.fr). Session 2026-01-31.",2026-07-10T04:39:49
7812df824789b7c2,Instabilité dans le problème planétaire,Abed Bounemoura,2026-03-28,Séminaire Bourbaki,B,conf_talk,динамические системы,https://www.bourbaki.fr/programme2025-26.html,Instability in the planetary problem.,4,4,type:conf_talk,"Séminaire Bourbaki 2025-26, provisional programme (titles subject to change, exposés not yet numbered on bourbaki.fr). Session 2026-03-28.",2026-07-10T04:39:49
4517d209dddbb6da,Recent Progress around Cohen-Lenstra Heuristics,Jordan Ellenberg,2026-03-28,Séminaire Bourbaki,B,conf_talk,теория чисел,https://www.bourbaki.fr/programme2025-26.html,Recent progress around the Cohen-Lenstra heuristics.,4,4,type:conf_talk,"Séminaire Bourbaki 2025-26, provisional programme (titles subject to change, exposés not yet numbered on bourbaki.fr). Session 2026-03-28.",2026-07-10T04:39:49
080d8771a495959b,"The Kakeya conjecture in R^3, after Hong Wang and Joshua Zahl",Larry Guth,2026-03-28,Séminaire Bourbaki,B,conf_talk,анализ,https://www.bourbaki.fr/programme2025-26.html,The Kakeya conjecture in R^3.,4,5,"high-signif,type:conf_talk","Séminaire Bourbaki 2025-26, provisional programme (titles subject to change, exposés not yet numbered on bourbaki.fr). Session 2026-03-28.",2026-07-10T04:39:49
ccb32ed275262efa,"Geometric Langlands, after Gaitsgory, Raskin, ...",Peter Scholze,2026-03-28,Séminaire Bourbaki,B,conf_talk,теория чисел,https://www.bourbaki.fr/programme2025-26.html,Geometric Langlands.,5,4,"cross-field,type:conf_talk","Séminaire Bourbaki 2025-26, provisional programme (titles subject to change, exposés not yet numbered on bourbaki.fr). Session 2026-03-28.",2026-07-10T04:39:49
8df021c03c27b614,"Empilements de sphères en très grande dimension, d'après B. Klartag",Guillaume Aubrun,2026-06-06,Séminaire Bourbaki,B,conf_talk,комбинаторика,https://www.bourbaki.fr/programme2025-26.html,Sphere packings in very high dimension (after Klartag).,4,4,type:conf_talk,"Séminaire Bourbaki 2025-26, provisional programme (titles subject to change, exposés not yet numbered on bourbaki.fr). Session 2026-06-06.",2026-07-10T04:39:49
5ef867e698af8a5d,"Sur les pseudo-rotations analytiques de surfaces, d'après Berger",Anna Florio,2026-06-06,Séminaire Bourbaki,B,conf_talk,динамические системы,https://www.bourbaki.fr/programme2025-26.html,Analytic pseudo-rotations of surfaces.,4,4,type:conf_talk,"Séminaire Bourbaki 2025-26, provisional programme (titles subject to change, exposés not yet numbered on bourbaki.fr). Session 2026-06-06.",2026-07-10T04:39:49
d41772a66175f3cb,"Les notes fondamentales des surfaces hyperboliques aléatoires de grand genre, d'après Hide-Magee, Anantharaman-Monk et Hide-Macera-Thomas",Bram Petri,2026-06-06,Séminaire Bourbaki,B,conf_talk,анализ,https://www.bourbaki.fr/programme2025-26.html,Spectral gap of random hyperbolic surfaces of large genus.,4,4,type:conf_talk,"Séminaire Bourbaki 2025-26, provisional programme (titles subject to change, exposés not yet numbered on bourbaki.fr). Session 2026-06-06.",2026-07-10T04:39:49
da1963fad17ab77f,"L'énergie des gaz de bosons dilués, d'après Fournais et Solovej",Julien Sabin,2026-06-06,Séminaire Bourbaki,B,conf_talk,математическая физика,https://www.bourbaki.fr/programme2025-26.html,Energy of dilute Bose gases.,4,4,type:conf_talk,"Séminaire Bourbaki 2025-26, provisional programme (titles subject to change, exposés not yet numbered on bourbaki.fr). Session 2026-06-06.",2026-07-10T04:39:49
7f881bb17d3e59df,ICM 2026 plenary lecture — Peter Bartlett,Peter Bartlett,2026-07,ICM 2026,B,conf_talk,computer science,https://www.mathunion.org/icm-plenary-and-invited-speakers,Plenary lecture at the International Congress of Mathematicians 2026.,4,5,"high-signif,type:conf_talk","ICM 2026 plenary speaker (Philadelphia, 23-30 Jul 2026). Confirmed from corroborating announcements (mathunion.org list, Simons Foundation, IPAM, MPIM). Individual lecture dates within the 23-30 Jul 2026 congress not yet published; date given as month.",2026-07-10T04:39:49
d1f3c5b039187765,ICM 2026 plenary lecture — Simon Brendle,Simon Brendle,2026-07,ICM 2026,B,conf_talk,дифференциальная геометрия,https://www.mathunion.org/icm-plenary-and-invited-speakers,Plenary lecture at the International Congress of Mathematicians 2026.,4,5,"high-signif,type:conf_talk","ICM 2026 plenary speaker (Philadelphia, 23-30 Jul 2026). Confirmed from corroborating announcements (mathunion.org list, Simons Foundation, IPAM, MPIM). Individual lecture dates within the 23-30 Jul 2026 congress not yet published; date given as month.",2026-07-10T04:39:49
3f544d6e25720ec0,ICM 2026 plenary lecture — Dmitry Dolgopyat,Dmitry Dolgopyat,2026-07,ICM 2026,B,conf_talk,анализ,https://www.mathunion.org/icm-plenary-and-invited-speakers,Plenary lecture at the International Congress of Mathematicians 2026.,4,5,"high-signif,type:conf_talk","ICM 2026 plenary speaker (Philadelphia, 23-30 Jul 2026). Confirmed from corroborating announcements (mathunion.org list, Simons Foundation, IPAM, MPIM). Individual lecture dates within the 23-30 Jul 2026 congress not yet published; date given as month.",2026-07-10T04:39:49
cb068fd9b4bf6663,ICM 2026 plenary lecture — Dennis Gaitsgory,Dennis Gaitsgory,2026-07,ICM 2026,B,conf_talk,теория чисел,https://www.mathunion.org/icm-plenary-and-invited-speakers,Plenary lecture at the International Congress of Mathematicians 2026.,4,5,"high-signif,type:conf_talk","ICM 2026 plenary speaker (Philadelphia, 23-30 Jul 2026). Confirmed from corroborating announcements (mathunion.org list, Simons Foundation, IPAM, MPIM). Individual lecture dates within the 23-30 Jul 2026 congress not yet published; date given as month.",2026-07-10T04:39:49
58bd1f1a5c2b394d,ICM 2026 plenary lecture — Alex Kontorovich,Alex Kontorovich,2026-07,ICM 2026,B,conf_talk,теория чисел,https://www.mathunion.org/icm-plenary-and-invited-speakers,Plenary lecture at the International Congress of Mathematicians 2026.,4,5,"high-signif,type:conf_talk","ICM 2026 plenary speaker (Philadelphia, 23-30 Jul 2026). Confirmed from corroborating announcements (mathunion.org list, Simons Foundation, IPAM, MPIM). Individual lecture dates within the 23-30 Jul 2026 congress not yet published; date given as month.",2026-07-10T04:39:49
2c72e0066f46f246,ICM 2026 plenary lecture — Jacob Lurie,Jacob Lurie,2026-07,ICM 2026,B,conf_talk,топология,https://www.mathunion.org/icm-plenary-and-invited-speakers,Plenary lecture at the International Congress of Mathematicians 2026.,4,5,"high-signif,type:conf_talk","ICM 2026 plenary speaker (Philadelphia, 23-30 Jul 2026). Confirmed from corroborating announcements (mathunion.org list, Simons Foundation, IPAM, MPIM). Individual lecture dates within the 23-30 Jul 2026 congress not yet published; date given as month.",2026-07-10T04:39:49
78ae8d54a3bfe308,ICM 2026 plenary lecture — Ciprian Manolescu,Ciprian Manolescu,2026-07,ICM 2026,B,conf_talk,топология,https://www.mathunion.org/icm-plenary-and-invited-speakers,Plenary lecture at the International Congress of Mathematicians 2026.,4,5,"high-signif,type:conf_talk","ICM 2026 plenary speaker (Philadelphia, 23-30 Jul 2026). Confirmed from corroborating announcements (mathunion.org list, Simons Foundation, IPAM, MPIM). Individual lecture dates within the 23-30 Jul 2026 congress not yet published; date given as month.",2026-07-10T04:39:49
50db3514c764ba9c,ICM 2026 plenary lecture — Robert Morris,Robert Morris,2026-07,ICM 2026,B,conf_talk,комбинаторика,https://www.mathunion.org/icm-plenary-and-invited-speakers,Plenary lecture at the International Congress of Mathematicians 2026.,4,5,"high-signif,type:conf_talk","ICM 2026 plenary speaker (Philadelphia, 23-30 Jul 2026). Confirmed from corroborating announcements (mathunion.org list, Simons Foundation, IPAM, MPIM). Individual lecture dates within the 23-30 Jul 2026 congress not yet published; date given as month.",2026-07-10T04:39:49
64e401beeceaec16,ICM 2026 plenary lecture — Hee Oh,Hee Oh,2026-07,ICM 2026,B,conf_talk,,https://www.mathunion.org/icm-plenary-and-invited-speakers,Plenary lecture at the International Congress of Mathematicians 2026.,4,5,"high-signif,type:conf_talk","ICM 2026 plenary speaker (Philadelphia, 23-30 Jul 2026). Confirmed from corroborating announcements (mathunion.org list, Simons Foundation, IPAM, MPIM). Individual lecture dates within the 23-30 Jul 2026 congress not yet published; date given as month.",2026-07-10T04:39:49
3589d103f6ab47c0,ICM 2026 plenary lecture — Felix Otto,Felix Otto,2026-07,ICM 2026,B,conf_talk,уравнения в частных производных,https://www.mathunion.org/icm-plenary-and-invited-speakers,Plenary lecture at the International Congress of Mathematicians 2026.,4,5,"high-signif,type:conf_talk","ICM 2026 plenary speaker (Philadelphia, 23-30 Jul 2026). Confirmed from corroborating announcements (mathunion.org list, Simons Foundation, IPAM, MPIM). Individual lecture dates within the 23-30 Jul 2026 congress not yet published; date given as month.",2026-07-10T04:39:49
4ae05fffe77fb588,ICM 2026 plenary lecture — Jeremy Quastel,Jeremy Quastel,2026-07,ICM 2026,B,conf_talk,вероятность,https://www.mathunion.org/icm-plenary-and-invited-speakers,Plenary lecture at the International Congress of Mathematicians 2026.,4,5,"high-signif,type:conf_talk","ICM 2026 plenary speaker (Philadelphia, 23-30 Jul 2026). Confirmed from corroborating announcements (mathunion.org list, Simons Foundation, IPAM, MPIM). Individual lecture dates within the 23-30 Jul 2026 congress not yet published; date given as month.",2026-07-10T04:39:49
df2d3d77fa7cc6a3,ICM 2026 plenary lecture — Peter Sarnak,Peter Sarnak,2026-07,ICM 2026,B,conf_talk,теория чисел,https://www.mathunion.org/icm-plenary-and-invited-speakers,Plenary lecture at the International Congress of Mathematicians 2026.,4,5,"high-signif,type:conf_talk","ICM 2026 plenary speaker (Philadelphia, 23-30 Jul 2026). Confirmed from corroborating announcements (mathunion.org list, Simons Foundation, IPAM, MPIM). Individual lecture dates within the 23-30 Jul 2026 congress not yet published; date given as month.",2026-07-10T04:39:49
2569463d70a3775d,ICM 2026 plenary lecture — Éva Tardos,Éva Tardos,2026-07,ICM 2026,B,conf_talk,computer science,https://www.mathunion.org/icm-plenary-and-invited-speakers,Plenary lecture at the International Congress of Mathematicians 2026.,4,5,"high-signif,type:conf_talk","ICM 2026 plenary speaker (Philadelphia, 23-30 Jul 2026). Confirmed from corroborating announcements (mathunion.org list, Simons Foundation, IPAM, MPIM). Individual lecture dates within the 23-30 Jul 2026 congress not yet published; date given as month.",2026-07-10T04:39:49
558786eeab02c447,ICM 2026 plenary lecture — Xavier Tolsa,Xavier Tolsa,2026-07,ICM 2026,B,conf_talk,анализ,https://www.mathunion.org/icm-plenary-and-invited-speakers,Plenary lecture at the International Congress of Mathematicians 2026.,4,5,"high-signif,type:conf_talk","ICM 2026 plenary speaker (Philadelphia, 23-30 Jul 2026). Confirmed from corroborating announcements (mathunion.org list, Simons Foundation, IPAM, MPIM). Individual lecture dates within the 23-30 Jul 2026 congress not yet published; date given as month.",2026-07-10T04:39:49
ab34efa14fad970f,ICM 2026 plenary lecture — Stephen Wright,Stephen Wright,2026-07,ICM 2026,B,conf_talk,computer science,https://www.mathunion.org/icm-plenary-and-invited-speakers,Plenary lecture at the International Congress of Mathematicians 2026.,4,5,"high-signif,type:conf_talk","ICM 2026 plenary speaker (Philadelphia, 23-30 Jul 2026). Confirmed from corroborating announcements (mathunion.org list, Simons Foundation, IPAM, MPIM). Individual lecture dates within the 23-30 Jul 2026 congress not yet published; date given as month.",2026-07-10T04:39:49
76b43e0b1444af4e,ICM 2026 plenary lecture — Horng-Tzer Yau,Horng-Tzer Yau,2026-07,ICM 2026,B,conf_talk,математическая физика,https://www.mathunion.org/icm-plenary-and-invited-speakers,Plenary lecture at the International Congress of Mathematicians 2026.,4,5,"high-signif,type:conf_talk","ICM 2026 plenary speaker (Philadelphia, 23-30 Jul 2026). Confirmed from corroborating announcements (mathunion.org list, Simons Foundation, IPAM, MPIM). Individual lecture dates within the 23-30 Jul 2026 congress not yet published; date given as month.",2026-07-10T04:39:49
b316067a353ab3cc,ICM 2026 invited (sectional) speakers — full list on mathunion.org,Approx. 180 invited sectional speakers (full roster not captured),2026-07,ICM 2026,B,conf_talk,,https://www.mathunion.org/icm-plenary-and-invited-speakers,The complete list of ICM 2026 invited sectional speakers.,4,5,"high-signif,type:conf_talk","NOT fully captured: the official mathunion.org speaker page is a JavaScript-rendered single-page app and its ~180-name invited roster is not present in the static HTML (no jsonapi exposed). Named examples confirmed via institutional announcements incl. Valentin Blomer, Jessica Fintzen, Sam Raskin, Emily Riehl, Karen Vogtmann, Eyal Markman, Maggie Miller, Lisa Piccirillo, Laura Monk, Michael Stoll, Stefan Schreieder, Tomer Schlank. Consult mathunion.org/icm-plenary-and-invited-speakers for the authoritative full list.",2026-07-10T04:39:49
1490348cdfbc2212,ICM 2026 Fields Medallists — not yet announced,,2026-07,ICM 2026,B,conf_talk,,https://www.mathunion.org/imu-awards/fields-medal,Fields Medal laureates for 2026.,4,5,"announcement,high-signif,type:conf_talk",Fields Medallists are announced only at the ICM opening ceremony (23 Jul 2026); as of the collection date (2026-07-10) they are not yet public. Program Committee chair: Claire Voisin.,2026-07-10T04:39:49
a4f87f886e5f4052,What is the Geometric Langlands Correspondence About?,David Ben-Zvi,2026-01-06,JMM Current Events Bulletin,B,survey,теория чисел,https://www.ams.org/meetings/lectures/current-events-bulletin,Accessible survey of the geometric Langlands correspondence.,5,4,"cross-field,expository,legible,type:survey","AMS Current Events Bulletin, JMM 2026, Washington DC, Tue 6 Jan 2026, Room 202A. Organized by Daniel Erman (U. Hawai'i at Manoa) and Bianca Viray (U. Washington) — not Eisenbud, who founded/organized it historically. Titles/times from the official CEB-2026 booklet PDF. Talk time 1:00 p.m..",2026-07-10T04:39:49
35c71d99ae526725,The Kakeya Conjecture: where does it come from and why is it important?,Jonathan Hickman,2026-01-06,JMM Current Events Bulletin,B,survey,анализ,https://www.ams.org/meetings/lectures/current-events-bulletin,Survey of the Kakeya conjecture and its web of connections.,5,5,"expository,high-signif,legible,type:survey","AMS Current Events Bulletin, JMM 2026, Washington DC, Tue 6 Jan 2026, Room 202A. Organized by Daniel Erman (U. Hawai'i at Manoa) and Bianca Viray (U. Washington) — not Eisenbud, who founded/organized it historically. Titles/times from the official CEB-2026 booklet PDF. Talk time 2:10 p.m..",2026-07-10T04:39:49
181b7f5193263a8f,A Decades-Long Breakthrough in Zero-Density Estimates and Primes in Short Intervals,Caroline Turnage-Butterbaugh,2026-01-06,JMM Current Events Bulletin,B,survey,теория чисел,https://www.ams.org/meetings/lectures/current-events-bulletin,On the Guth-Maynard zero-density breakthrough and primes in short intervals.,5,4,"expository,legible,type:survey","AMS Current Events Bulletin, JMM 2026, Washington DC, Tue 6 Jan 2026, Room 202A. Organized by Daniel Erman (U. Hawai'i at Manoa) and Bianca Viray (U. Washington) — not Eisenbud, who founded/organized it historically. Titles/times from the official CEB-2026 booklet PDF. Talk time 3:20 p.m..",2026-07-10T04:39:49
19a812a27149dc55,Chaos in higher genus surfaces,Francisco Andres Arana Herrera,2026-01-06,JMM Current Events Bulletin,B,survey,дифференциальная геометрия,https://www.ams.org/meetings/lectures/current-events-bulletin,Chaos of geodesic flow on random large-genus hyperbolic surfaces.,5,4,"cross-field,expository,type:survey","AMS Current Events Bulletin, JMM 2026, Washington DC, Tue 6 Jan 2026, Room 202A. Organized by Daniel Erman (U. Hawai'i at Manoa) and Bianca Viray (U. Washington) — not Eisenbud, who founded/organized it historically. Titles/times from the official CEB-2026 booklet PDF. Talk time 4:30 p.m..",2026-07-10T04:39:49
1cd2461b129cdad2,"Takagi Lecture — Graph-Codes: Questions, Results and Methods",Noga Alon,2025-10-18,Takagi Lectures,B,survey,комбинаторика,https://www.ms.u-tokyo.ac.jp/~toshi/jjm/JJM_HP/contents/takagi/25th/index.htm,"Highest-level research survey lecture: Graph-Codes: Questions, Results and Methods.",5,3,"expository,legible,type:survey","25th Takagi Lectures, 18-19 Oct 2025, University of Tokyo. Survey lectures organized by the Mathematical Society of Japan.",2026-07-10T04:39:49
1edb047a117cbd0b,Takagi Lecture — Discrete Subgroups of Lie Groups and Proper Actions,Fanny Kassel,2025-10-18,Takagi Lectures,B,survey,теория представлений,https://www.ms.u-tokyo.ac.jp/~toshi/jjm/JJM_HP/contents/takagi/25th/index.htm,Highest-level research survey lecture: Discrete Subgroups of Lie Groups and Proper Actions.,5,3,"expository,legible,type:survey","25th Takagi Lectures, 18-19 Oct 2025, University of Tokyo. Survey lectures organized by the Mathematical Society of Japan.",2026-07-10T04:39:49
c75f943fe7db5aaa,Takagi Lecture — The AD+ Duality Program; The HOD Conjecture and the Ultimate-L Conjecture,W. Hugh Woodin,2025-10-18,Takagi Lectures,B,survey,логика,https://www.ms.u-tokyo.ac.jp/~toshi/jjm/JJM_HP/contents/takagi/25th/index.htm,Highest-level research survey lecture: The AD+ Duality Program; The HOD Conjecture and the Ultimate-L Conjecture.,5,4,"expository,high-signif,legible,type:survey","25th Takagi Lectures, 18-19 Oct 2025, University of Tokyo. Survey lectures organized by the Mathematical Society of Japan.",2026-07-10T04:39:49
e8098d19d1eee46a,Takagi Lecture — Enumerative Geometry of Calabi-Yau Threefolds,Kai Behrend,2026-06-06,Takagi Lectures,B,survey,алгебраическая геометрия,https://www.ms.u-tokyo.ac.jp/~toshi/jjm/JJM_HP/contents/takagi/26th/index.htm,Highest-level research survey lecture: Enumerative Geometry of Calabi-Yau Threefolds.,5,3,"cross-field,expository,legible,type:survey","26th Takagi Lectures, 6-7 Jun 2026, RIMS Kyoto University. Survey lectures organized by the Mathematical Society of Japan.",2026-07-10T04:39:49
7f24347d15f9f58d,Takagi Lecture — Non-abelian p-adic Hodge Theory and Stacks,Bhargav Bhatt,2026-06-06,Takagi Lectures,B,survey,теория чисел,https://www.ms.u-tokyo.ac.jp/~toshi/jjm/JJM_HP/contents/takagi/26th/index.htm,Highest-level research survey lecture: Non-abelian p-adic Hodge Theory and Stacks.,5,3,"expository,legible,type:survey","26th Takagi Lectures, 6-7 Jun 2026, RIMS Kyoto University. Survey lectures organized by the Mathematical Society of Japan.",2026-07-10T04:39:49
359e91a07a4c5115,Takagi Lecture — The p-adic Geometry of Shimura Varieties and Applications,Ana Caraiani,2026-06-06,Takagi Lectures,B,survey,теория чисел,https://www.ms.u-tokyo.ac.jp/~toshi/jjm/JJM_HP/contents/takagi/26th/index.htm,Highest-level research survey lecture: The p-adic Geometry of Shimura Varieties and Applications.,5,3,"expository,legible,type:survey","26th Takagi Lectures, 6-7 Jun 2026, RIMS Kyoto University. Survey lectures organized by the Mathematical Society of Japan.",2026-07-10T04:39:49
a44cd2f3a0294be8,Abel Prize 2026 awarded to Gerd Faltings,Gerd Faltings,2026-03-19,Abel Prize,E,prize,теория чисел,https://abelprize.no/article/2026/gerd-faltings-awarded-2026-abel-prize,За введение мощных инструментов в арифметическую геометрию и решение давних диофантовых гипотез Морделла и Ланга.,4,5,"high-signif,type:prize",Объявлено 19 марта 2026. Церемония в Осло 26 мая 2026. Первый немецкий лауреат Абелевской премии; в 1986 получил Филдсовскую медаль за ту же работу.,2026-07-10T04:39:49
f83556c246442283,Fields Medals 2026 (ICM Philadelphia) — laureates not yet announced,,2026-07,Fields Medal,E,prize,,https://www.simonsfoundation.org/2026/06/02/media-invitation-fields-medals-and-cutting-edge-math-at-icm-2026-in-philadelphia/,"Высшая награда IMU, вручается 2–4 математикам моложе 40 лет на ICM.",4,5,"announcement,high-signif,type:prize",Не объявлены на момент сбора (10.07.2026). Объявление на церемонии открытия ICM 2026 в Филадельфии 23 июля 2026. [дата оценочная: событие не датировано/не объявлено],2026-07-10T04:39:49
cd34ba957715a075,Breakthrough Prize in Mathematics 2026 awarded to Frank Merle,Frank Merle,2026-04-18,Breakthrough Prize,E,prize,уравнения в частных производных,https://breakthroughprize.org/News/98,"За прорывы в нелинейных эволюционных уравнениях — их устойчивость, образование сингулярностей и разложение на солитоны.",5,5,"high-signif,legible,type:prize",Объявлено 18 апреля 2026 (гала Breakthrough Prize в Лос-Анджелесе). CY Cergy Paris Université и IHÉS. $3 млн.,2026-07-10T04:39:49
93882bd7b42470ae,New Horizons in Mathematics Prize 2026 — Otis Chodosh,Otis Chodosh,2026-04-18,Breakthrough Prize,E,prize,дифференциальная геометрия,https://breakthroughprize.org/News/98,"За вклад в дифференциальную геометрию и вариационное исчисление, включая работы о минимальных поверхностях.",4,5,type:prize,"Премия New Horizons для молодых учёных, объявлена вместе с сезоном Breakthrough 2026. Stanford University.",2026-07-10T04:39:49
2e2425ca815b6e17,New Horizons in Mathematics Prize 2026 — Vesselin Dimitrov & Yunqing Tang,"Vesselin Dimitrov, Yunqing Tang",2026-04-18,Breakthrough Prize,E,prize,теория чисел,https://breakthroughprize.org/News/98,"За работы в диофантовой геометрии, включая доказательство гипотезы Аткина–Свиннертона-Дайера о неограниченных знаменателях.",4,5,type:prize,"Премия New Horizons, сезон Breakthrough 2026. Caltech (Dimitrov), UC Berkeley (Tang).",2026-07-10T04:39:49
3dcec1b3dfe9019a,New Horizons in Mathematics Prize 2026 — Hong Wang,Hong Wang,2026-04-18,Breakthrough Prize,E,prize,анализ,https://breakthroughprize.org/News/98,"За работы в гармоническом анализе, дифференциальных уравнениях в частных производных и геометрической теории меры.",4,5,type:prize,"Премия New Horizons, сезон Breakthrough 2026. IHÉS и NYU.",2026-07-10T04:39:49
9523a6c2dcf99c4f,"Maryam Mirzakhani New Frontiers Prize 2026 — Hirschi, Skorobogatova, Zhang","Amanda Hirschi, Anna Skorobogatova, Mingjia Zhang",2026-04-18,Breakthrough Prize,E,prize,,https://breakthroughprize.org/News/98,Премия для женщин-математиков ранней карьеры за выдающиеся достижения после защиты диссертации.,4,5,type:prize,"Три отдельных лауреата $50k, сезон Breakthrough 2026. Sorbonne Université, ETH Zürich, Princeton/IAS.",2026-07-10T04:39:49
4b9d9f6b491848a1,Shaw Prize in Mathematical Sciences 2026 — Emmanuel Candès & Camillo De Lellis,"Emmanuel Candès, Camillo De Lellis",2026-05-27,Shaw Prize,E,prize,анализ,https://www.prnewswire.com/news-releases/announcement-of-the-shaw-laureates-2026-302782937.html,"За применение глубоких методов матанализа к прикладным задачам теории информации, обработки сигналов и статистики, а также к изучению сингулярностей в геометрической теории меры и гидродинамике.",4,5,type:prize,Объявлено 27 мая 2026 в Гонконге. В равных долях. Candès — Stanford; De Lellis — Institute for Advanced Study.,2026-07-10T04:39:49
898c15740ef263bc,Shaw Prize in Mathematical Sciences 2025 — Kenji Fukaya,Kenji Fukaya,2025-10-21,Shaw Prize,E,prize,дифференциальная геометрия,https://www.shawprize.org/en/prizes-laureates/mathematical-sciences/2025/laureates-profile/kenji-fukaya,"За пионерскую работу, приведшую к созданию категории Фукаи в симплектической геометрии.",4,5,type:prize,Объявлено 27 мая 2025 (до окна сбора). Церемония вручения — 21 октября 2025 (в окне). Первый японский лауреат Shaw по математике. $1.2 млн.,2026-07-10T04:39:49
52f3fa8418ccc6fd,Chern Medal 2026 (ICM Philadelphia) — laureate not yet announced,,2026-07,Chern Medal,E,prize,,https://www.mathunion.org/imu-awards/chern-medal-award,Награда IMU за выдающиеся достижения в математике; вручается раз в 4 года. $500k.,4,5,"announcement,high-signif,type:prize",Не объявлена на момент сбора (10.07.2026). Объявление на ICM 2026 в Филадельфии (23–30 июля 2026). [дата оценочная: событие не датировано/не объявлено],2026-07-10T04:39:49
bb3878a6708bab99,Carl Friedrich Gauss Prize 2026 (ICM Philadelphia) — laureate not yet announced,,2026-07,Gauss Prize,E,prize,,https://www.mathunion.org/imu-awards/imu-awards-prizes-and-special-lecture,"Награда IMU за математические результаты, нашедшие значимые применения за пределами математики.",4,5,"announcement,high-signif,type:prize",Не объявлена на момент сбора (10.07.2026). Объявление на ICM 2026 в Филадельфии (23–30 июля 2026). [дата оценочная: событие не датировано/не объявлено],2026-07-10T04:39:49
f4f23fa85a101b40,Wolf Prize in Mathematics 2026 — laureate not found,,2026,Wolf Prize,E,prize,,https://en.wikipedia.org/wiki/Wolf_Prize_in_Mathematics,"Одна из ведущих математических наград, вручается Wolf Foundation (Израиль).",4,5,"high-signif,type:prize","Объявления Wolf Prize по математике за 2026 не найдено на момент сбора (10.07.2026). За 2025 — 'No award'. Последние лауреаты — 2024 (Нога Алон, Ади Шамир). [дата оценочная: событие не датировано/не объявлено]",2026-07-10T04:39:49
dd19d9cb08c29056,Премия Правительства РФ имени А. Н. Колмогорова учреждена — первый лауреат не назван,,2025-11-25,Kolmogorov Prize,E,prize,,https://www.garant.ru/products/ipo/prime/doc/413066757/,"Новая государственная премия России в области математики (8 млн руб.), учреждена Постановлением Правительства N 1874 от 25.11.2025.",4,5,type:prize,Учреждена 25 ноября 2025 (в окне). Три премии раз в три года; первое вручение — не позднее 1 декабря 2026. Лауреаты на момент сбора (10.07.2026) не объявлены.,2026-07-10T04:39:49
7055c8fd6e90dcda,AMS Leroy P. Steele Prize for Lifetime Achievement 2026 — H. Blaine Lawson Jr.,H. Blaine Lawson Jr.,2026-01,AMS Steele Prize,E,prize,топология,https://www.ias.edu/news/2026-ams-awards-honor-past-ias-scholars,"За фундаментальный вклад в дифференциальную геометрию, топологию и анализ.",4,5,type:prize,Вручена на JMM 2026 (январь 2026). Stony Brook University.,2026-07-10T04:39:49
c885976eff83fd11,AMS Leroy P. Steele Prize for Mathematical Exposition 2026 — Michael E. Taylor,Michael E. Taylor,2026-01,AMS Steele Prize,E,prize,уравнения в частных производных,https://www.ias.edu/news/2026-ams-awards-honor-past-ias-scholars,"За фундаментальный трактат 'Partial Differential Equations, Volumes I–III' (1996).",4,5,type:prize,Вручена на JMM 2026 (январь 2026). University of North Carolina.,2026-07-10T04:39:49
d908e6cf93291df0,"AMS Leroy P. Steele Prize for Seminal Contribution to Research 2026 — Yau, Erdős, Schlein","Horng-Tzer Yau, László Erdős, Benjamin Schlein",2026-01,AMS Steele Prize,E,prize,математическая физика,https://www.math.harvard.edu/horng-tzer-yau-awarded-2026-steele-prize-for-seminal-contribution-to-research/,"За серию из трёх работ, введших методы для полного понимания тонких спектральных свойств случайных матриц.",4,5,type:prize,"Вручена на JMM 2026 (январь 2026). Harvard (Yau), ISTA (Erdős), Universität Zürich (Schlein).",2026-07-10T04:39:49
e50c99a24303a880,The Floer Jungle: Charting the Development of a Theory,"Helmut Hofer, Siobhan Roberts",2026,AMS Books,E,book,история/философия математики,https://bookstore.ams.org/HMATH/51,Blends biography of Andreas Floer (1956-1991) with the story of how Floer theory transformed geometry and topology; reviewed by Peter Woit (Not Even Wrong) in June 2026.,5,2,"cross-field,expository,extractable,legible,type:book","AMS History of Mathematics vol. 51, 207 pp.; exact month not confirmed, listed as 2026. Actively discussed in window (Woit review 2026-06-05, IAS talk).",2026-07-10T04:39:49
e3ddbf4f8f05f4e8,The Proof in the Code: How a Truth Machine Is Transforming Math and AI,Kevin Hartnett,2026-06,Quanta Books / FSG,E,book,,https://www.simonsfoundation.org/2025/12/08/quanta-books-to-publish-popular-math-and-physics-titles-by-terence-tao-and-david-tong/,"First Quanta Books title, by the math journalist, on how formal-proof / AI 'truth machines' are reshaping mathematics.",4,3,"expository,extractable,high-signif,is_quanta,legible,type:book",Published June 2026; an excerpt on Terence Tao ran in Quanta (2026-06-08).,2026-07-10T04:39:49
f8d24980695b49da,Everything Is Fields,David Tong,2026,Quanta Books / FSG,E,book,математическая физика,https://www.simonsfoundation.org/2025/12/08/quanta-books-to-publish-popular-math-and-physics-titles-by-terence-tao-and-david-tong/,Popular account of quantum field theory and the 'hidden unity' tying together particles and forces.,4,2,"cross-field,expository,extractable,is_quanta,type:book",Announced 2025-12-08; math-adjacent (mathematical physics). Exact release date not fixed in announcement.,2026-07-10T04:39:49
62f0665b3e7721af,Review: Analytic Number Theory Revealed: A First Guide to Prime Numbers (Andrew Granville),Andrew Granville (author); reviewed via MAA,2026-06-11,MAA Reviews,E,review,теория чисел,https://maa.org/reviews/,MAA review of Granville's semi-popular first guide to prime numbers and analytic number theory.,4,3,"expository,high-signif,legible,type:review",Review date from maa.org/reviews listing; exact review permalink not captured.,2026-07-10T04:39:49
0542929cbc630fa3,Review: Mathematics in Politics and Governance (Aragon-Artacho & Goberna),"Francisco J. Aragon-Artacho, Miguel A. Goberna (authors); reviewed via MAA",2026-06-23,MAA Reviews,E,review,,https://maa.org/reviews/,MAA review of a book on the mathematics behind political systems and governance.,3,2,"expository,type:review",Review date from maa.org/reviews listing; exact permalink not captured.,2026-07-10T04:39:49
1b68f7154b0206f9,"Review: Tensors for Scientists: A Mathematical Introduction (Cannas da Silva, Imamoglu, Iozzi)","Ana Cannas da Silva, Ozlem Imamoglu, Alessandra Iozzi (authors); reviewed via MAA",2026-06-08,MAA Reviews,E,review,,https://maa.org/reviews/,MAA review of an introductory mathematical treatment of tensors for scientists.,4,2,"expository,legible,type:review",Review date from maa.org/reviews listing; exact permalink not captured.,2026-07-10T04:39:49
76e0c0b78ea27d9e,"Review: Differential Equations, Bifurcations and Chaos (Paul C. Matthews)",Paul C. Matthews (author); reviewed via MAA,2026-06-17,MAA Reviews,E,review,динамические системы,https://maa.org/reviews/,"MAA review of a text on differential equations, bifurcations and chaos.",3,2,"expository,type:review",Review date from maa.org/reviews listing; exact permalink not captured.,2026-07-10T04:39:49
2a7cc76bdbfdbd83,Review: From Classical L-Functions to Modern Reciprocity Laws (Claus Sorensen),Claus Sorensen (author); reviewed via MAA,2026-05-29,MAA Reviews,E,review,теория чисел,https://maa.org/reviews/,MAA review of a graduate text tracing L-functions to modern reciprocity laws.,3,2,"expository,type:review",Review date from maa.org/reviews listing; exact permalink not captured.,2026-07-10T04:39:49
58bf5e875cbc033d,Review: Learning Geometry Through Problem Solving (Boris Pritsker),Boris Pritsker (author); reviewed via MAA,2026-06-08,MAA Reviews,E,review,геометрия,https://maa.org/reviews/,MAA review of a problem-solving-driven introduction to geometry.,4,2,"expository,legible,type:review",Review date from maa.org/reviews listing; exact permalink not captured.,2026-07-10T04:39:49
28d53a6b77dcd798,80th birthday of Michel Waldschmidt,Michel Waldschmidt,2026-04-20,Anniversary,E,anniversary,теория чисел,https://en.wikipedia.org/wiki/Michel_Waldschmidt,"80th birthday of the transcendental-number-theorist, marked by the 9th Roman Number Theory Association mini-symposium, Universita Roma Tre, 20-22 April 2026.",4,2,type:anniversary,Born 1946; conference dates confirmed via search. Wikipedia used as reference URL (no stable dedicated conference URL captured).,2026-07-10T04:39:49
7b92b6573032b54b,"Death of Herman Chernoff (statistician), aged 103",Herman Chernoff,2026,Anniversary,E,obituary,вероятность,https://en.wikipedia.org/wiki/Deaths_in_2026,"Death of the influential American statistician (Chernoff bound, Chernoff faces) at 103.",4,2,type:obituary,Listed in Wikipedia 'Deaths in 2026'; exact month not confirmed - verify it falls before 2026-07-10.,2026-07-10T04:39:49
93600c4a1ad05deb,Death of Cleve Moler (creator of MATLAB),Cleve Moler,2026,Anniversary,E,obituary,,https://en.wikipedia.org/wiki/Deaths_in_2026,Death of the numerical analyst and MATLAB creator (MathWorks co-founder) at 86.,4,2,type:obituary,Listed in Wikipedia 'Deaths in 2026'; exact month not confirmed - verify it falls before 2026-07-10.,2026-07-10T04:39:49
5acda09d408c8e05,The Joy of Why: How Can Math Protect Our Data?,Mary Wootters (guest); Steven Strogatz (host),2025-08-07,The Joy of Why,E,podcast,computer science,https://www.quantamagazine.org/how-can-math-protect-our-data-20250807/,Stanford's Mary Wootters on error-correcting codes and the mathematics that keeps digital data safe.,5,2,"extractable,legible,type:podcast",Season 4.,2026-07-10T04:39:49
50d0d24b642875bf,The Joy of Why: What Is the Positive Grassmannian and Why Does It Show Up Everywhere?,Lauren Williams (guest); Steven Strogatz (host),2026-06-25,The Joy of Why,E,podcast,комбинаторика,https://www.quantamagazine.org/what-is-the-positive-grassmannian-and-why-does-it-show-up-everywhere-20260625/,Harvard's Lauren Williams on how the positive Grassmannian in algebraic combinatorics turns up across mathematics and physics.,5,2,"extractable,legible,type:podcast",Season 5.,2026-07-10T04:39:49
351df64694392920,The Joy of Why: Why Did the Universe Begin?,Thomas Hertog (guest); Janna Levin / Steven Strogatz (hosts),2025-07-24,The Joy of Why,E,podcast,математическая физика,https://www.quantamagazine.org/why-did-the-universe-begin-20250724/,Cosmologist Thomas Hertog on his work with Stephen Hawking on a universe whose laws evolved over time.,5,2,"extractable,legible,type:podcast",Season 4; math-adjacent (mathematical physics).,2026-07-10T04:39:49
ae0940efb4af9bc1,The Joy of Why: What's the Future of Gene Editing?,Jennifer Doudna (guest); Steven Strogatz / Janna Levin (hosts),2026-06-11,The Joy of Why,E,podcast,,https://www.quantamagazine.org/whats-the-future-of-gene-editing-20260611/,Nobel laureate Jennifer Doudna on discovering CRISPR and the future of genome editing.,5,2,"extractable,legible,type:podcast",Season 5 opener; included for completeness though not a math topic.,2026-07-10T04:39:49
3c7deec8cca82c25,The Joy of Why: Will We Ever Find Alien Civilizations?,David Kipping (guest); Janna Levin (host),2026-07-09,The Joy of Why,E,podcast,статистика,https://www.quantamagazine.org/will-we-ever-find-alien-civilizations-20260709/,Columbia astronomer David Kipping on the statistics and search for extraterrestrial civilizations.,5,2,"extractable,legible,type:podcast",Season 5; latest in-window episode (2026-07-09).,2026-07-10T04:39:49
e93a37fb9ee493a4,"The Cartesian Cafe: Physics Grifters - Eric Weinstein, Sabine Hossenfelder, and a Crisis of Credibility",Timothy Nguyen (host),2025-08-21,Cartesian Cafe,E,podcast,,https://cartesiancafe.podbean.com/,Commentary episode on credibility in physics/math public communication - the podcast's only in-window release.,4,2,"extractable,type:podcast","Cartesian Cafe went largely dormant after Dec 2024; this is a commentary episode, not a math-guest interview. No new mathematician-guest episodes found in window.",2026-07-10T04:39:49
220e0be961e9763b,The Joy of Why: Do Beautiful Birds Have an Evolutionary Advantage?,Richard Prum (guest); Janna Levin (host),2025-08-21,The Joy of Why,E,podcast,,https://www.quantamagazine.org/do-beautiful-birds-have-an-evolutionary-advantage-20250821/,Yale's Richard Prum on aesthetic evolution and whether beauty confers evolutionary advantage.,5,2,"extractable,legible,type:podcast",Season 4 finale; included for full podcast coverage though not a math topic.,2026-07-10T04:39:49
