oborot	chastota_nejroset
печ с	385
поле узел	254
узел картотеки	253
поле узел узел	252
поле узел узел картотеки	252
узел узел картотеки	252
поле род	161
поле уровень	157
поле вход	156
требует приручения	156
поле вердикт	145
поле следует	144
поле следует из	144
уровень требует	141
уровень требует приручения	141
поле следует из следует из	140
следует из следует	140
вход безусловно	140
поле следует из следует	140
следует из следует из	140
поле вход безусловно	138
вход безусловно поле	134
безусловно поле	134
поле вход безусловно поле	134
в гейте	130
уровень школьно	120
вердикт тривиально	118
безусловно поле уровень	118
вход безусловно поле уровень	118
поле вход безусловно поле уровень	118
род внутреннее	110
поле вердикт тривиально	108
вердикт тривиально поле	106
тривиально поле вход	106
тривиально поле	106
поле вердикт тривиально поле	106
вердикт тривиально поле вход	106
поле вердикт тривиально поле вход	106
поле зона	104
поле род внутреннее	104
печ с в	101
адрес л	100
поле род внутреннее поле вердикт	100
род внутреннее поле вердикт	100
поле род внутреннее поле	100
внутреннее поле	100
род внутреннее поле	100
внутреннее поле вердикт	100
зона зона	95
поле зона зона	94
с в гейте	93
печ с в гейте	93
тривиально поле вход безусловно	92
тривиально поле вход безусловно поле	92
вердикт тривиально поле вход безусловно поле	92
тривиально поле вход безусловно поле уровень	92
поле вердикт тривиально поле вход безусловно	92
вердикт тривиально поле вход безусловно	92
поле оправдание	90
поле не говорим	88
куда дальше	86
поле зависимости	84
не говорим не	82
поле уровень школьно	81
не говорим не говорим	80
поле не говорим не говорим	80
поле не говорим не	80
следует из следует из независимый ход	80
поле следует из следует из независимый	80
из следует из независимый	80
следует из следует из независимый	80
следует из независимый ход	80
из следует из независимый ход	80
независимый ход	80
следует из независимый	80
поле оправдание оправдание	80
из независимый	80
оправдание оправдание	80
из независимый ход	80
зависимости зависимости	80
поле зависимости зависимости	80
говорим не говорим	80
внутреннее поле вердикт тривиально поле вход	78
внутреннее поле вердикт тривиально поле	78
поле род внутреннее поле вердикт тривиально	78
поле уровень школьно поле	78
род внутреннее поле вердикт тривиально	78
род внутреннее поле вердикт тривиально поле	78
школьно поле	78
уровень школьно поле	78
внутреннее поле вердикт тривиально	78
предельный пол	76
источники понятие	76
нет в картотеке	76
узел картотеки нет	74
картотеки нет	74
узел узел картотеки нет	74
узел картотеки нет в картотеке	74
узел узел картотеки нет в	74
картотеки нет в картотеке	74
картотеки нет в	74
узел узел картотеки нет в картотеке	74
узел картотеки нет в	74
поле узел узел картотеки нет	74
поле узел узел картотеки нет в	74
квадрат естественности	73
средний таргет	73
поле уровень школьно поле узел узел	72
школьно поле узел узел	72
поле уровень школьно поле узел	72
школьно поле узел узел картотеки	72
уровень школьно поле узел	72
зал берёт	72
школьно поле узел	72
уровень школьно поле узел узел картотеки	72
уровень школьно поле узел узел	72
когда читать	71
поле вход безусловно поле уровень школьно	70
вход безусловно поле уровень школьно поле	70
вход безусловно поле уровень школьно	70
безусловно поле уровень школьно поле	70
безусловно поле уровень школьно поле узел	70
безусловно поле уровень школьно	70
высоцкий кружок	70
со слайда	68
функтор сохраняет	68
текстовый слой	65
уровень зал	64
поле уровень требует приручения поле	64
требует приручения поле	64
уровень требует приручения поле	64
поле уровень требует	64
поле уровень требует приручения	64
приручения поле	64
уровень зал берёт	63
развода зон	62
зона определяем	62
гейт согласованности	62
определяем поле	60
внешнее пример	59
следует из у	58
зона определяем поле зависимости зависимости	58
зона зона определяем поле зависимости зависимости	58
зона определяем поле	58
поле зона зона определяем поле зависимости	58
зона зона определяем поле зависимости	58
зона определяем поле зависимости	58
определяем поле зависимости зависимости	58
определяем поле зависимости	58
зона зона определяем поле	58
зона зона определяем	58
поле зона зона определяем	58
поле зона зона определяем поле	58
корзина трюк	57
картотеки поле следует из следует из	56
из следует из у	56
картотеки поле	56
картотеки поле следует из	56
следует из следует из у	56
картотеки поле следует из следует	56
узел картотеки поле следует из следует	56
узел картотеки поле	56
картотеки поле следует	56
узел картотеки поле следует из	56
узел картотеки поле следует	56
узел узел картотеки поле	56
поле следует из следует из у	56
узел узел картотеки поле следует	56
узел узел картотеки поле следует из	56
поле узел узел картотеки поле	56
поле узел узел картотеки поле следует	56
печ у	55
п кл	54
требует приручения поле узел узел	54
приручения поле узел узел картотеки	54
приручения поле узел узел	54
з печ	54
з печ с	54
уровень требует приручения поле узел	54
требует приручения поле узел	54
приручения поле узел	54
уровень требует приручения поле узел узел	54
требует приручения поле узел узел картотеки	54
поле уровень требует приручения поле узел	54
шень з	53
говорим не говорим о	52
не говорим не говорим о	52
поле не говорим не говорим о	52
не читан	50
шень з печ с	50
высоцкий кружок печ	50
шень з печ	50
кружок печ	50
вне школы	49
во вкладке	49
слайда сжато	49
текст слайда сжато	49
до функтора	49
циклическая лемма	48
зон поле	48
развода зон поле	48
минутной базы	48
ходовая доля	46
история решений	46
англ стр	46
фаза смета	46
не сверено	45
требует приручения адрес	44
приручения адрес	44
текстовый слой есть	44
уровень требует приручения адрес	44
флаг закрыт	44
требует приручения адрес л	44
уровень требует приручения адрес л	44
по надиктовке	44
приручения адрес л	44
что сюда	44
сюда дописывать	44
по сегментам	44
курса не	43
уровень зал берёт адрес	43
берёт адрес	43
опционная издержка	43
зал берёт адрес л	43
зал берёт адрес	43
что сюда дописывать	43
уровень зал берёт адрес л	43
берёт адрес л	43
поле раскладка	43
род внешнее	42
в листок	42
расслоённое произведение	42
слайд про	42
род внешнее пример	42
теневая цена ёмкости	42
цена ёмкости	42
шень з печ с в гейте	41
гл печ	41
открытые данные	41
з печ с в гейте	41
шень з печ с в	41
з печ с в	41
кружок печ с	40
стоимость ёмкости	40
вход безусловно поле уровень требует приручения	40
безусловно поле уровень требует приручения	40
безусловно поле уровень требует приручения поле	40
поле вход безусловно поле уровень требует	40
по сегменту	40
км сут	40
высоцкий кружок печ с	40
вход безусловно поле уровень требует	40
безусловно поле уровень требует	40
поле вопрос	39
изоморфизм видов	39
не тронут	39
до всякой	38
поле род внешнее пример поле вердикт	38
род внешнее пример поле	38
поле граница	38
вердикт нетривиально	38
пример поле вердикт	38
нет проверено	38
род внешнее пример поле вердикт	38
внешнее пример поле вердикт	38
поле род внешнее пример	38
фаза текст слайдов	38
поле род внешнее пример поле	38
т печ	38
фаза текст	38
на морфизмах	38
внешнее пример поле	38
не удалено	38
поле род внешнее	38
рисовать не	37
внутри графики	37
поле оправдание оправдание требуется	36
файлы не	36
оправдание требуется	36
предельные издержки	36
требуется сюжетом	36
оправдание оправдание требуется	36
названное исключение	35
стр текстовый слой	35
не функтор	35
фазы ф	35
стр текстовый	35
дракона ранга	35
высоцкий ященко	35
картотеки не	35
минутная ставка	35
узел узел картотеки не	34
что изображено	34
по оглавлению	34
не сверено до развода зон	34
узел узел картотеки не сверено до	34
не сверено до	34
его карта	34
здесь а не	34
за длительность	34
узел узел картотеки не сверено	34
продолжается до функтора	34
поле узел узел картотеки не сверено	34
до развода	34
узел картотеки не сверено до развода	34
картотеки не сверено	34
за км	34
конвейер фазы	34
узел картотеки не сверено	34
сверено до развода	34
высоцкий кружок печ с в	34
правило общее	34
картотеки не сверено до развода	34
картотеки не сверено до	34
но правило общее	34
зачем эта группа	34
не сверено до развода	34
картотеки не сверено до развода зон	34
эфф скорость	34
узел картотеки не сверено до	34
сверено до	34
не произносим	34
кружок печ с в	34
сверено до развода зон	34
арка закрыта	34
узел картотеки не	34
до развода зон	34
поле узел узел картотеки не	34
поле вердикт нетривиально	34
канон закрыто	34
высоцкий кружок печ с в гейте	33
который краснеет	33
кружок печ с в гейте	33
конвейер до	33
архив конвейер до	33
архив конвейер	33
конвейер стадий	33
п руками	33
дано раньше	33
зон поле следует из следует	32
развода зон поле следует из	32
нет поле	32
зон поле следует из	32
поле узел узел картотеки п	32
живой конвейер	32
конвейер фазы ф ф	32
фазы ф ф его	32
фазы ф ф	32
дерево живой конвейер	32
стр текстовый слой есть	32
вердикт нетривиально поле вход	32
конвейер фазы ф ф его	32
понятие функтор	32
реестр инструментов	32
зон поле следует	32
поле вердикт нетривиально поле вход	32
конвейер фазы ф	32
нетривиально поле	32
ф ф его	32
ф его карта	32
дискриминация второй	32
ничего не удалено	32
дерево живой конвейер фазы ф ф	32
фазы ф ф его карта	32
нетривиально поле вход	32
дерево живой	32
живой конвейер фазы ф ф	32
развода зон поле следует	32
живой конвейер фазы ф ф его	32
ф ф его карта	32
ф его	32
каждая лекция	32
узел картотеки п	32
живой конвейер фазы	32
помечено заходом	32
поле нить	32
поле вердикт нетривиально поле	32
картотеки п	32
конвейер фазы ф ф его карта	32
дерево живой конвейер фазы ф	32
дискриминация второй степени	32
узел узел картотеки п	32
развода зон поле следует из следует	32
дерево живой конвейер фазы	32
вердикт нетривиально поле	32
живой конвейер фазы ф	32
школьно поле узел узел картотеки нет	32
зон поле следует из следует из	32
дописывать только	31
вот но	31
по парку	31
сборка и	31
мини курс	31
и диск	31
старый конвейер	31
старый конвейер стадий	31
путь дерево	31
тела блоков	31
что сюда дописывать только	31
статус выверено	31
по волнам	31
сюда дописывать только	31
гейт согласованности который краснеет	30
гейт согласованности архивные	30
реестр инструментов и гейт согласованности	30
оправдание оправдание требуется сюжетом	30
может оказаться живой в другом проекте	30
и диск разъезжаются отсюда ничего не	30
согласованности который	30
реестр инструментов и гейт	30
когда реестр	30
гейт согласованности который краснеет когда реестр	30
другом проекте помечено заходом гейт	30
и гейт согласованности который	30
реестр дерево живой	30
когда реестр и диск	30
стадия может оказаться живой в другом	30
не читает вовсе	30
история решений единственное чем доказывается почему	30
читает вовсе	30
файл описывает старый	30
описывает старый конвейер стадий реестр	30
единственное чем доказывается почему так	30
удалено история решений единственное чем	30
решений единственное чем	30
машиночитаемый реестр инструментов и гейт	30
оказаться живой в другом проекте помечено	30
история решений единственное чем	30
оказаться живой в другом	30
реестр и диск разъезжаются отсюда	30
ничего не удалено история	30
не удалено история решений	30
архивные файлы не	30
в другом проекте помечено заходом	30
машиночитаемый реестр инструментов и гейт согласованности	30
заходом гейт согласованности	30
чем доказывается почему	30
проекте помечено заходом гейт согласованности архивные	30
разъезжаются отсюда ничего не удалено	30
конвейер до файл описывает старый конвейер	30
ф его карта там	30
живой в другом проекте помечено заходом	30
разъезжаются отсюда ничего	30
доказывается почему так и стадия может	30
не удалено история решений единственное	30
же машиночитаемый реестр	30
карта там же машиночитаемый	30
почему так и стадия может оказаться	30
конвейер стадий реестр	30
стадия может	30
там же машиночитаемый	30
который краснеет когда реестр и диск	30
гейт согласованности архивные файлы	30
условный блок	30
стадий реестр дерево живой конвейер	30
другом проекте помечено заходом гейт согласованности	30
файлы не читает	30
файл описывает старый конвейер	30
который краснеет когда реестр и	30
согласованности архивные файлы не читает	30
до файл описывает старый конвейер стадий	30
ф его карта там же машиночитаемый	30
решений единственное чем доказывается почему так	30
карта там	30
может оказаться живой в другом	30
живой в другом проекте	30
конвейер до файл описывает	30
в другом проекте	30
когда реестр и	30
пер трип	30
чем доказывается почему так и стадия	30
же машиночитаемый реестр инструментов и	30
вердикт нетривиально поле вход безусловно	30
поле оправдание оправдание требуется сюжетом	30
реестр и диск	30
гейт согласованности архивные файлы не читает	30
не удалено история	30
реестр и диск разъезжаются отсюда ничего	30
оказаться живой в	30
источник правды	30
стадия может оказаться живой в	30
почему так и	30
карта там же машиночитаемый реестр инструментов	30
живой в другом	30
его карта там же машиночитаемый	30
слово ранга	30
диск разъезжаются отсюда	30
оказаться живой в другом проекте	30
ломаная ранга	30
не продолжается до функтора	30
проверено машиной	30
доказывается почему так	30
реестр инструментов и гейт согласованности который	30
файлы не читает вовсе	30
краснеет когда реестр и диск разъезжаются	30
отсюда ничего не удалено история	30
стадия может оказаться живой	30
машиночитаемый реестр	30
оказаться живой	30
история решений единственное чем доказывается	30
помечено заходом гейт согласованности архивные файлы	30
ничего не удалено история решений	30
отсюда ничего	30
же машиночитаемый реестр инструментов и гейт	30
его карта там	30
конвейер стадий реестр дерево живой конвейер	30
проекте помечено	30
же машиночитаемый реестр инструментов	30
его карта там же машиночитаемый реестр	30
согласованности архивные файлы не читает вовсе	30
проекте помечено заходом	30
диск разъезжаются отсюда ничего	30
реестр и диск разъезжаются	30
описывает старый конвейер стадий	30
диск разъезжаются	30
стадия может оказаться	30
почему так и стадия может	30
помечено заходом гейт согласованности архивные	30
и стадия может оказаться	30
отсюда ничего не	30
и стадия может	30
так и стадия может оказаться	30
карри ховард	30
его карта там же	30
реестр дерево живой конвейер фазы ф	30
реестр дерево	30
реестр дерево живой конвейер	30
краснеет когда реестр	30
и гейт согласованности	30
гейт согласованности архивные файлы не	30
разъезжаются отсюда	30
проекте помечено заходом гейт согласованности	30
удалено история	30
инструментов и гейт согласованности который	30
ничего не удалено история решений единственное	30
помечено заходом гейт согласованности	30
конвейер стадий реестр дерево живой	30
согласованности который краснеет когда реестр	30
чего рисовать	30
карта там же	30
так и стадия может	30
карта там же машиночитаемый реестр	30
стадий реестр дерево	30
чем доказывается почему так	30
единственное чем доказывается почему	30
ф его карта там же	30
согласованности который краснеет когда реестр и	30
конвейер до файл описывает старый	30
и стадия может оказаться живой в	30
поле вердикт нетривиально поле вход безусловно	30
решений единственное чем доказывается почему	30
краснеет когда реестр и диск	30
старый конвейер стадий реестр дерево живой	30
другом проекте помечено заходом	30
и гейт согласованности который краснеет	30
инструментов и гейт согласованности который краснеет	30
разъезжаются отсюда ничего не удалено история	30
чем доказывается	30
удалено история решений единственное чем доказывается	30
комбинаторных видов	30
инструментов и гейт согласованности	30
и стадия может оказаться живой	30
конвейер до файл	30
единственное чем доказывается	30
ф ф его карта там	30
и диск разъезжаются отсюда ничего	30
краснеет когда	30
архив конвейер до файл	30
описывает старый конвейер стадий реестр дерево	30
диск разъезжаются отсюда ничего не удалено	30
оправдание требуется сюжетом	30
до файл описывает	30
доказывается почему так и	30
файл описывает старый конвейер стадий	30
же машиночитаемый	30
может оказаться живой в	30
старый конвейер стадий реестр дерево	30
описывает старый	30
гейт согласованности который краснеет когда	30
живой в другом проекте помечено	30
помечено заходом гейт	30
старый конвейер стадий реестр	30
архивные файлы не читает вовсе	30
заходом гейт согласованности архивные файлы	30
там же машиночитаемый реестр инструментов и	30
и диск разъезжаются	30
архивные файлы	30
единственное чем доказывается почему так и	30
в другом проекте помечено	30
так и стадия может оказаться живой	30
стадий реестр дерево живой	30
согласованности который краснеет	30
фазы ф ф его карта там	30
так и стадия	30
отсюда ничего не удалено	30
файл описывает	30
архивные файлы не читает	30
согласованности который краснеет когда	30
там же машиночитаемый реестр	30
нетривиально поле вход безусловно	30
шень печ	30
другом проекте помечено	30
доказывается почему	30
который краснеет когда	30
проекте помечено заходом гейт	30
согласованности архивные	30
инструментов и гейт	30
ф ф его карта там же	30
в другом проекте помечено заходом гейт	30
согласованности архивные файлы	30
отсюда ничего не удалено история решений	30
и стадия	30
история решений единственное	30
и гейт согласованности который краснеет когда	30
разъезжаются отсюда ничего не	30
описывает старый конвейер	30
когда реестр и диск разъезжаются отсюда	30
решений единственное	30
и диск разъезжаются отсюда	30
до файл описывает старый конвейер	30
файл описывает старый конвейер стадий реестр	30
машиночитаемый реестр инструментов	30
краснеет когда реестр и	30
заходом гейт согласованности архивные	30
стадий реестр дерево живой конвейер фазы	30
может оказаться живой	30
заходом гейт	30
не удалено история решений единственное чем	30
когда реестр и диск разъезжаются	30
до файл	30
конвейер стадий реестр дерево	30
который краснеет когда реестр	30
другом проекте	30
там же машиночитаемый реестр инструментов	30
заходом гейт согласованности архивные файлы не	30
чем доказывается почему так и	30
гейт согласованности который	30
архив конвейер до файл описывает старый	30
архив конвейер до файл описывает	30
согласованности архивные файлы не	30
реестр инструментов и	30
реестр дерево живой конвейер фазы	30
карточный граф	30
упр печ	30
до файл описывает старый	30
удалено история решений	30
доказывается почему так и стадия	30
диск разъезжаются отсюда ничего не	30
машиночитаемый реестр инструментов и	30
стадий реестр	30
решений единственное чем доказывается	30
удалено история решений единственное	30
почему так и стадия	30
комбинаторные виды	29
уровень вне	29
подбирает солвер	29
объект натуральных чисел	29
первого захода	29
изоморфизма нет	29
не общий	29
владельца по	29
л оптимизация	29
обрезан на	29
типографику подбирает	29
комбинаторный вид	29
корзина уровень	29
чем наглядна	29
открытые задачи	29
для зала	29
без разбора	29
показать руками	29
объект натуральных	29
типографику подбирает солвер	29
а слайд	29
источник листок	29
этом заходе	29
как показать руками	29
за владельцем	29
на биекциях	29
не произносится	28
владелец сказал	28
чего рисовать не	28
зависимости категория	28
школьно поле узел узел картотеки поле	28
сколько объектов и как подписаны	28
итог не	28
род внешнее пример поле вердикт тривиально	28
сколько объектов	28
внешнее пример поле вердикт тривиально поле	28
внешнее пример поле вердикт тривиально	28
объектов и как	28
как подписаны	28
оправдание нужно	28
рисовать не надо	28
определяем поле зависимости зависимости категория	28
поле оправдание оправдание нужно	28
сколько объектов и как	28
после развода зон	28
утв называем	28
что зал	28
в арку	28
объектов и как подписаны	28
в первом заходе	28
первом заходе	28
чего рисовать не надо	28
зона определяем поле зависимости зависимости категория	28
пример поле вердикт тривиально	28
оправдание оправдание нужно	28
пример поле вердикт тривиально поле вход	28
зависимости зависимости категория	28
и как подписаны	28
сколько объектов и	28
поле зависимости зависимости категория	28
пример поле вердикт тривиально поле	28
дек обложка	28
листок з	27
это вот	27
влезает ли	27
англ стр текстовый слой есть	27
карри ховард ламбек	27
в этом заходе	27
англ стр текстовый	27
ровно та	27
ховард ламбек	27
здесь написать	27
мягкий вход	27
поле граница жёсткая	27
з шень	27
естественность по	27
пол рынок	27
англ стр текстовый слой	27
проверено перебором	27
источники понятие функтор	27
один морфизм	27
давай мы	27
граница жёсткая	27
эффективная скорость	26
ровно тогда когда	26
формулировка покажите что	26
картотеки нет в картотеке карточка	26
формулировка покажите	26
карточка после	26
картотеке поле	26
признак на	26
зал не	26
картотеке поле следует из	26
слайд может быть	26
карточка после развода	26
нетривиально поле вход безусловно поле уровень	26
категория с одним	26
в картотеке поле следует	26
картотеке карточка	26
источник листок з	26
чжун феллер	26
не проверено	26
под заказом	26
в картотеке карточка после развода	26
лернер по	26
узел картотеки нет в картотеке карточка	26
лернер по сегменту	26
картотеке поле следует из следует из	26
после развода зон поле	26
для владельца	26
картотеке карточка после развода зон поле	26
нет в картотеке поле	26
проверено по	26
написать текст	26
картотеке карточка после	26
узел картотеки нет в картотеке поле	26
если спросят	26
ранг ранг	26
картотеке карточка после развода	26
нет в картотеке карточка после развода	26
картотеки нет в картотеке карточка после	26
в картотеке поле следует из	26
данные москвы	26
картотеки нет в картотеке поле	26
категория с одним объектом	26
нетривиально поле вход безусловно поле	26
карточка после развода зон поле	26
картотеке карточка после развода зон	26
вот ну	26
в картотеке карточка после	26
картотеке поле следует из следует	26
в картотеке поле следует из следует	26
картотеки нет в картотеке поле следует	26
картотеке поле следует	26
смета вмещения	26
признак на диске	26
стоит здесь	26
нет в картотеке поле следует из	26
в картотеке поле	26
в картотеке карточка	26
проверено для	26
приручения поле узел узел картотеки поле	26
собирать с	26
нет в картотеке поле следует	26
нет в картотеке карточка	26
карточка после развода зон	26
генератором из	26
вердикт нетривиально поле вход безусловно поле	26
фазы фаза	26
нет в картотеке карточка после	26
в картотеке карточка после развода зон	26
по обмоткам	26
влезает ли написанный	25
краснеть тут	25
ли написанный	25
л криптография	25
данных москвы	25
в куда дальше	25
ховарда ламбека	25
скомпилированном слайде	25
написать текст слайда	25
при нужде	25
бюджет в	25
дважды двойственное	25
не надо не	25
лекцию целиком	25
ли написанный текст	25
кэш формул	25
у владельца	25
слайд отдельно	25
утилизация минутной	25
первой сборки	25
на скомпилированном слайде	25
на скомпилированном	25
карточек до	25
целиком стр	25
браузер не	25
карри ховарда ламбека	25
их данных	25
сервисный сбор	25
влезает ли написанный текст	25
стоит здесь а	25
мало текста	24
и собрать весь дек обложка	24
и собрать весь дек обложка визитка	24
текст слайдов написать текст слайда сжато	24
слайдов написать текст слайда сжато	24
как текст написан	24
текст физически не обрезан на скомпилированном	24
узнать бюджет в строках	24
слайдов написать	24
и собрать весь дек	24
написанному проверить чистым питоном влезает ли	24
смета вмещения узнать бюджет в строках	24
из типографику подбирает	24
физически не обрезан	24
сборка и собрать весь	24
строках до того как текст написан	24
не обрезан	24
солвер слайд	24
физически не обрезан на скомпилированном слайде	24
целиком флаг	24
кэш формул собрать из	24
обрезан на скомпилированном слайде	24
слайдов написать текст слайда	24
написать текст слайда сжато тем же	24
вёрстку сам	24
тем же составом блоков	24
же составом блоков	24
и собрать весь	24
физически не обрезан на скомпилированном	24
узнать бюджет в строках до	24
иллюстрации назвать файлы в положить	24
в строках до того	24
собрать весь	24
из типографику подбирает солвер	24
бюджет в строках до того как	24
текст физически не	24
до того как текст написан	24
быть без	24
вмещения узнать бюджет в строках	24
физически не обрезан на	24
раскадровка решить	24
смета по написанному проверить чистым питоном	24
формул собрать	24
смета вмещения узнать	24
в строках до того как текст	24
назвать файлы	24
называем мостиком	24
слайда сжато тем же составом блоков	24
текст слайда сжато тем же	24
не обрезан на	24
вмещения узнать бюджет в	24
по написанному проверить	24
формул собрать из карточек	24
весь дек обложка	24
текст слайдов написать	24
руками кл	24
решил вёрстку	24
уровень вне школы	24
вмещение текст физически не обрезан на	24
написанному проверить	24
вмещения узнать бюджет	24
гейт бюджета	24
вмещения узнать бюджет в строках до	24
всякой сборки	24
узнать бюджет в	24
него откажутся	24
обрезан на скомпилированном	24
проверить чистым питоном влезает ли	24
составом блоков	24
вёрстка собрать	24
в строках до	24
уровень не	24
вмещение текст	24
формул собрать из	24
текст физически не обрезан	24
слайда а не	24
проверить чистым	24
чистым питоном влезает ли написанный текст	24
по написанному проверить чистым питоном влезает	24
обложка визитка финальный	24
вёрстка собрать и	24
по написанному проверить чистым	24
сжато тем же составом	24
строках до	24
браузер не нужен	24
текст слайда сжато тем же составом	24
без него откажутся	24
бюджет в строках до	24
строк даёт	24
вмещение текст физически не обрезан	24
написанному проверить чистым питоном влезает	24
проверить чистым питоном влезает ли написанный	24
три картинки	24
сжато тем же	24
собрать весь дек	24
не подписывать	24
может быть без	24
до первой сборки	24
назвать файлы в	24
весь дек обложка визитка	24
но пометку	24
смета вмещения узнать бюджет в	24
возврат разрешён	24
текст слайдов написать текст	24
текст физически не обрезан на	24
развёрнуто по	24
из типографику	24
слайда сжато тем же составом	24
солвер слайд не	24
формул собрать из карточек до	24
текст слайдов написать текст слайда	24
слайдов написать текст слайда сжато тем	24
не обрезан на скомпилированном	24
дек обложка визитка	24
функтор это	24
по написанному проверить чистым питоном	24
в акте	24
собрать из карточек до первой	24
тем же составом	24
строках до того как	24
заголовка на	24
слайдов написать текст	24
сборка и собрать	24
ловер шануэль	24
узнать бюджет	24
кэш формул собрать из карточек	24
питоном влезает ли	24
иллюстрации назвать	24
текст слайда сжато тем	24
чистым питоном влезает	24
предупорядоченное множество	24
чистым питоном	24
куда это	24
того как текст написан	24
бид прайс	24
из карточек до	24
файлы в положить	24
строках до того как текст	24
строках до того	24
карточек до первой	24
собрать из карточек до первой сборки	24
собрать из карточек до	24
чистым питоном влезает ли	24
собрать весь дек обложка визитка	24
сколько строк даёт	24
из карточек до первой	24
про функторы	24
визитка финальный	24
проверить чистым питоном влезает	24
написанному проверить чистым питоном	24
бюджет в строках до того	24
был зелёным	24
вмещения узнать	24
решил вёрстку сам	24
иллюстрации назвать файлы	24
до всякой сборки	24
по написанному	24
питоном влезает	24
написать текст слайда сжато	24
сборка и собрать весь дек	24
из карточек до первой сборки	24
в строках до того как	24
формул собрать из карточек до первой	24
смета по	24
написать текст слайда сжато тем	24
собрать из карточек	24
чистым питоном влезает ли написанный	24
написанному проверить чистым	24
же составом	24
не обрезан на скомпилированном слайде	24
вмещение текст физически не	24
слайда сжато тем	24
абзаца из	24
смета по написанному проверить	24
сборка и собрать весь дек обложка	24
бюджет в строках	24
питоном влезает ли написанный текст	24
здесь а не на	24
смета по написанному	24
не изоморфизм	24
четыре абзаца	24
иллюстрации назвать файлы в	24
смета по написанному проверить чистым	24
карточек до первой сборки	24
смета вмещения узнать бюджет	24
тождественного функтора	24
вёрстка собрать и посмотреть	24
собрать и посмотреть	24
питоном влезает ли написанный	24
проверить чистым питоном	24
сжато тем	24
закрытие фазы	24
вмещение текст физически	24
слайда сжато тем же	24
текст физически	24
сжато тем же составом блоков	24
назвать файлы в положить	24
кэш формул собрать из карточек до	24
узнать бюджет в строках до того	24
кэш формул собрать	24
собрать весь дек обложка	24
солвер решил вёрстку сам в	23
написанный текст до всякой	23
влезет браузер не нужен фаза	23
математике фаза смета по написанному	23
в математике фаза	23
четыре абзаца из	23
что проверяет	23
снять здесь	23
написанный текст до	23
браузера фаза кэш формул собрать из	23
солвер слайд не тронет переподобрать лекцию	23
заплатка п п	23
гейт бюджета слов краснеть тут	23
краснеть тут не умеет он	23
блоков что в	23
фаза иллюстрации	23
фаза смета по написанному	23
где со слайда пропало четыре	23
строка легальна слайд может быть	23
них влезет браузер не нужен	23
скомпилированных слайдов и браузера	23
слайд не тронет переподобрать	23
не нужен фаза текст слайдов	23
в них влезет браузер не	23
отдельно фаза иллюстрации назвать	23
фаза текст слайдов написать	23
фазы вмещение текст физически	23
пометку заполнить обязана снять здесь	23
лекцию целиком флаг	23
фазы вмещение текст физически не	23
переподобрать лекцию целиком	23
как текст написан сколько строк даёт	23
того как текст написан сколько строк	23
тронет переподобрать	23
фаза кэш формул	23
в положить или в фаза	23
выбранная пара и сколько блоков	23
не вёрстку	23
решил вёрстку сам в	23
блоков математика	23
финальный порождаются генератором	23
п п фаза закрытие фазы	23
влезет браузер не нужен фаза текст	23
тронет переподобрать лекцию	23
заплатка п	23
считает знаки	23
солвер решил вёрстку	23
требует скомпилированных слайдов и браузера потому	23
и был зелёным ровно там	23
раскадровка решить в шапке пустая строка	23
на экране но	23
до всякой сборки и	23
без браузера фаза	23
гейт бюджета слов краснеть	23
как текст написан сколько	23
а не вёрстку и	23
фазы вмещение текст физически не обрезан	23
на скомпилированном слайде гейт	23
написанный текст до всякой сборки и	23
сколько строк даёт выбранная	23
влезает ли написанный текст до	23
текст до всякой сборки	23
карточек до первой сборки без него	23
браузера фаза кэш формул	23
всегда в одну сторону	23
сборки и без браузера фаза кэш	23
четыре абзаца из семи	23
там где со слайда пропало четыре	23
не обрезан на скомпилированном слайде гейт	23
обязана снять здесь написать тела блоков	23
быть без заголовка на экране	23
строк даёт выбранная пара	23
солвер решил вёрстку сам	23
обязана снять здесь написать	23
раскадровка решить в шапке пустая	23
с заплатка п п фаза	23
снять здесь написать тела	23
написать тела блоков математика	23
всякой сборки и без	23
фаза сборка	23
пропало четыре	23
сколько блоков в них влезет браузер	23
функтора нет	23
на экране но пометку заполнить обязана	23
из семи требует скомпилированных слайдов	23
блоков что в математике фаза	23
отдельно фаза иллюстрации назвать файлы	23
слайд отдельно фаза иллюстрации назвать	23
текст написан сколько	23
считает знаки а	23
требует скомпилированных слайдов и	23
экране но пометку заполнить обязана снять	23
с заплатка п п	23
в шапке пустая строка легальна слайд	23
умеет он считает знаки	23
подбирает солвер решил вёрстку	23
а не на фазе фаза	23
был зелёным ровно там	23
визитка финальный порождаются генератором	23
экране но пометку заполнить	23
блоков математика развёрнуто по разметке	23
даёт выбранная пара и	23
развёрнуто по разметке	23
тут не умеет он считает	23
вёрстку и был зелёным ровно там	23
до всякой сборки и без	23
нужен фаза текст слайдов	23
фаза текст слайдов написать текст слайда	23
требует скомпилированных слайдов	23
заплатка п п фаза закрытие фазы	23
потому стоит здесь	23
и сколько блоков в них	23
без него откажутся молча	23
фаза вёрстка собрать и посмотреть слайд	23
здесь написать тела блоков	23
читать когда	23
но пометку заполнить обязана снять здесь	23
порождаются генератором из типографику	23
составом блоков что в математике	23
здесь написать тела	23
рисовать не надо не	23
финальный порождаются генератором из типографику подбирает	23
а не вёрстку и был зелёным	23
разметке фазы	23
стоит здесь а не	23
заголовка на экране но пометку заполнить	23
слов краснеть тут не умеет	23
краснеть тут не	23
браузера фаза кэш формул собрать	23
в математике фаза смета по написанному	23
весь дек обложка визитка финальный порождаются	23
даёт выбранная пара и сколько	23
скомпилированных слайдов и	23
того как текст написан сколько	23
текст написан сколько строк даёт	23
зелёным ровно там где со слайда	23
даёт выбранная пара	23
в фаза сборка и собрать	23
пометку заполнить обязана	23
шапке пустая строка легальна слайд может	23
развёрнуто по разметке фазы	23
слайдов и браузера потому стоит здесь	23
фаза кэш формул собрать из карточек	23
финальный порождаются генератором из	23
шапке и солвер слайд не тронет	23
блоков в них влезет браузер	23
слов краснеть тут	23
блоков что в математике фаза смета	23
вёрстка собрать и посмотреть слайд	23
блоков в них влезет	23
нужен фаза текст	23
бюджета слов краснеть тут не умеет	23
собирать с заплатка	23
в математике фаза смета по	23
не тронет переподобрать лекцию целиком флаг	23
в них влезет	23
и посмотреть слайд	23
не вёрстку и был зелёным	23
солвер слайд не тронет переподобрать	23
слайд не тронет переподобрать лекцию целиком	23
фазы фаза смета вмещения узнать бюджет	23
фаза смета по написанному проверить	23
влезает ли написанный текст до всякой	23
семи требует скомпилированных слайдов	23
тем же составом блоков что	23
решил вёрстку сам в шапке	23
вёрстку сам в шапке и	23
положить или в фаза сборка	23
фаза иллюстрации назвать файлы	23
отдельно фаза	23
обложка визитка финальный порождаются	23
предыдущего ранга	23
четыре абзаца из семи требует	23
или в фаза	23
здесь написать тела блоков математика развёрнуто	23
развёрнуто по разметке фазы фаза	23
же составом блоков что в математике	23
фаза сборка и собрать	23
вот значит	23
него откажутся молча	23
иллюстрации назвать файлы в положить или	23
вёрстку и был	23
тронет переподобрать лекцию целиком	23
слов краснеть тут не умеет он	23
здесь написать тела блоков математика	23
считает знаки а не вёрстку	23
по разметке фазы	23
в шапке и солвер слайд не	23
снять здесь написать тела блоков	23
зелёным ровно там где со	23
текст до всякой сборки и без	23
здесь а не на фазе фаза	23
фазе фаза вёрстка собрать	23
сборки без него откажутся молча	23
слайда пропало четыре	23
найти лучшее	23
не на фазе фаза вёрстка	23
строк даёт выбранная пара и сколько	23
математика развёрнуто по разметке	23
без него откажутся молча собирать	23
обязана снять здесь написать тела	23
пара и сколько	23
чего рисовать не надо не	23
типографику подбирает солвер решил вёрстку	23
знаки а не	23
фаза вёрстка собрать и посмотреть	23
сборки без	23
там где со слайда	23
переподобрать лекцию	23
генератором из типографику	23
решить в шапке пустая	23
не на фазе фаза вёрстка собрать	23
текст до всякой сборки и	23
сохраняет изоморфизмы	23
не умеет он считает	23
рус маклейн	23
тут не умеет	23
закрытие фазы вмещение	23
абзаца из семи требует скомпилированных	23
пустая строка легальна слайд	23
блоков в них влезет браузер не	23
сборки без него откажутся	23
математика развёрнуто по разметке фазы фаза	23
вёрстку сам в шапке и солвер	23
с заплатка п	23
сборки и без браузера	23
в математике фаза смета	23
разметке фазы фаза	23
что в математике фаза смета по	23
вёрстку сам в	23
фаза вёрстка собрать	23
обрезан на скомпилированном слайде гейт	23
абзаца из семи	23
тут не умеет он считает знаки	23
не вёрстку и	23
что в математике фаза	23
блоков что в математике	23
хорошо значит	23
порождаются генератором	23
без заголовка на экране но пометку	23
составом блоков что в математике фаза	23
пометку заполнить обязана снять	23
нужен фаза текст слайдов написать текст	23
всегда в одну	23
со слайда пропало	23
умеет он считает	23
зелёным ровно там	23
не на фазе фаза	23
разметке фазы фаза смета вмещения узнать	23
пул задач	23
написать тела	23
фазы фаза смета вмещения	23
ровно там где со слайда	23
на экране но пометку заполнить	23
как текст написан сколько строк	23
без него откажутся молча собирать с	23
фаза смета вмещения узнать	23
из семи требует скомпилированных	23
написан сколько строк даёт выбранная пара	23
фаза вёрстка собрать и	23
сборки и без	23
скомпилированном слайде гейт бюджета слов	23
сам в шапке и солвер	23
потому стоит	23
и солвер	23
фаза закрытие фазы вмещение	23
генератором из типографику подбирает солвер	23
слайд может быть без	23
он считает знаки	23
со слайда пропало четыре абзаца из	23
ровно там где со слайда пропало	23
визитка финальный порождаются	23
до первой сборки без него откажутся	23
ли написанный текст до	23
умеет он	23
решить в шапке пустая строка	23
питоном влезает ли написанный текст до	23
посмотреть слайд	23
или в фаза сборка	23
написан сколько строк даёт	23
и браузера потому	23
положить или в фаза сборка и	23
карточек до первой сборки без	23
фазе фаза	23
визитка финальный порождаются генератором из	23
в них влезет браузер	23
написанный текст до всякой сборки	23
легальна слайд может быть без	23
блоков в них	23
откажутся молча собирать с	23
может быть без заголовка на экране	23
и браузера потому стоит	23
шапке и солвер	23
первой сборки без	23
слайде гейт	23
в положить или в	23
с заплатка	23
из типографику подбирает солвер решил вёрстку	23
где со слайда пропало	23
разметке фазы фаза смета	23
и был зелёным	23
без заголовка на	23
там где со слайда пропало	23
в шапке пустая строка	23
семи требует скомпилированных слайдов и	23
него откажутся молча собирать	23
сборки и без браузера фаза	23
п п фаза закрытие	23
финальный порождаются генератором из типографику	23
ли написанный текст до всякой сборки	23
положить или в	23
абзаца из семи требует	23
дек обложка визитка финальный	23
математика развёрнуто по	23
но пометку заполнить обязана снять	23
умеет он считает знаки а	23
выбранная пара и	23
легальна слайд	23
всякой сборки и	23
фаза закрытие фазы	23
раскадровка решить в	23
дек обложка визитка финальный порождаются генератором	23
и посмотреть слайд отдельно фаза иллюстрации	23
первой сборки без него откажутся	23
фазы вмещение текст	23
назвать файлы в положить или в	23
него откажутся молча собирать с заплатка	23
потому стоит здесь а не на	23
генератором из типографику подбирает солвер решил	23
закрытие фазы вмещение текст	23
всякой сборки и без браузера	23
браузер не нужен фаза текст слайдов	23
в положить или	23
не умеет он	23
составом блоков что	23
обложка визитка финальный порождаются генератором	23
легальна слайд может	23
и браузера	23
порождаются генератором из типографику подбирает	23
тела блоков математика развёрнуто по разметке	23
файлы в положить или в фаза	23
шапке пустая строка легальна слайд	23
скомпилированном слайде гейт бюджета	23
закрытие фазы вмещение текст физически не	23
скомпилированных слайдов и браузера потому	23
же составом блоков что	23
математике фаза смета по написанному проверить	23
значит ну	23
с заплатка п п фаза закрытие	23
фаза закрытие фазы вмещение текст физически	23
краснеть тут не умеет он считает	23
и браузера потому стоит здесь а	23
не тронет	23
браузера потому	23
но пометку заполнить	23
не на фазе	23
фаза смета по написанному проверить чистым	23
заполнить обязана снять здесь	23
краснеть тут не умеет	23
шапке пустая	23
весь дек обложка визитка финальный	23
был зелёным ровно там где	23
влезет браузер не нужен	23
в шапке пустая строка легальна	23
браузера потому стоит здесь а	23
считает знаки а не вёрстку и	23
посмотреть слайд отдельно фаза иллюстрации назвать	23
знаки а не вёрстку	23
фаза раскадровка решить в шапке пустая	23
сам в шапке и	23
бюджета слов краснеть тут не	23
браузер не нужен фаза	23
заполнить обязана снять здесь написать тела	23
без браузера фаза кэш	23
не тронет переподобрать	23
слайд может быть без заголовка	23
порождаются генератором из	23
в фаза сборка и собрать весь	23
обязана снять	23
пропало четыре абзаца из семи требует	23
них влезет браузер не нужен фаза	23
без дайджеста	23
на данных москвы	23
первой сборки без него откажутся молча	23
по разметке фазы фаза	23
математике фаза смета по	23
пометку заполнить обязана снять здесь написать	23
ли написанный текст до всякой	23
но пометку заполнить обязана	23
скомпилированных слайдов	23
он считает знаки а	23
после разбора	23
файлы в положить или	23
п п фаза	23
отдельно фаза иллюстрации назвать файлы в	23
быть без заголовка на экране но	23
генератором из типографику подбирает	23
фаза смета по	23
слайдов и браузера	23
фазы фаза смета вмещения узнать	23
молча собирать с	23
солвер решил	23
и сколько блоков в них влезет	23
молча собирать с заплатка	23
не умеет он считает знаки	23
по разметке	23
семи требует скомпилированных слайдов и браузера	23
слайдов и браузера потому	23
сколько строк даёт выбранная пара и	23
выбранная пара и сколько	23
знаки а не вёрстку и	23
написан сколько	23
собрать и посмотреть слайд отдельно	23
требует скомпилированных	23
снять здесь написать	23
слайд может быть без заголовка на	23
на открытые данные	23
п фаза закрытие фазы вмещение	23
в фаза сборка	23
откажутся молча собирать с заплатка	23
сборки без него откажутся молча собирать	23
пара и сколько блоков	23
солвер слайд не тронет	23
тем же составом блоков что в	23
слайда пропало	23
сколько блоков в них	23
дек обложка визитка финальный порождаются	23
скомпилированных слайдов и браузера потому стоит	23
заплатка п п фаза закрытие	23
экране но пометку заполнить обязана	23
фазы вмещение	23
собрать и посмотреть слайд	23
посмотреть слайд отдельно фаза иллюстрации	23
обложка визитка финальный порождаются генератором из	23
молча собирать с заплатка п	23
тронет переподобрать лекцию целиком флаг	23
математика развёрнуто по разметке фазы	23
не тронет переподобрать лекцию целиком	23
и солвер слайд не тронет переподобрать	23
и был зелёным ровно там где	23
положить или в фаза	23
и без браузера фаза	23
ну как бы	23
слайде гейт бюджета слов краснеть тут	23
тела блоков математика развёрнуто	23
слайд отдельно фаза иллюстрации назвать файлы	23
вёрстку и был зелёным ровно	23
может быть без заголовка на	23
написан сколько строк даёт выбранная	23
фаза кэш формул собрать	23
или в фаза сборка и собрать	23
сборки без него	23
по разметке фазы фаза смета вмещения	23
из семи требует	23
нужен фаза	23
со слайда пропало четыре абзаца	23
фаза сборка и	23
он считает знаки а не вёрстку	23
текст написан сколько строк	23
что в математике фаза смета	23
него откажутся молча собирать с	23
первой сборки без него	23
ровно там где со	23
фаза раскадровка решить в	23
без браузера фаза кэш формул собрать	23
собрать весь дек обложка визитка финальный	23
сколько блоков	23
категории конусов	23
них влезет браузер не	23
сжато тем же составом блоков что	23
блоков математика развёрнуто по разметке фазы	23
фаза раскадровка решить	23
блоков математика развёрнуто	23
в положить или в фаза сборка	23
пропало четыре абзаца из семи	23
быть без заголовка	23
фаза кэш	23
собирать с заплатка п п фаза	23
строк даёт выбранная пара и	23
из карточек до первой сборки без	23
и посмотреть слайд отдельно фаза	23
тела блоков математика развёрнуто по	23
разметке фазы фаза смета вмещения	23
строк даёт выбранная	23
слайдов и браузера потому стоит	23
текст до всякой	23
фаза закрытие фазы вмещение текст	23
фаза раскадровка решить в шапке	23
написать тела блоков математика развёрнуто	23
где со слайда пропало четыре абзаца	23
сколько блоков в них влезет	23
п фаза	23
гейт бюджета слов	23
собирать с заплатка п п	23
из семи требует скомпилированных слайдов и	23
фаза вёрстка	23
до первой сборки без	23
в шапке пустая	23
фаза смета вмещения	23
фаза смета вмещения узнать бюджет в	23
не нужен фаза текст	23
пустая строка легальна	23
слайде гейт бюджета	23
файлы в положить или в	23
и без браузера фаза кэш	23
знаки а не вёрстку и был	23
по разметке фазы фаза смета	23
заполнить обязана снять здесь написать	23
шапке пустая строка легальна	23
пара и сколько блоков в	23
раскадровка решить в шапке	23
на фазе фаза вёрстка	23
и был зелёным ровно	23
фаза сборка и собрать весь дек	23
считает знаки а не	23
типографику подбирает солвер решил вёрстку сам	23
четыре абзаца из семи требует скомпилированных	23
без заголовка на экране но	23
подбирает солвер решил	23
семи требует	23
где со слайда	23
влезет браузер	23
браузера фаза	23
и солвер слайд не	23
откажутся молча собирать	23
и солвер слайд не тронет	23
обрезан на скомпилированном слайде гейт бюджета	23
шапке и солвер слайд не	23
тела блоков математика	23
шапке пустая строка	23
заполнить обязана	23
пустая строка легальна слайд может быть	23
фаза сборка и собрать весь	23
и сколько блоков	23
написан сколько строк	23
фаза иллюстрации назвать	23
слайде гейт бюджета слов краснеть	23
гейт бюджета слов краснеть тут не	23
фазе фаза вёрстка	23
молча собирать с заплатка п п	23
отдельно фаза иллюстрации	23
до всякой сборки и без браузера	23
них влезет	23
обязана снять здесь	23
слов краснеть	23
подбирает солвер решил вёрстку сам	23
умеет он считает знаки а не	23
зелёным ровно	23
и посмотреть слайд отдельно	23
может быть без заголовка	23
решил вёрстку сам в шапке и	23
вёрстка собрать и посмотреть слайд отдельно	23
блоков математика развёрнуто по	23
вёрстку и был зелёным	23
на экране но пометку	23
слайд не тронет	23
слайда пропало четыре абзаца из семи	23
не тронет переподобрать лекцию	23
скомпилированном слайде гейт бюджета слов краснеть	23
на скомпилированном слайде гейт бюджета слов	23
не нужен фаза текст слайдов написать	23
собирать с заплатка п	23
на фазе фаза вёрстка собрать	23
даёт выбранная	23
без браузера фаза кэш формул	23
здесь а не на фазе	23
в них влезет браузер не нужен	23
фаза текст слайдов написать текст	23
молча собирать	23
абзаца из семи требует скомпилированных слайдов	23
п фаза закрытие	23
там где со	23
пропало четыре абзаца из	23
естественности для	23
строка легальна слайд	23
на фазе фаза вёрстка собрать и	23
браузера потому стоит	23
на скомпилированном слайде гейт бюджета	23
слайд не тронет переподобрать лекцию	23
составом блоков что в	23
стоит здесь а не на фазе	23
быть без заголовка на	23
посмотреть слайд отдельно фаза	23
строка легальна	23
откажутся молча собирать с заплатка п	23
сколько строк даёт выбранная пара	23
же составом блоков что в	23
сам в шапке и солвер слайд	23
решить в шапке пустая строка легальна	23
стоит здесь а не на	23
из типографику подбирает солвер решил	23
п п фаза закрытие фазы вмещение	23
снять здесь написать тела блоков математика	23
когда читать когда	23
экране но пометку	23
в шапке и солвер слайд	23
семи требует скомпилированных	23
был зелёным ровно там где со	23
над осью	23
заплатка п п фаза	23
фазе фаза вёрстка собрать и посмотреть	23
дискретная непрерывность	23
не вёрстку и был зелёным ровно	23
закрытие фазы вмещение текст физически	23
выбранная пара и сколько блоков в	23
заголовка на экране	23
математике фаза смета	23
и солвер слайд	23
заголовка на экране но пометку	23
слайда пропало четыре абзаца из	23
не умеет он считает знаки а	23
экране но	23
откажутся молча	23
слайде гейт бюджета слов	23
и без браузера	23
подбирает солвер решил вёрстку сам в	23
пара и сколько блоков в них	23
браузер не нужен фаза текст	23
шапке и солвер слайд	23
функтора не	23
потому стоит здесь а не	23
влезет браузер не	23
бюджета слов краснеть	23
слайд отдельно фаза	23
строка легальна слайд может	23
был зелёным ровно	23
текст написан сколько строк даёт выбранная	23
написать тела блоков	23
не вёрстку и был	23
п фаза закрытие фазы вмещение текст	23
до того как текст написан сколько	23
сколько блоков в	23
скомпилированном слайде гейт	23
и зал	23
назвать файлы в положить или	23
а не вёрстку и был	23
в тз	23
пустая строка легальна слайд может	23
слайд отдельно фаза иллюстрации	23
финальный порождаются	23
легальна слайд может быть без заголовка	23
а не на фазе	23
порождаются генератором из типографику подбирает солвер	23
и браузера потому стоит здесь	23
даёт выбранная пара и сколько блоков	23
фазе фаза вёрстка собрать и	23
всякой сборки и без браузера фаза	23
фазы фаза смета	23
а не вёрстку	23
со слайда пропало четыре	23
решить в шапке	23
не нужен фаза	23
фаза иллюстрации назвать файлы в	23
переподобрать лекцию целиком флаг	23
браузера потому стоит здесь	23
них влезет браузер	23
посмотреть слайд отдельно	23
браузера фаза кэш	23
или в фаза сборка и	23
он считает знаки а не	23
вёрстку и	23
пропало четыре абзаца	23
фаза иллюстрации назвать файлы в положить	23
строка легальна слайд может быть без	23
пометку заполнить	23
до первой сборки без него	23
заголовка на экране но	23
сам в шапке	23
математике фаза	23
зелёным ровно там где	23
фаза смета вмещения узнать бюджет	23
развёрнуто по разметке фазы фаза смета	23
фаза кэш формул собрать из	23
тут не умеет он	23
вёрстку сам в шапке	23
браузера потому стоит здесь а не	23
нужен фаза текст слайдов написать	23
на фазе фаза	23
требует скомпилированных слайдов и браузера	23
и сколько блоков в	23
и без браузера фаза кэш формул	23
солвер решил вёрстку сам в шапке	23
типографику подбирает солвер решил	23
бюджета слов краснеть тут	23
без заголовка на экране	23
визитка финальный порождаются генератором из типографику	23
п фаза закрытие фазы	23
собрать и посмотреть слайд отдельно фаза	23
фаза закрытие	23
потому стоит здесь а	23
слов краснеть тут не	23
а не на фазе фаза вёрстка	23
в шапке и солвер	23
слайда пропало четыре абзаца	23
написать тела блоков математика развёрнуто по	23
заполнить обязана снять	23
легальна слайд может быть	23
вот то есть	23
в фаза сборка и	23
лос аламос	22
единый источник	22
род внутреннее поле вердикт нетривиально	22
владельца данные	22
не дыра	22
род внутреннее поле вердикт нетривиально поле	22
следует из у у	22
на один слайд	22
вывода нет	22
скидка за	22
внутреннее поле вердикт нетривиально поле	22
внутреннее поле вердикт нетривиально поле вход	22
из следует из у у	22
сверено до развода зон поле	22
зачем это курсу	22
естественность корзина	22
это курсу	22
следует из следует из у у	22
годится как	22
владельца данные на	22
внутреннее поле вердикт нетривиально	22
п кл задача	22
кл задача	22
спроса по	22
есть назначение	22
ну тут	22
не нужно это	22
поле почему	22
менее эластичен	22
п руками кл	22
оптимальное предсказание	22
до развода зон поле	22
ну не	22
из у у	22
з шень печ	22
про изоморфизм	22
функтора и	22
поле род внутреннее поле вердикт нетривиально	22
ты здесь	22
фирменная остаточная	22
декартова замкнутость	22
не сверено до развода зон поле	22
уровень не определён	21
мы говорим про	21
в фабрику	21
гл печ с	21
функтор сохраняет изоморфизмы	21
внутри графики нет	21
предельным издержкам	21
функтор корзина	21
слайда но	21
дуга композиции	21
минутный тариф	21
ломаные ранга	21
зачем и что дальше	21
что строим	21
источник без	21
после класса	21
краткого вывода	21
слов внутри графики нет	21
утилизация минутной базы	21
задача статьи	21
слов внутри графики	21
пределы копределы	21
русских слов внутри графики	21
русских слов внутри	21
в лекцию	21
не произносить	21
слов внутри	21
зачем и что	21
точка отката	21
ну там	21
терминального объекта	21
вся лекция	21
условие шмалензее	21
графики нет	21
русских слов внутри графики нет	21
рисуется дугой	21
есть функтор	20
картотеки запрет	20
понятие функтор корзина	20
поле узел узел картотеки запрет	20
плата за км	20
может ли машина думать	20
после развода зон поле следует из	20
когда нужна	20
источник без дайджеста	20
карточка после развода зон поле следует	20
в конспекте	20
начинается там	20
собранной деки	20
названное исключение в	20
уровень приручение	20
квадрат естественности для	20
скидка за длительность	20
итог не тронут	20
поле источник	20
вердикт владельца	20
узел узел картотеки запрет	20
исключение в рамке	20
днв на	20
после развода зон поле следует	20
ровно один морфизм	20
л случайность	20
названное исключение в рамке	20
машина думать	20
узел картотеки запрет	20
пробег км	20
альтернативная стоимость	20
вне гейта	20
словарь л	20
ли машина думать	20
читать первым	20
мысль заголовок	20
доходная утилизация	20
красивая биекция	20
ну давай	20
и это ровно	20
читал субагент	19
нет ретракции	19
композицию без	19
драма открытия	19
у каждого своя	19
стоит группа	19
соседства узлы уверенность	19
строгий слой	19
второй внутри	19
ломаная дракона	19
дугой а	19
что дописывать сюда	19
с дословно	19
картинки но	19
з высоцкий	19
если у тебя	19
дописывать сюда	19
ретракция сечение	19
что дописывать	19
ровно как	19
цитата дословно	19
провал п	19
стоп вперёд	19
три определения	19
соседства узлы	19
утверждение потом	19
двухставочный тариф	19
слайда в	19
жёсткий стоп	19
и что осталось	19
где первая стрелка	19
значит да	19
первый заход	19
существенно сюръективен	19
явная биекция	19
узлы уверенность	19
про классификацию	19
числа нараяны	19
владельца на	19
конкретные объекты	19
цикл леммы	19
средняя вершина	19
проверяется грепом	19
краткого вывода нет	19
внутрь блока	19
кл да	19
жёсткий стоп вперёд	19
правки владельца	19
текстового слоя	19
дом доставлено	19
дискретный выбор	19
не трогаем	19
не вход	18
доставлено в	18
владелец сказал это	18
композиция рисуется дугой а	18
определён итог	18
три тарифа	18
переключатель а	18
впритык над	18
когда читать когда нужна	18
диаграмме стоят	18
решение а не	18
оправдание нужно для	18
двойственная половина	18
диаграмме стоят конкретные объекты этого	18
категории функторов	18
рисуется дугой а	18
рисуется дугой а не	18
читан целиком	18
современный плод	18
цитаты дословные	18
заказ владельца	18
продиктована владельцем	18
доводка вёрстки	18
внутри дуги	18
полоса справа	18
что поправить	18
поле род упражнение	18
категория поле	18
в пик	18
это какая то	18
диаграмме стоят конкретные объекты этого слайда	18
печ в	18
конкретные объекты этого слайда	18
стоят конкретные объекты этого	18
композиция рисуется дугой	18
раздутие сдутие	18
строгий и	18
поле черновик	18
композиция рисуется дугой а не	18
охрана музея	18
объекты этого	18
дословно таймкод	18
по надиктовке сборка	18
с проекциями	18
на диаграмме стоят конкретные объекты этого	18
род упражнение	18
из логов	18
стоят конкретные	18
условие естественности	18
на диаграмме стоят конкретные объекты	18
если слайд	18
дугой а не	18
общее на	18
не отдельный	18
этого слайда а	18
не определён итог	18
несущая конструкция	18
стоят конкретные объекты	18
конкретные объекты этого	18
из вкладки	18
математика верна	18
диаграмме стоят конкретные объекты	18
читал не	18
композиция рисуется	18
надиктовке сборка	18
в непик	18
уровень не определён итог	18
путях дика	18
объекты этого слайда	18
грепом по в	18
поле оправдание оправдание нужно для	18
утверждение поле	18
внутри арки	18
открытые задачи в	18
не дублируй	18
зачем названо	18
цепочкой финала	18
строгий и полный	18
стоимости времени	18
впритык над полом	18
уровень не определён итог не	18
на диаграмме стоят	18
не сформулировать	18
в предпорядке	18
стоит группа на	18
рядом с диаграммой	18
источники фетисов	18
поле вход условно	18
ёмкости в	18
стоят конкретные объекты этого слайда	18
ставится там где	18
категория поле оправдание	18
оправдание оправдание нужно для	18
на диаграмме стоят конкретные	18
диаграмме стоят конкретные	18
естественность корзина трюк	18
юнит экономика	18
ставится там	18
формулировка владельца	18
зачем названо отдельно	18
у маклейна	18
вход условно	18
стрелка идёт	18
закругляется и	18
четыре дракона	18
категория поле оправдание оправдание	18
источник статус	18
читать когда нужна	18
цитата дословно таймкод	18
печ дословно	18
над полом	18
названо отдельно	18
не определён итог не	18
определён итог не	18
только метки	18
каждый сгиб	18
не читан целиком	18
зона не	18
слайдов применять и	17
стрелка идёт вдоль неё	17
просторно и начинается новая важная	17
слайдов применять	17
там где после	17
же где первая стрелка идёт	17
новая важная мысль заголовок	17
без стрелки читается как	17
изображающая отображение или композицию	17
текстом форма продиктована владельцем	17
просторно и начинается новая	17
где после смены	17
изображающая отображение или	17
индекс лернера	17
слайда а не общий вид владелец	17
отображение или композицию без стрелки	17
и возвращается вдоль	17
общий вид владелец сказал это	17
начинается новая	17
без стрелки читается как декорация	17
закругляется и возвращается вдоль второй внутри	17
заменяется этой дугой	17
без стрелки читается	17
картинки но правило общее любая линия	17
стрелки читается как декорация композиция рисуется	17
про два слайда	17
вдоль второй внутри дуги	17
наконечник владелец назвал три картинки	17
применять и здесь дуга композиции обязана	17
нести наконечник владелец назвал	17
но правило общее любая линия	17
заголовок переключатель а не	17
два слайда но правило	17
книга англ	17
линия изображающая отображение	17
возвращается вдоль второй внутри дуги подпись	17
нет только метки проверяется грепом	17
слайд про конкретные русских	17
любая линия изображающая отображение или	17
владелец сказал это про	17
этой дугой	17
метки проверяется	17
подписывается текстом	17
слайд про конкретные	17
разбор собранной деки владельцем цитаты дословные	17
всех слайдов применять и здесь дуга	17
это про два слайда	17
ставится там где после смены	17
здесь дуга композиции обязана нести	17
смены вёрстки стало просторно	17
владельцем цитаты дословные что	17
продиктована владельцем дуга начинается там же	17
естественная биекция	17
заголовок ставится там	17
рисуется дугой а не подписывается текстом	17
закругляется и возвращается	17
читается как декорация композиция рисуется дугой	17
грепом по в заголовок ставится там	17
ставится там где после смены вёрстки	17
на картинке запрещены если	17
нет только метки проверяется	17
первый слайд	17
стало просторно и	17
правило общее на	17
сквозное для всех слайдов применять и	17
композиции обязана	17
и начинается новая важная	17
же где первая стрелка идёт вдоль	17
неё закругляется и возвращается	17
важная мысль	17
карта источников	17
не подписывается текстом	17
рынок таргет	17
заголовок ставится там где	17
продиктована владельцем дуга	17
дугой на диаграмме стоят	17
но правило общее на картинке запрещены	17
правило общее любая линия	17
метки проверяется грепом	17
конкретные объекты этого слайда а не	17
смены вёрстки стало просторно и начинается	17
заменяется этой	17
вида рядом	17
источник разбор собранной деки	17
начинается там же где первая	17
не общий вид владелец	17
заголовок ставится	17
форма продиктована	17
этого слайда а не	17
дугой на диаграмме	17
не подписывается текстом форма	17
как декорация композиция	17
или композицию	17
общий вид владелец	17
но правило общее на картинке	17
только метки проверяется грепом	17
фазам источник разбор собранной деки владельцем	17
где после смены вёрстки	17
источник разбор собранной	17
картинке запрещены если слайд про конкретные	17
стало просторно и начинается	17
картинки но правило	17
вдоль неё закругляется и возвращается	17
а не общий вид	17
проверяется грепом по в	17
просторно и	17
вид владелец сказал это про два	17
любая линия изображающая отображение	17
три картинки но правило общее	17
слайда но правило	17
вида рядом с диаграммой	17
обязана нести наконечник владелец назвал	17
три картинки но	17
три картинки но правило	17
наконечник владелец назвал три	17
этой дугой на диаграмме	17
дугой а не подписывается текстом форма	17
по в заголовок ставится там где	17
дуга начинается там	17
этой дугой на диаграмме стоят конкретные	17
слайд про конкретные русских слов	17
внутри графики нет только метки	17
про конкретные русских слов внутри графики	17
нет только метки	17
второй внутри дуги подпись	17
на картинке запрещены	17
обязана нести наконечник владелец назвал три	17
по в заголовок	17
два слайда но правило общее	17
важная мысль заголовок переключатель а не	17
мысль заголовок переключатель а	17
всех слайдов применять и	17
рабочая форма	17
заголовок переключатель а не обязаловка	17
не общий вид	17
владельцем цитаты	17
же где первая	17
продиктована владельцем дуга начинается там	17
не общий вид владелец сказал	17
стрелка идёт вдоль	17
понимаю что	17
а не подписывается текстом	17
вёрстки задание фазам источник	17
подписывается текстом форма продиктована владельцем дуга	17
слайда но правило общее на	17
назвал три картинки	17
правило общее на картинке	17
сказал это про	17
по в заголовок ставится	17
или композицию без стрелки читается	17
два слайда но	17
проверяется грепом по в заголовок	17
диаграммой заменяется этой дугой	17
слайдов применять и здесь дуга композиции	17
вид владелец сказал это	17
а не подписывается	17
текстом форма продиктована владельцем дуга	17
дугой на	17
источник разбор собранной деки владельцем	17
доводка вёрстки задание фазам источник	17
но правило общее любая линия изображающая	17
вдоль неё закругляется и	17
слайдов применять и здесь дуга	17
первая стрелка идёт вдоль	17
только метки проверяется грепом по	17
и возвращается вдоль второй внутри	17
там где после смены вёрстки стало	17
дуга композиции обязана нести	17
категории не	17
для всех слайдов	17
подписывается текстом форма продиктована	17
владелец назвал три картинки	17
всех слайдов применять	17
вердикт по	17
возвращается вдоль второй внутри	17
по в заголовок ставится там	17
идёт вдоль неё закругляется	17
неё закругляется	17
стрелки читается как декорация	17
внутри дуги подпись вида рядом с	17
с диаграммой заменяется этой дугой	17
отображение или композицию	17
стрелки читается	17
с диаграммой заменяется этой	17
в заходе	17
там же где первая стрелка идёт	17
как бы ну	17
пол рынок таргет	17
у слайда нет	17
дуга начинается там же где	17
доводка вёрстки задание фазам источник разбор	17
для всех слайдов применять и здесь	17
после смены вёрстки	17
стрелка идёт вдоль неё закругляется и	17
метки проверяется грепом по	17
этим заходом	17
внутри графики нет только метки проверяется	17
общее на картинке запрещены если слайд	17
или композицию без стрелки читается как	17
запрещены если слайд про конкретные	17
сквозное для всех	17
декорация композиция	17
заголовок ставится там где после смены	17
изображающая отображение или композицию без	17
читается как декорация композиция	17
цитаты дословные что	17
общее на картинке	17
идёт вдоль неё закругляется и	17
дуга начинается там же	17
деки владельцем цитаты	17
правило общее на картинке запрещены если	17
где мы сейчас	17
двойной учёт	17
возвращается вдоль	17
ставится там где после	17
переключатель а не обязаловка	17
грепом по в заголовок	17
композиции обязана нести наконечник владелец	17
дуги подпись вида рядом	17
вёрстки стало просторно и начинается	17
начинается новая важная мысль заголовок переключатель	17
второй внутри дуги	17
там же где первая	17
метки проверяется грепом по в	17
форма продиктована владельцем дуга начинается там	17
слайда а не общий вид	17
объекты этого слайда а	17
композицию без стрелки читается как	17
не обязаловка	17
возвращается вдоль второй внутри дуги	17
дуги подпись	17
вёрстки стало	17
цитатой сноской	17
здесь дуга композиции обязана нести наконечник	17
собранной деки владельцем	17
в заголовок ставится там	17
слайда но правило общее	17
первая стрелка идёт	17
собранной деки владельцем цитаты дословные что	17
важная мысль заголовок переключатель	17
заголовок ставится там где после	17
и здесь дуга композиции	17
собранной деки владельцем цитаты	17
бы ну	17
декорация композиция рисуется дугой а не	17
диаграммой заменяется этой	17
отдельным заходом	17
рядом с диаграммой заменяется этой дугой	17
про конкретные русских слов внутри	17
владельцем цитаты дословные что поправить	17
начинается новая важная	17
назвал три картинки но правило	17
если слайд про конкретные	17
смены вёрстки	17
форма продиктована владельцем дуга	17
про два слайда но	17
проверяется грепом по	17
общее любая линия	17
проверяется грепом по в заголовок ставится	17
сказал это про два	17
где первая стрелка идёт вдоль	17
здесь дуга композиции обязана	17
правило общее любая линия изображающая	17
любая линия изображающая	17
объекты этого слайда а не общий	17
вида рядом с	17
а не подписывается текстом форма	17
слайда но правило общее на картинке	17
фазам источник разбор собранной деки	17
этого слайда а не общий	17
картинке запрещены если слайд	17
композиции обязана нести наконечник	17
возврат разрешён да	17
любая линия изображающая отображение или композицию	17
любая линия	17
там же где первая стрелка	17
разбор собранной деки	17
отображение или композицию без	17
и возвращается вдоль второй	17
идёт вдоль неё	17
три картинки но правило общее любая	17
вид владелец	17
декорация композиция рисуется дугой	17
дословные что поправить	17
рядом с диаграммой заменяется этой	17
слайд про конкретные русских слов внутри	17
разбор собранной деки владельцем цитаты	17
источник разбор собранной деки владельцем цитаты	17
нести наконечник владелец	17
правило общее любая	17
здесь дуга композиции	17
без стрелки читается как декорация композиция	17
собранной деки владельцем цитаты дословные	17
дуга композиции обязана	17
путь дика длины	17
правило общее любая линия изображающая отображение	17
первая стрелка идёт вдоль неё	17
здесь дуга	17
смены вёрстки стало просторно и	17
начинается новая важная мысль	17
и здесь дуга композиции обязана	17
читается как декорация композиция рисуется	17
но правило общее на	17
про два слайда но правило общее	17
если слайд про	17
не подписывается	17
отображение или композицию без стрелки читается	17
вёрстки стало просторно и	17
для всех слайдов применять	17
доводка вёрстки задание	17
дуги подпись вида рядом с	17
русских слов внутри графики нет только	17
смены вёрстки стало	17
разрешён да	17
дословные что	17
общее на картинке запрещены если	17
деки владельцем цитаты дословные	17
запрет не	17
читается как декорация	17
стало просторно и начинается новая	17
текстом форма продиктована владельцем дуга начинается	17
и начинается новая важная мысль заголовок	17
картинке запрещены если	17
а не общий вид владелец сказал	17
вёрстки задание	17
неё закругляется и	17
деки владельцем цитаты дословные что	17
нести наконечник владелец назвал три	17
категорный язык	17
внутри дуги подпись	17
слайдов применять и здесь	17
где после смены вёрстки стало просторно	17
дугой а не подписывается	17
конкретные объекты этого слайда а	17
и здесь дуга композиции обязана нести	17
новая важная мысль	17
разбор собранной	17
владелец назвал три картинки но правило	17
закругляется и возвращается вдоль второй	17
назвал три картинки но	17
есть чего	17
сквозное для	17
не определён итог не тронут	17
этой дугой на	17
запрещены если слайд	17
стрелки читается как декорация композиция	17
деки владельцем цитаты дословные что поправить	17
обязана нести наконечник	17
задание фазам источник	17
подпись вида рядом с диаграммой	17
просторно и начинается	17
один заход	17
цитаты дословные что поправить	17
подписывается текстом форма	17
композиции обязана нести наконечник владелец назвал	17
вид владелец сказал это про	17
форма продиктована владельцем дуга начинается	17
финал курса	17
вёрстки стало просторно	17
фазам источник разбор собранной	17
определён итог не тронут	17
новая важная мысль заголовок переключатель а	17
правило общее на картинке запрещены	17
слайда а не общий	17
стоят конкретные объекты этого слайда а	17
неё закругляется и возвращается вдоль	17
задание фазам источник разбор	17
запрещены если слайд про конкретные русских	17
подписывается текстом форма продиктована владельцем	17
запрещены если	17
владелец назвал три картинки но	17
там где после смены вёрстки	17
на их данных	17
просторно и начинается новая важная мысль	17
композиция рисуется дугой а не подписывается	17
задание фазам источник разбор собранной деки	17
дуга композиции обязана нести наконечник владелец	17
всех слайдов применять и здесь	17
вдоль второй внутри дуги подпись	17
если слайд про конкретные русских слов	17
диаграммой заменяется этой дугой на диаграмме	17
общий вид владелец сказал это про	17
это про два слайда но	17
задание фазам	17
для всех слайдов применять и	17
общее любая линия изображающая отображение или	17
владельцем дуга начинается там же где	17
дуги подпись вида	17
или композицию без стрелки	17
рядом с диаграммой заменяется	17
конкретные русских слов внутри графики	17
нести наконечник владелец назвал три картинки	17
общий вид владелец сказал	17
определения категории	17
слов внутри графики нет только	17
линия изображающая	17
новая важная	17
морфизм изоморфизм	17
или композицию без	17
про конкретные русских	17
картинки но правило общее	17
идёт вдоль	17
и здесь дуга	17
применять и здесь дуга	17
применять и здесь	17
дуга начинается	17
внутри графики нет только	17
вид владелец сказал	17
заменяется этой дугой на диаграмме стоят	17
без выбора	17
заголовок переключатель а	17
общее любая	17
вдоль неё закругляется и возвращается вдоль	17
стало просторно	17
графики нет только метки	17
на картинке запрещены если слайд	17
после смены вёрстки стало просторно	17
категория определение	17
неё закругляется и возвращается вдоль второй	17
конкретные русских слов внутри	17
текстом форма	17
начинается там же где первая стрелка	17
композицию без стрелки читается	17
этого слайда а не общий вид	17
сквозное для всех слайдов применять	17
владелец назвал три	17
начинается там же где	17
вдоль неё закругляется	17
назвал три	17
это про два слайда но правило	17
владельцем дуга начинается там же	17
дугой на диаграмме стоят конкретные	17
если слайд про конкретные русских	17
на картинке запрещены если слайд про	17
мысль заголовок переключатель а не	17
графики нет только метки проверяется	17
сквозное для всех слайдов	17
в заголовок ставится	17
декорация композиция рисуется дугой а	17
композицию без стрелки	17
стрелка идёт вдоль неё закругляется	17
композицию без стрелки читается как декорация	17
сказал это про два слайда	17
заменяется этой дугой на	17
вёрстки задание фазам источник разбор собранной	17
грепом по в заголовок ставится	17
изображающая отображение	17
владелец сказал это про два слайда	17
и начинается новая важная мысль	17
заменяется этой дугой на диаграмме	17
определение функтор	17
только метки проверяется грепом по в	17
общее любая линия изображающая	17
декорация композиция рисуется	17
задание фазам источник разбор собранной	17
важная мысль заголовок переключатель а	17
диаграммой заменяется	17
общее на картинке запрещены	17
где после смены вёрстки стало	17
вида рядом с диаграммой заменяется	17
деки владельцем	17
а не подписывается текстом форма продиктована	17
владельцем дуга начинается	17
важная мысль заголовок	17
что цитата	17
картинки но правило общее любая	17
вёрстки задание фазам	17
заголовок переключатель	17
это про два	17
второй внутри дуги подпись вида	17
линия изображающая отображение или	17
стрелки читается как	17
как декорация	17
что закрыто	17
не просмотрен	17
картинке запрещены если слайд про	17
начинается новая важная мысль заголовок	17
а не обязаловка	17
дуга композиции обязана нести наконечник	17
вдоль второй внутри дуги подпись вида	17
суммирование пуассона	17
закругляется и возвращается вдоль	17
про два слайда но правило	17
владельцем цитаты дословные	17
внутри дуги подпись вида рядом	17
наконечник владелец назвал	17
не подписывается текстом форма продиктована	17
и начинается новая	17
вдоль второй внутри	17
как декорация композиция рисуется дугой а	17
общее любая линия изображающая отображение	17
в заголовок ставится там где после	17
с залом	17
метки проверяется грепом по в заголовок	17
объекты этого слайда а не	17
же где первая стрелка	17
после смены вёрстки стало	17
идёт вдоль неё закругляется и возвращается	17
текстом форма продиктована	17
сегментные эластичности	17
возвращается вдоль второй	17
мысль заголовок переключатель	17
дугой на диаграмме стоят конкретные объекты	17
после смены вёрстки стало просторно и	17
обязана нести	17
вида рядом с диаграммой заменяется этой	17
с диаграммой заменяется этой дугой на	17
динамическое ценообразование	17
слов внутри графики нет только метки	17
коммутативный квадрат	17
диска на окружность	17
доводка вёрстки задание фазам	17
проверено счётом	17
подпись вида рядом с диаграммой заменяется	17
диаграммой заменяется этой дугой на	17
запрещены если слайд про	17
обязана нести наконечник владелец	17
назвал три картинки но правило общее	17
композиции обязана нести	17
остаточная эластичность	17
не ретракт	17
вёрстки задание фазам источник разбор	17
но правило общее любая	17
изображающая отображение или композицию без стрелки	17
нет только метки проверяется грепом по	17
источник разбор	17
подпись вида рядом	17
подпись вида	17
линия изображающая отображение или композицию	17
владельцем дуга начинается там	17
а не общий	17
в заголовок ставится там где	17
там где после смены	17
новая важная мысль заголовок переключатель	17
где первая стрелка идёт вдоль неё	17
уровень не определён итог не тронут	17
не формулируется	17
л информация	17
что где лежит	17
только метки проверяется	17
наконечник владелец назвал три картинки но	17
мысль заголовок переключатель а не обязаловка	17
владелец сказал это про два	17
нести наконечник	17
второй внутри дуги подпись вида рядом	17
владельцем дуга	17
наконечник владелец	17
есть вот	17
как декорация композиция рисуется дугой	17
графики нет только	17
конкретные русских слов	17
фазам источник разбор	17
с диаграммой заменяется	17
переключатель а не	17
стало просторно и начинается новая важная	17
не подписывается текстом форма продиктована владельцем	17
сказал это про два слайда но	17
внутри дуги подпись вида	17
следующий слайд	17
разбор собранной деки владельцем	17
как декорация композиция рисуется	17
этой дугой на диаграмме стоят	17
не потеряно	17
продиктована владельцем дуга начинается	17
читал не читан	17
вёрстки стало просторно и начинается новая	17
и возвращается вдоль второй внутри дуги	17
графики нет только метки проверяется грепом	17
первая стрелка идёт вдоль неё закругляется	17
дугой а не подписывается текстом	17
фазам источник	17
подпись вида рядом с	17
рисуется дугой а не подписывается	17
форма продиктована владельцем	17
два слайда но правило общее на	17
а не общий вид владелец	17
не общий вид владелец сказал это	17
про конкретные русских слов	17
дуга начинается там же где первая	17
картинке запрещены	17
конкретные русских	17
дуги подпись вида рядом с диаграммой	17
применять и здесь дуга композиции	17
где первая стрелка идёт	17
вне курса	17
читал не читан целиком	17
начинается там же	17
линия изображающая отображение или композицию без	17
конкретные русских слов внутри графики нет	17
строгая матбаза	17
фетисов упр	16
что осталось закрыто	16
решение статус	16
порог входа	16
нужна глубина	16
заход не	16
поле решение статус решения идея	16
ломаной ранга	16
про категории	16
порядок изложения	16
поле вход безусловно поле узел узел	16
канон рус	16
когда нужна глубина	16
из независимый ход у	16
решение статус решения	16
упражнение поле уровень	16
доп з	16
безусловно поле узел	16
семь тождеств	16
поле решение статус решения	16
следует из независимый ход у	16
поле источник источник	16
по доктрине	16
изоморфизм поле	16
говорит про	16
упражнение поле	16
род упражнение поле уровень	16
закрыт краткого	16
доставлено в дом	16
когда нужна глубина по	16
ценовая дискриминация	16
зависимости зависимости функтор	16
по последнему шагу	16
тело тело	16
что цитата дословно таймкод	16
нужна глубина по	16
поле вход безусловно поле узел	16
меню тарифов	16
узлы уверенность сильный	16
ретракт переживает	16
ты пишешь	16
совместимости стимулов	16
безусловно поле узел узел	16
семейство биекций	16
читает вовсе когда	16
решения владельца	16
давай я	16
флаг закрыт краткого	16
слов рангов	16
и честно	16
зависимости функтор	16
по утилизации	16
раскраска как	16
осталось закрыто	16
статус решения	16
источники понятие функтор корзина	16
решение статус решения идея	16
сверка с	16
чувствительнее к	16
уверенность сильный	16
глубина по	16
существует функтор	16
это единственное место	16
ради которой	16
соседства узлы уверенность сильный	16
когда читать когда нужна глубина по	16
что цитата дословно	16
решения идея	16
открытые данные москвы	16
из следует из независимый ход у	16
есть чего нет	16
ященко доп	16
архивные файлы не читает вовсе когда	16
бар крючок	16
независимый ход у	16
что есть чего	16
зон поле источник	16
приватных данных	16
вопрос в зал	16
поле род упражнение поле	16
вовсе когда	16
вход безусловно поле узел	16
для лектора	16
файлы не читает вовсе когда	16
помеченный путь	16
мотивирует да	16
зона не произносим	16
слайде и	16
предельных издержек	16
читать когда нужна глубина по	16
поле зависимости зависимости функтор	16
утверждение функтор	16
нет функтора	16
развода зон поле источник источник	16
оптимизация л	16
существует ровно один морфизм	16
вход безусловно поле узел узел картотеки	16
в три строки	16
читать когда нужна глубина	16
безусловно поле узел узел картотеки	16
хенд офф	16
последнему шагу	16
доминирующий сдвиг	16
поле род упражнение поле уровень	16
источник источник	16
знак разницы	16
функтор не	16
развода зон поле источник	16
род упражнение поле	16
когда читать когда нужна глубина	16
тип жёсткий	16
теорема кнута	16
всех слов рангов	16
что в утверждении	16
и что осталось закрыто	16
у хью	16
зон поле источник источник	16
утв показываем	16
не читает вовсе когда	16
оптимальный транспорт	16
тип жёсткий стоп вперёд	16
тип жёсткий стоп	16
ященко доп з	16
статус решения идея	16
пределы вычислимого	16
поле решение статус	16
намеренно не	16
вход безусловно поле узел узел	16
зал уже	16
граница что	15
ретракт в	15
словарь л словарь	15
всего курса	15
корзина уровень зал берёт	15
по лекции	15
корзина уровень зал	15
введение в теорию категорий	15
формулы каталана	15
и вторая половина	15
вынесен в	15
не сейчас	15
примеры категорий	15
битых ссылок	15
круг поллака	15
лекция и	15
высоцкий ященко доп з	15
целиком только	15
пустым контекстом	15
лемма лемма рени	15
инструменты хаусмана	15
каждая половина	15
л дано	15
если ты хочешь	15
вообще не нужно	15
первый проход	15
дальше закрывает	15
есть ответ на	15
тэта ряд	15
это дословно	15
в гейт	15
тем же приёмом	15
сколько траекторий	15
монады и	15
с пустым контекстом	15
у печ	15
дано раньше пон	15
высоцкий ященко доп	15
и есть ответ на	15
л словарь л	15
в чужом	15
арка л	15
что резать	15
мне кажется это	15
при переименовании	15
честная пометка	15
словарь л словарь л	15
захода не	15
обкатка л	15
категория корзина	15
морфизм и	15
для любого функтора	15
двухставочного тарифа	15
к финалу	15
л словарь	15
раньше пон	15
спектральный радиус	15
на путях дика	15
математика компьютеров	15
по полноте	15
картотеки в	15
задача дня	15
через тривиальную	15
не держит	15
печ с и	15
эластичности и	15
через тривиальную группу	15
же что на	15
по источнику	15
есть тут	15
функтор эквивалентность	15
знак смещения	15
межарендных накладных	15
же приёмом	15
после складываний	15
честная граница	15
свободная категория	15
же куда	15
это отдельная	15
любого функтора	15
соответствие карри ховарда ламбека	15
л дано раньше	15
куда дальше закрывает	15
л сложность	15
квадрат сходится	15
что есть чего нет	15
баллотные числа	14
функтор переводит коммутативную диаграмму в коммутативную	14
генкин итенберг	14
узел узел картотеки в картотеке род	14
слайдов написан	14
причина причина запрета	14
узел картотеки нет в картотеке как	14
текст слайдов написан	14
ретракт переживает функтор	14
всю строку	14
гейт математика	14
определяем поле зависимости зависимости категория поле	14
причина запрета	14
в картотеке как	14
не на слайде	14
операционные издержки	14
произносим поле причина причина запрета	14
пересобрано после разбора	14
заземлены на	14
итенберг фомин	14
картотеки в картотеке род	14
зона не произносим поле причина причина	14
картотеке род	14
счастливые машины	14
группа на и	14
главное правило	14
тривиально поле вход условно	14
есть содержание	14
вёрстка по доктрине владельца	14
что закрыто и что	14
история решений п	14
уверенность сильный узел	14
что закрыто и что осталось закрыто	14
причина причина	14
вёрстка по доктрине	14
зона зона не	14
узел узел картотеки в	14
под конкуренцией	14
неэластичном минутном	14
дальше у	14
даёт ровно	14
по единственности	14
не тянуть	14
реш с	14
зависимости зависимости категория поле	14
узел картотеки в картотеке род	14
переводит коммутативную диаграмму в коммутативную	14
бизнес досуг	14
узел картотеки в	14
категория поле оправдание оправдание требуется сюжетом	14
нет намеренно	14
не уходит	14
в картотеке род	14
печ с дословно	14
произносим поле причина	14
полом и	14
первый возврат	14
пересобрано после	14
поле узел узел картотеки в	14
сегменту контексту	14
приз чужой	14
функтор с	14
зона зона не произносим поле причина	14
движок не	14
путь лукасевича	14
источники фетисов упр	14
не произносим поле причина	14
у ловера	14
вкладка там	14
следующего захода	14
закрыто и что осталось закрыто	14
на машину в	14
в открытые задачи	14
вес по	14
на неэластичном минутном	14
блинков гуровиц	14
композиция функторов	14
утверждение потом материал	14
между лекциями	14
зона не произносим поле	14
зависимости зависимости категория поле оправдание оправдание	14
зона условно	14
картотеки в картотеке	14
открытые задачи в куда дальше	14
узел узел картотеки в картотеке	14
модельный выбор	14
корзина уровень зал берёт адрес	14
поле узел узел картотеки в картотеке	14
функтор переводит коммутативную диаграмму	14
поле зона зона не	14
целиком слово	14
сначала утверждение потом материал	14
порядок сначала утверждение	14
диаграмму в коммутативную	14
печ с вне	14
генкин итенберг фомин	14
произносим поле	14
толще на	14
задачи в куда дальше	14
средний таргет безубыточности	14
пример называем	14
произносим поле причина причина	14
функтор переводит коммутативную диаграмму в	14
закрыто и что осталось	14
вёрстка по	14
эконом км сут	14
что закрыто и что осталось	14
переводит коммутативную диаграмму в	14
скидки за	14
таргет безубыточности	14
как категории	14
фаза текст слайдов написан	14
по тарифам	14
понятие эквивалентность	14
открытые задачи в куда	14
л мышление	14
функтор переводит коммутативную	14
доктрине владельца	14
нет три	14
зона не произносим поле причина	14
цена за единицу	14
вердикт тривиально поле вход условно	14
на неэластичном	14
эконом км	14
которого всё	14
поле вердикт тривиально поле вход условно	14
с орлами	14
зона зона не произносим	14
поле зависимости зависимости категория поле	14
вкладка там же	14
книга англ стр	14
туда же куда	14
условно поле	14
зависимости категория поле	14
коммутативную диаграмму в коммутативную	14
из терминального	14
порядок сначала утверждение потом материал	14
утверждение единственность	14
копределы в	14
словарь не	14
поле зависимости зависимости категория поле оправдание	14
вот может	14
приручения поле узел узел картотеки нет	14
эластичность и	14
понятие естественность	14
зависимости зависимости категория поле оправдание	14
управление доходностью	14
поймал владелец	14
порядок сначала утверждение потом	14
математика научпоп	14
с вне гейта	14
гейт математика верна	14
картотеки нет в картотеке как	14
поле зона зона не произносим	14
не произносим поле	14
утилизация эндогенна	14
который ты	14
у единственность	14
узлы уверенность сильный узел	14
у высоцкого	14
не произносим поле причина причина запрета	14
потом материал	14
неожиданный ответ	14
корзина уровень зал берёт адрес л	14
отдельными блоками	14
и полный функтор	14
зависимости категория поле оправдание	14
владельцем не	14
сильный узел	14
категория поле оправдание оправдание требуется	14
решению владельца	14
сначала утверждение потом	14
изоморфизма категорий	14
не тянет	14
зона зона не произносим поле	14
печ с вне гейта	14
коммутативную диаграмму в	14
есть терминальный	14
переводит коммутативную диаграмму	14
единственный дом	14
полный функтор	14
плоская маржа	14
не произносим поле причина причина	14
не часть	14
и по утверждению	14
по доктрине владельца	14
что закрыто и	14
слово предыдущего	14
поле причина причина запрета	14
это меняет	14
зависимости категория поле оправдание оправдание	14
картотеке как	14
сечение ретракт	14
поле причина	14
не пол	14
переживает функтор	14
даёт единственный	14
поле причина причина	14
отдельная работа	14
переводит коммутативную	14
задачи в куда	14
нет в картотеке как	14
здесь работает	14
строгий объект	14
закрыто и что	14
в открытые задачи в	14
поле зона зона не произносим поле	14
одной лекции	14
функторы в	14
источник поле	14
строгий и полный функтор	14
ретракция сечение ретракт	14
якорь книга	14
проверено на	14
соседства узлы уверенность сильный узел	14
узел картотеки в картотеке	14
ломаных ранга	14
сначала утверждение	14
разбора владельцем	13
издержки дают	13
граница возможного	13
внесена из пересобрано после разбора	13
внесена из пересобрано после разбора владельцем	13
половина лекции	13
ретракт диска	13
что куда переходит	13
время под заказом	13
доказательство обе	13
магические карточки	13
с реш	13
фазы внесена из пересобрано после	13
про виды	13
этажом выше	13
внесена из пересобрано после	13
пакетная лестница	13
с реш с	13
ограниченной высоты	13
и держится	13
фазы внесена из пересобрано	13
так значит	13
функтор естественное	13
не понимаю что	13
минутной подгруппы	13
первого складывания	13
гауссов бином	13
фазы внесена из	13
финал не	13
отчёте захода	13
из пересобрано после	13
про брауэра	13
ты это	13
та же конструкция	13
пересобрано после разбора владельцем	13
сопоставление не продолжается	13
спроса по времени	13
сопоставление не продолжается до функтора	13
вдвое под таргетом	13
из пересобрано после разбора	13
сопоставление не	13
мостик к	13
объекты натуральные числа	13
фикс косты	13
вес по площади	13
вход через	13
сложите полоску	13
визуальный разворот	13
вычисление теория	13
фазы внесена	13
как мост	13
эластичность по	13
за потолком	13
разметка фазы внесена из пересобрано после	13
детям не	13
из пересобрано	13
своего в	13
объект изоморфен	13
под таргетом	13
чем вдвое под таргетом	13
не ретракт диска	13
игра жизни	13
окружность не ретракт диска	13
источник не	13
ни строки	13
разметка фазы внесена	13
файл что	13
зоне курса	13
файл заход	13
изоморфизм это	13
канон рус маклейн	13
из пересобрано после разбора владельцем	13
ссылается сюда	13
реальная скидка	13
окружность не ретракт	13
конструкция а	13
не курс	13
более чем вдвое под таргетом	13
счёт сколько	13
слово предыдущего ранга	13
в зоне курса	13
корзина уровень требует	13
вслух и	13
держатся на	13
один слайд и	13
ну в общем	13
главной ломаной	13
внесена из	13
лекции это	13
как категория с одним	13
круговой приём	13
с маржой	13
идея на пальцах	13
двойной счёт	13
моно эпи	13
предупорядоченное множество как	13
вдвое под	13
мцнмо кл	13
следующее что	13
проверено до	13
фирменная остаточная эластичность	13
шеннон колмогоров	13
замена базиса	13
одну фразу	13
внесена из пересобрано	13
ли изоморфизм	13
фазы внесена из пересобрано после разбора	13
нужен инструмент	13
кл з	13
вот да	13
разметка фазы внесена из	13
чжуна феллера	13
это и есть ответ на	13
закрыт краткого вывода	13
после разбора владельцем	13
который зал	13
оговорка о	13
значит вот	13
корзина уровень требует приручения	13
лекции где	13
у шеня	13
через хаб	13
объекты натуральные	13
в отчёте захода	13
чем вдвое под	13
сопоставление не продолжается до	13
курса это	13
три минуты	13
плохо плохо	13
есть ты	13
быть про	13
определение изоморфизм	13
мцнмо кл з	13
это ровно тот	13
разметка фазы внесена из пересобрано	13
функтор естественное преобразование	13
у фонарщика	13
более чем вдвое под	13
закрыт краткого вывода нет	13
разметка фазы	13
юрского периода	13
стр уровень	13
колмогоров гл	13
функтором не	13
проверить формулировка	13
реальная причина	13
как категория с	13
как категория с одним объектом	13
понятие естественность корзина	13
куда это ведёт	13
таргет рынок	13
нет и не будет	13
ужасная фраза	13
формулировка докажите	13
флаг закрыт краткого вывода нет	13
у зала	13
флаг закрыт краткого вывода	13
скан без	13
по лернеру	13
л словарь л словарь	12
луч упирается	12
биекция естественная	12
следующая сессия	12
спаяны вокруг одного центрального нарративы возвращены	12
горизонтальная иллюстрация	12
что на месте	12
я сам скажу	12
эластичность спроса	12
слова про	12
блоки спаяны вокруг одного центрального	12
с тождественной композицией	12
центрального нарративы возвращены отдельными	12
культурная отсылка	12
разбора владельцем блоки спаяны вокруг одного	12
а не обязаловка фаза раскадровка	12
эластичности по	12
к стоимости	12
источник поле решение статус решения идея	12
мини л	12
из независимый ход по букве по	12
двустороннем рынке	12
владельцем блоки	12
независимый ход по букве по	12
комбинаторными видами	12
категория путей	12
поле источник источник поле решение	12
ведёт к м	12
до развода зон поле следует из	12
возвращены отдельными блоками порядок сначала утверждение	12
кл листка	12
стрелки поэтому	12
вокруг одного центрального	12
не сокращено	12
владельца это	12
первичка ничего	12
источник источник поле решение статус решения	12
вне словаря	12
функтор отражает	12
же счёт	12
читал не читан целиком только	12
следует из независимый ход по букве	12
зона зона условно	12
факт про	12
отображение диска	12
к стоимости времени	12
половина утверждение	12
ш задача с	12
глобальное поведение	12
одного центрального	12
сверено до развода зон поле следует	12
на двустороннем	12
и естественный изоморфизм	12
а не обязаловка фаза	12
после разбора владельцем блоки	12
обязаловка фаза раскадровка решить	12
источник источник поле решение	12
корзина уровень требует приручения адрес л	12
категория функтор	12
а не обязаловка фаза раскадровка решить	12
документе нет	12
корзина уровень требует приручения адрес	12
зона зона условно поле зависимости	12
низких типов	12
независимый ход по букве	12
словарь а не	12
тема аудитория	12
зона называем мостиком	12
масштаб целая	12
отдельными блоками порядок	12
читан целиком только	12
владельцем блоки спаяны вокруг одного	12
первичка ничего не	12
первичка ничего не сокращено	12
на машину в сутки	12
исключённое третье	12
не из памяти	12
спаяны вокруг	12
возвращены отдельными блоками порядок	12
ёмкости это	12
развода зон поле источник источник поле	12
из независимый ход по	12
л словарь л словарь л	12
толще на неэластичном минутном	12
ш зад	12
разбора владельцем блоки	12
вот у	12
истинная стоимость	12
осталось только их данные	12
свёрнуто со	12
нарративы возвращены отдельными блоками порядок сначала	12
ничего не сокращено	12
свёрнуто со слайда	12
между функторами	12
словарь л словарь л словарь л	12
вокруг одного центрального нарративы возвращены отдельными	12
владельцем блоки спаяны вокруг	12
зона условно поле зависимости зависимости	12
машину в сутки	12
не предельный	12
зона зона условно поле зависимости зависимости	12
из независимый ход по букве	12
охват история	12
не обязаловка фаза раскадровка решить в	12
источник поле решение статус решения	12
внешний приз	12
из следует из независимый ход по	12
нарративы возвращены отдельными блоками порядок	12
словарь л словарь л словарь	12
группа здесь	12
спаяны вокруг одного центрального	12
фаза текст слайдов написан вёрстка	12
спаяны вокруг одного	12
поворот круга	12
строг полон	12
написан вёрстка по	12
при приёмке	12
если ретракт	12
по букве по существу	12
целая лекция	12
эквивалентность корзина	12
универсальный объект	12
категории конечных	12
не переоткрывать	12
пятиугольная теорема	12
диаграмма как	12
наценка скрининга	12
чувствительнее к стоимости времени	12
блоками порядок сначала утверждение	12
блоками порядок сначала утверждение потом материал	12
написан вёрстка по доктрине	12
независимый ход по букве по существу	12
нарративы возвращены	12
центрального нарративы возвращены отдельными блоками	12
функтор утверждение	12
дэвис кнут	12
не обязаловка фаза раскадровка	12
гетерогенность моделей	12
блоками порядок сначала утверждение потом	12
естественные изоморфизмы	12
пересобрано после разбора владельцем блоки	12
до развода зон поле следует	12
нарративы возвращены отдельными блоками	12
одного центрального нарративы возвращены отдельными блоками	12
новой границе	12
готовность платить	12
нужны категории	12
утверждение поле род	12
утверждение функтор сохраняет	12
ш задача	12
мостиком поле	12
двойственная половина утверждение	12
слайдов написан вёрстка по доктрине владельца	12
стартует с	12
это реально	12
луч упирается в	12
условно поле зависимости зависимости	12
возвращены отдельными блоками	12
поле зона зона условно поле зависимости	12
шаг метод	12
первое звено	12
не короче	12
половина условия	12
переключатель а не обязаловка фаза раскадровка	12
смещение печ	12
поле зона зона условно	12
написан вёрстка	12
детальный разбор	12
дословно первичка ничего не	12
отчёт не	12
про ретракт	12
словаре нет	12
в папку	12
даёт единственный с	12
слайдов написан вёрстка	12
утилизация по	12
оставить если	12
в спайне	12
разбора владельцем блоки спаяны вокруг	12
блоки спаяны вокруг одного центрального нарративы	12
функторы с	12
научпоп черновик	12
осталось только их	12
зона называем	12
по русски не	12
заголовок переключатель а не обязаловка фаза	12
цикл лемму	12
блоки спаяны	12
обязаловка фаза раскадровка решить в	12
контравариантный случай	12
типизированное исчисление	12
обязаловка фаза раскадровка решить в шапке	12
плюс теневая	12
на предыдущем слайде	12
толще на неэластичном	12
букве по существу	12
текст слайдов написан вёрстка по	12
независимый ход по	12
категорий а	12
дают пол	12
длинного пакета	12
глобальный элемент	12
в владелец	12
стр прочитано	12
внутри рисунка	12
иллюстраций у	12
называется видом	12
ход по букве по существу	12
возвращены отдельными блоками порядок сначала	12
слайдов написан вёрстка по доктрине	12
картотеке как понятие	12
по строгости	12
отдельными блоками порядок сначала утверждение	12
по сегменту контексту	12
предыдущем слайде	12
одного центрального нарративы	12
требованию владельца	12
нет в картотеке как понятие	12
ничего не потеряно	12
это я сам	12
итого стр	12
дискретным выбором	12
функтор корзина трюк	12
диаграмма как функтор	12
следует из независимый ход по	12
шаг детальный	12
утверждение центр	12
я его не	12
дословно первичка ничего	12
охват история решений п	12
понятие категория	12
шаг детальный разбор	12
блоками порядок сначала	12
возвращены отдельными	12
слайда источник	12
букве по	12
тождественной композицией	12
условно поле зависимости	12
мостеллер з	12
источник источник поле	12
зон поле источник источник поле решение	12
по разбору	12
нет уровень	12
то ради	12
в лекции не	12
одного центрального нарративы возвращены отдельными	12
диск и окружность	12
называем мостиком поле	12
русски не	12
обязаловка фаза	12
из пересобрано после разбора владельцем блоки	12
тело л	12
разбора владельцем блоки спаяны	12
от владельца	12
это решение а не	12
место лекции	12
не декартово	12
вместе с залом	12
минутный спрос	12
про пути	12
по вердикту	12
это я сам скажу	12
разницы эластичностей	12
ход по букве	12
стрелки не	12
дословно первичка	12
центрального нарративы	12
вокруг одного центрального нарративы возвращены	12
зона условно поле зависимости	12
упр понятие	12
вокруг одного центрального нарративы	12
сам скажу	12
масштаб целая лекция	12
развилка владельцу	12
написан вёрстка по доктрине владельца	12
отдельными блоками порядок сначала утверждение потом	12
на двустороннем рынке	12
поле источник источник поле	12
горизонтальная полоса	12
поле источник источник поле решение статус	12
кривая утилизации	12
чувствительнее к стоимости	12
то ради чего	12
тьюринг фон нейман	12
три сцены	12
текст слайдов написан вёрстка	12
владельцем блоки спаяны вокруг одного центрального	12
весь акт	12
фаза текст слайдов написан вёрстка по	12
зон поле источник источник поле	12
не обязаловка фаза раскадровка решить	12
выше утилизация	12
сегментов слов	12
слайд ну	12
гёдель тьюринг	12
блоки спаяны вокруг одного	12
зона зона условно поле	12
поле если спросят	12
ход по букве по	12
цена три	12
блоками порядок	12
каждый морфизм	12
плюс теневая цена ёмкости	12
своя граница	12
плюс теневая цена	12
не читан целиком только	12
по букве по	12
спаяны вокруг одного центрального нарративы	12
есть терминальный объект	12
центрального нарративы возвращены отдельными блоками порядок	12
не рыночная	12
одного центрального нарративы возвращены	12
не причёсано	12
источник источник поле решение статус	12
модель язык	12
знак разницы эластичностей	12
не обязаловка фаза	12
парковочные функции	12
обязаловка фаза раскадровка	12
гл целиком	12
дословно первичка ничего не сокращено	12
пересобрано после разбора владельцем блоки спаяны	12
л тело	12
зона условно поле	12
только их данные	12
пишем с	12
но честно	12
после сборки	12
критерий отбора	12
вторая половина условия	12
текст слайдов написан вёрстка по доктрине	12
время мин	12
источник поле решение	12
поле зона зона условно поле	12
картотеки нет в картотеке как понятие	12
это решение а	12
фото появления	12
переключатель а не обязаловка фаза	12
моё чтение	12
мерзон ященко	12
с аркой	12
центрального нарративы возвращены	12
то есть ты	12
владельцем блоки спаяны	12
зал знает	12
блоки спаяны вокруг	12
эндогенность цены	12
после разбора владельцем блоки спаяны	12
л л дано	12
лекция на	12
слайдов написан вёрстка по	12
гейт полноты	12
в картотеке как понятие	12
источник поле решение статус	12
чётные места	12
после разбора владельцем блоки спаяны вокруг	12
нарративы возвращены отдельными	12
вот хорошо	12
л л дано раньше	12
охват история решений	12
тьюринг фон	12
отдельными блоками порядок сначала	12
сквозная линия	12
в квадрат естественности	12
автор сохранено	11
итого стр профиль	11
с отмеченной точкой в	11
статус полное	11
надиктовки сборка	11
лекционный потенциал	11
глазами не	11
все вот	11
вот так вот	11
объекты множества	11
канвас без	11
если изоморфизм то	11
влито из отстойника	11
крупная горизонтальная иллюстрация	11
канон не	11
перенос структур	11
как вход	11
без вывода	11
входа класс	11
из терминального объекта	11
без оговорки	11
чёрным ящиком	11
локально декартово	11
не плодить	11
единичной группы	11
целая лекция соседства узлы уверенность	11
источник без дайджеста как	11
не для зала	11
открытых данных	11
ходовую долю	11
арка и	11
уровни наценок	11
источник где	11
множество как категория	11
внедрение ось легенда	11
й ё	11
опционная издержка коммита	11
дословно печ	11
котла математика	11
вот как бы	11
фон нейман л	11
шагов и шагов	11
путь дика с	11
там ну	11
источник автор сохранено	11
числовые входы	11
определение маржи	11
раньше утв	11
произведение категорий	11
что это меняет	11
рынок ценит	11
побочный плод	11
проверено численно	11
символов и символов	11
лектор не	11
цикл лемма лемма рени	11
иллюстраций у слайда	11
формулировка докажите что	11
спайн ссылается	11
лекция соседства	11
скидка мельче	11
лекцию можно	11
изоморфизм есть и	11
визитка пропала	11
на каждом звене	11
экспоненты это	11
определения утверждения	11
проверено грепом	11
внутрь р	11
из отстойника	11
одна лекция	11
источник автор	11
тз не	11
владелец просил	11
не открывает	11
источники понятие категория	11
ретракт через	11
сетевое бид прайс	11
отдельный заход	11
решение за владельцем	11
разворот в	11
утв выводим	11
цикл лемма лемма	11
издержка коммита	11
з высоцкий кружок	11
конечные пределы	11
упёрся в	11
раскладка мало	11
ретракты в	11
отмеченной точкой в группы	11
один приём	11
три экрана	11
зал видит	11
наценка на	11
вот дальше	11
фетисов упр понятие	11
и слайд	11
которого собирается	11
тело тело тело	11
пустая иллюстраций у слайда	11
тип микросюжет	11
пробег по	11
то есть тут	11
информационная рента	11
сюда только	11
тот же счёт	11
разворот в часть	11
задача мини л	11
корня репозитория	11
культурный багаж	11
критерий эквивалентности	11
без неё не	11
источник строка	11
это не про	11
внутренний шаг	11
масштаб целая лекция соседства узлы уверенность	11
и хью	11
дословно это	11
предупорядоченное множество как категория	11
дословно печ с	11
решено владельцем	11
падает с неба	11
до топоса	11
крупная горизонтальная	11
доказательства нет	11
москвы реестр	11
задача мини	11
поле про	11
с пиками	11
понятие эквивалентность корзина	11
инъекции в	11
итог сюжета	11
у тебя есть	11
владелец сам	11
не вывод	11
графы состояний	11
просто типизированное исчисление	11
среднее по парку	11
по гейтам	11
целая лекция соседства	11
дайджеста как	11
графы игры	11
спросовая сторона	11
сетевое бид	11
и существенно сюръективен	11
короткий вход	11
собственные таблицы	11
первому возвращению	11
поле раскладка мало	11
базовые цены	11
базы эфф скорость	11
красивой биекции	11
есть ретракт	11
источники фетисов упр понятие	11
ценность ёмкости	11
зачем нужны категории	11
биекция естественная по	11
лекция соседства узлы	11
гл гл гл	11
пол рынок таргет рынок	11
реальность чек	11
задачный корпус	11
рабочий инструмент	11
поле раскладка мало текста	11
которое ты	11
документ вид	11
одной идеи	11
пустая иллюстраций	11
вот может быть	11
естественная по	11
каждую лекцию	11
дика по	11
на звеньях	11
ровно этот	11
и она же	11
джо и хью	11
базы эфф	11
по каждому отрезку	11
точкой в группы	11
сознательно не	11
фраза про	11
группы поле	11
зачем этот	11
пример потом	11
на всех отображениях	11
внутренний шаг метод	11
понятие функтор корзина трюк	11
отсюда весь	11
ведёт к т	11
только материал	11
целая лекция соседства узлы	11
данных нет	11
микросюжет месседж	11
свободный объект	11
сохраняет ретракты	11
один самодостаточный	11
текстом не	11
как смотрел	11
пустая иллюстраций у	11
л вычислимость	11
категория состоит из	11
что на картинке	11
рынок таргет рынок	11
кэли прюфер	11
канон закрыто хенд	11
пользователь строит	11
влито из	11
экстремальный принцип	11
после лекции	11
не объясняем	11
полный цикл	11
эндогенная сегментация	11
документа не	11
порог входа класс	11
тождественного функтора в	11
новых файлов	11
лекция соседства узлы уверенность	11
тройное произведение	11
слова категория	11
на два слайда	11
закрыто хенд	11
минутной базы эфф	11
статус полное доказательство	11
масштаб целая лекция соседства узлы	11
нейман л	11
не нет	11
пара путей	11
вложение йонеды	11
естественные эндоморфизмы	11
понятие естественность корзина трюк	11
масштаб целая лекция соседства	11
помеченный путь дика	11
биекция дерево	11
каждому отрезку	11
функтор на	11
в каждой лекции	11
данных оператора	11
функтор для	11
северная звезда	11
ось легенда	11
тип микросюжет месседж	11
заимствование картинок	11
микросюжет месседж стр	11
ты говоришь	11
да значит	11
тип микросюжет месседж стр	11
закрытие арки	11
сколько звеньев	11
на один слайд и	11
минутной базы эфф скорость	11
раскладка мало текста	11
итог не тронут читал	11
стр профиль	11
примеры функторов	11
прямое заимствование	11
листок л	11
помещаться на	11
инъекции не	11
понятие категория корзина	11
пример два	11
ломаные дракона	11
что ну	11
дано раньше утв	11
печ п	11
внешнее подтверждение	11
внедрение ось	11
отмеченной точкой в	11
все естественные преобразования	11
заземлены на открытые	11
каждом звене	11
единый источник правды	11
естественность на	11
берём и	11
читается по	11
в источник	11
метод изображений	11
время деньги	11
джо и	11
гл уровень	11
упр печ у	11
без дайджеста как	11
один изоморфизм	11
дерево путь	11
тронут читал	11
конструкции не существует	11
категория состоит	11
прямое заимствование картинок	11
пример печ	11
новый чат	11
композиция и тождества	11
вокруг одной идеи	11
пишем с нуля	11
не предельный пол	11
первая сцена	11
не успеваем	11
входит только если	11
над базой	11
во всю строку	11
с отмеченной точкой в группы	11
источники понятие естественность	11
не тронут читал	11
тебя есть	11
месседж стр	11
ровно один и	11
только формулировка	11
и все вот	11
читать перед	11
заземлены на открытые данные	11
справа пустая иллюстраций у	10
лицензия сверено	10
числа в открытые задачи в	10
корзина для л трюк	10
мостиком поле зависимости	10
з развёртки	10
сверено до развода зон поле источник	10
это не требуется см преамбулу группы	10
одна страница	10
из песочницы	10
машино день	10
и поле зона зона	10
канон закрыто хенд офф	10
объекты натуральные числа морфизмы	10
в чужом разделе	10
вот это вот	10
по букве по существу определение	10
следующей сессии	10
просто не работает	10
без текстового	10
зона зона называем мостиком	10
ради которого всё	10
тривиально поле вход условно вместе с	10
для л трюк	10
оказались одним	10
называем мостиком поле зависимости	10
лизинг и	10
тема и	10
не выносится	10
ни одно утверждение	10
случайность л	10
и вторая половина условия названное	10
листка л	10
не сюжет	10
в рамке цепочкой финала это не	10
стоит держать	10
то существует ровно один	10
естественные преобразования находятся в биекции с	10
нет ни в одном	10
суточный кап	10
на их распределении	10
нужно что то	10
вход условно вместе с	10
издержки плюс	10
изоморфизм объектов	10
и полный функтор отражает изоморфизмы	10
совместимость стимулов	10
преамбулу группы	10
естественные преобразования находятся	10
цены это	10
карточки котла	10
картотеке род пример	10
спайн ссылается сюда	10
названное исключение в рамке цепочкой финала	10
строг полон и	10
как рабочий	10
поле зона зона называем мостиком	10
зад с	10
условия названное исключение в рамке	10
приручения поле вход безусловно поле	10
надиктовка второй	10
решение владельца данные	10
с гл с	10
это не требуется см преамбулу	10
утилизация эндогенна цене	10
куда разворот	10
не держится	10
упражнение поле уровень требует приручения поле	10
и полный функтор отражает	10
та же что на месте	10
под стадия	10
задача листка	10
поле оправдание оправдание входит	10
минутных машин	10
прямому указанию	10
в начале блока	10
вторая половина условия названное исключение	10
роджерс рамануджан	10
поле уровень требует приручения поле вход	10
стоимость длинного пакета	10
половина условия названное исключение	10
курс вокруг одной идеи	10
не новое	10
преобразования находятся в биекции с	10
зачем эта группа здесь	10
числа в открытые	10
естественные преобразования находятся в	10
навигация ты здесь	10
л крипто	10
тянет за	10
при доводке	10
композицию вдоль	10
определение но	10
ломаная дракона ранга	10
выше рынка	10
при возврате	10
в дифференцированную	10
три слайда	10
поле зона зона называем	10
рамке цепочкой финала	10
зона зона называем мостиком поле	10
времени над осью	10
группы поле не говорим	10
люди чувствительнее	10
уровень требует приручения поле вход безусловно	10
про инъекции	10
и картинки	10
за сессию	10
цепочкой финала это	10
нечётно противоположная	10
свободной категории	10
в одну фразу	10
оправдание входит	10
с ним работать	10
рамка курса	10
натуральные числа морфизмы	10
преамбулу группы поле	10
финала это не	10
слоя нет	10
что значит доказать	10
поле зона зона называем мостиком поле	10
стоит ниже	10
то существует ровно один изоморфизм	10
закрыто хенд офф	10
конечный случай	10
тип функции	10
леммы йонеды	10
связка время	10
затраты сут	10
по нарастанию	10
следующему слайду	10
источник уровень	10
ход по букве по существу определение	10
спайн не дублируй	10
лекция соседства узлы уверенность сильный	10
где зал	10
цена ошибки	10
лёгкий научпоп	10
половина условия названное исключение в	10
в картотеке род пример	10
не запрет	10
полоса справа пустая иллюстраций у	10
логи показов	10
есть имя	10
флаг утверждения	10
мини курс вокруг одной идеи	10
большой визуальный разворот	10
функтор сохраняет пределы	10
давать как	10
работаешь с	10
правды по	10
не требуется см преамбулу группы поле	10
курс вокруг	10
канвас без подписи	10
заходом не	10
калибровка по	10
условия названное исключение в рамке цепочкой	10
рамке цепочкой финала это	10
пространств с отмеченной точкой в	10
как начальный объект	10
из единичной группы	10
не сверял	10
полный вывод	10
вторая половина условия названное исключение в	10
группы поле не	10
требуется см преамбулу группы	10
три независимых	10
см преамбулу группы поле	10
в тексте не	10
оправдание оправдание нужно новой границе	10
тянет за собой	10
по доходу	10
в открытые задачи в куда	10
внешнее пример поле вердикт нетривиально	10
есть и он	10
ли естественное	10
дословно я	10
это не требуется	10
вердикту владельца	10
люди чувствительнее к стоимости	10
это вообще не нужно	10
разбор и	10
наш зал	10
голосов отвечено	10
преамбулу группы поле не говорим	10
не закрывается	10
функторов не	10
слайд второй	10
распределении типов	10
ретракт через пару	10
аргумент противника	10
и вторая половина условия	10
не по памяти	10
в конце акта	10
не продолжаются	10
один документ	10
до правки	10
требуется см преамбулу группы поле	10
с палочкой	10
связка время пробег	10
время расстояние	10
слайс категории	10
вердикт тривиально поле вход условно вместе	10
за лекцию	10
говорим не говорим что	10
зачем ты	10
в спайн не дублируй	10
финала это не требуется см	10
род пример	10
кл как	10
морфизм единствен	10
строг полон и существенно	10
в базовом составе	10
нужно новой границе	10
пример поле вердикт нетривиально поле	10
стоимость длинного	10
функтор отражает изоморфизмы	10
дословно не	10
доказательство три	10
корзина для л	10
проверить формулировка и	10
знак наценки	10
в болото	10
поле вход условно вместе с	10
и вторая половина условия названное исключение	10
в репо	10
с двумя звёздочками	10
до идеала	10
дз после	10
базовом составе	10
зал и	10
ровно один изоморфизм	10
смотри значит	10
род внешнее пример поле вердикт нетривиально	10
универсальных свойств	10
эта группа здесь	10
справа пустая иллюстраций у слайда	10
многомерный скрининг	10
по прямому указанию	10
поле оправдание оправдание нужно новой	10
пробег км сут	10
лекция или	10
по первому возвращению	10
полный функтор отражает	10
не тронуты	10
скорость в движении	10
половина условия названное исключение в рамке	10
как фирменная	10
классика сколько	10
спайн не	10
преобразования находятся в биекции	10
дистанция длительность	10
курс вокруг одной	10
преамбулу группы поле не	10
вид функтор	10
функция ценности	10
цепочкой финала это не требуется	10
строгий и полный функтор отражает	10
вход гипотеза	10
тз по	10
пустая иллюстраций у слайда нет	10
см преамбулу группы поле не	10
уже включает	10
крупная горизонтальная иллюстрация снизу	10
условно вместе	10
требуется см преамбулу	10
это не требуется см	10
по теоркату	10
естественное преобразование между	10
сверено по	10
уровень требует приручения поле вход	10
времени над	10
легенда статусов	10
шаги на	10
чужом разделе	10
стена доказана	10
гейты не	10
род упражнение поле уровень требует	10
исключение в рамке цепочкой финала это	10
требуется см преамбулу группы поле не	10
обратны по	10
полоса справа пустая	10
комментарий для меня	10
полон и	10
группа на и на	10
к стоимости времени чем	10
см преамбулу группы	10
русская википедия	10
не источник	10
взаимно обратны по	10
две ломаные ранга	10
маржа на	10
функтор естественность	10
в уровень	10
решено р	10
правки надиктовки	10
до развода зон поле источник источник	10
безусловно поле узел узел картотеки не	10
картотеки в картотеке род пример	10
что я сам	10
и фон нейман	10
есть это не	10
справа пустая иллюстраций	10
что конструкции	10
средний таргет предельный	10
чувствительнее к стоимости времени чем	10
акта и	10
половина условия названное	10
букве по существу определение	10
оправдание нужно новой	10
правки надиктовки сборка	10
вершины двух сортов	10
биекция парковка	10
зал видел	10
их распределении	10
см преамбулу группы поле не говорим	10
канонического нет	10
не трогал	10
малый мехмат	10
взрослой аудитории	10
граф как функтор	10
доставлено доставлено в	10
плоскую маржу	10
заход как	10
своего в утверждении	10
как с ним работать	10
бывает поле	10
на объектах с	10
оправдание оправдание нужно новой	10
произведение экспонента	10
обратный морфизм единствен	10
образец жанра	10
и есть содержание	10
исключение в рамке цепочкой финала	10
л трюк	10
по существу определение	10
ася и	10
работаешь с изображением	10
зон п	10
четыре слоя	10
финала это	10
требует приручения поле вход безусловно	10
раскраска инвариант	10
видно где	10
упражнение поле уровень требует приручения	10
гуровиц ховрина	10
класс стрелок	10
плоскую маржу в	10
большой визуальный	10
одной стрелки поэтому	10
замечание почему	10
цепочкой финала это не	10
к следующему слайду	10
условия названное исключение в	10
начале блока	10
развода зон п	10
источники задач	10
естественные преобразования находятся в биекции	10
внутри поездки	10
не рисуется	10
классификация функторов	10
то есть вот	10
пример поле вердикт нетривиально поле вход	10
не требуется см преамбулу	10
финала это не требуется	10
словаря финала	10
группы поле не говорим не говорим	10
задачи куда	10
таргет предельный пол	10
переописан как	10
рыночная эластичность	10
одно складывание	10
полный функтор отражает изоморфизмы	10
один хороший	10
п не говорим	10
не машинерия	10
существует ровно один изоморфизм	10
в спайн	10
люди чувствительнее к	10
костов по утилизации	10
докажи что	10
люди чувствительнее к стоимости времени	10
граница сдвинута	10
семь лекций	10
полоса справа пустая иллюстраций у слайда	10
на машино день	10
это очень важно	10
проверено и	10
и есть ответ на вопрос	10
честно не	10
шмк мцнмо	10
на открытые данные москвы	10
это один слайд	10
условия названное	10
у функтор	10
и аудит	10
ответ ровно	10
в мотивируемом	10
пять полей	10
финала это не требуется см преамбулу	10
зависимости категория поле оправдание оправдание требуется	10
на машино	10
скрининга с	10
иллюстраций у слайда нет	10
пакета выше	10
решение владельца данные на	10
костов по	10
на объектах и	10
числа морфизмы	10
задачи куда дальше	10
в рамке цепочкой финала это	10
раздел отвергнуто	10
род упражнение поле уровень требует приручения	10
естественный изоморфизм функторов	10
оправдание нужно новой границе	10
числа в открытые задачи	10
плоскую маржу в дифференцированную	10
как фирменная остаточная	10
упражнение поле уровень требует	10
называем мостиком поле зависимости зависимости	10
горизонтальная иллюстрация снизу	10
преобразования находятся	10
гейт на	10
лицом вверх	10
не говорим определения	10
в палитру	10
мини курс вокруг	10
время пробег	10
нужно новой	10
утверждение а не	10
стоимости времени чем	10
расширения кана	10
зона зона называем мостиком поле зависимости	10
не несут	10
та же что на	10
вещь но	10
категории эквивалентны	10
в документе нет	10
опционную издержку	10
таргет предельный	10
что конструкции не существует	10
фикс костов по	10
источники понятие естественность корзина	10
строгий и полный функтор отражает изоморфизмы	10
пространство типов	10
не пример	10
надиктовка второй половины	10
она у	10
диска а	10
ровно та же	10
конце акта	10
мостиком поле зависимости зависимости	10
заходом по	10
узел картотеки в картотеке род пример	10
двойственно для	10
запрет в	10
справа пустая иллюстраций у слайда нет	10
условия названное исключение	10
полон и существенно сюръективен	10
комбинаторного тождества	10
центр группы не	10
мягкий вход гипотеза	10
эндогенна цене	10
внешнее пример поле вердикт нетривиально поле	10
в не в	10
доставлено доставлено в дом	10
объект категории конусов	10
цепочкой финала это не требуется см	10
это ядро	10
поле оправдание оправдание нужно новой границе	10
тождество кревераса	10
моя модель	10
ни там	10
забыл что	10
две вкладки	10
изоморфизм поле оправдание	10
на каршеринг	10
сложить раз	10
мини курс вокруг одной	10
думаю в	10
естественные преобразования между	10
рамке цепочкой	10
пространств с отмеченной точкой в группы	10
отражает изоморфизмы	10
как с ним	10
источники понятие категория корзина	10
минутного тарифа	10
фикс костов	10
фикс костов по утилизации	10
до развода зон поле источник	10
не финал	10
приручения поле вход	10
зона зона называем	10
на печ	10
выручка наценка	10
есть ответ на вопрос	10
см преамбулу	10
есть назначение аннотация	10
не требуется см преамбулу группы	10
преамбулу группы поле не говорим не	10
полон и существенно	10
на их распределении типов	10
средний таргет предельный пол	10
три слоя	10
тривиально поле вход условно вместе	10
требует приручения поле вход безусловно поле	10
целая лекция соседства узлы уверенность сильный	10
в рамке цепочкой финала	10
вариацию цены	10
за словарём	10
п кл листка	10
рамке цепочкой финала это не требуется	10
не порядок	10
лекция не	10
гомоморфизм из единичной	10
в открытые задачи в куда дальше	10
названное исключение в рамке цепочкой	10
случайность приручённая	10
на мобильность	10
опр показываем	10
ресёрч задач	10
не говорим не говорим что	10
не требуется см	10
приручения поле вход безусловно поле узел	10
оправдание оправдание входит	10
математическое содержание	10
изоморфизм поле оправдание оправдание	10
приручения поле вход безусловно	10
навигация ты	10
требуется см	10
ровно один хороший	10
пола из	10
маржу в дифференцированную	10
исключение к	10
слову владельца	10
ася и вася	10
на вопрос зачем	10
ним работать	10
я думаю в	10
из символов и символов	10
справа пустая	10
зона называем мостиком поле зависимости зависимости	10
находка без	10
их распределении типов	10
поле вход условно вместе	10
исключение в рамке цепочкой	10
чётные вершины	10
ставка пол	10
объект с морфизмами	10
группы поле не говорим не	10
нобель по	10
пять кругов	10
зона называем мостиком поле зависимости	10
поле не говорим не говорим что	10
полоску не	10
после сопряжений	10
вторая половина условия названное	10
корзина для	10
маржу в	10
пример поле вердикт нетривиально	10
рамке цепочкой финала это не	10
сверено кодом	10
не трогает	10
пометка зоны	10
без текстового слоя	10
что конструкции не	10
когда читать первым	10
слайд не идёт	10
поле что это	10
полоса справа пустая иллюстраций	10
говорим определения	10
это прям	10
требует приручения поле вход	10
держится всё	10
ранг ранг ранг	10
то ну	10
как хочешь	10
листок задач	10
преобразования находятся в	10
строг полон и существенно сюръективен	10
базовый состав	10
доставлено доставлено	10
в словаре нет	10
вход условно вместе	10
и склейка	10
и поле зона	10
парковочная функция	10
поле приём	10
в спайн не	10
зона называем мостиком поле	10
же что на месте	10
не декартово замкнута	10
существу определение	10
на слайд не идёт	10
в рамке цепочкой	10
назначение аннотация	10
это ровно та	10
гомоморфизм из единичной группы	10
обратный морфизм	10
переменная компонента	10
поле род упражнение поле уровень требует	10
условно вместе с	10
без которой	10
стоит группа на и	10
куда мы идём	9
начальный объект в	9
заход как смотрел	9
центральная задача	9
не делается голыми	9
сверено курс для которого	9
сам это	9
канон в	9
с честной	9
биекциях и	9
узкая полоса	9
гёдель шеннон	9
б оба	9
следующий заход	9
эластичности спроса	9
декартовой замкнутости	9
через биекцию	9
репозитории нет	9
биекция путь	9
сохранено лицензия сверено	9
тела переписаны в формате движка типизированная	9
естественный изоморфизм между	9
граница жёсткая слева	9
для которого собирается материал платный	9
жёсткая слева	9
фиксированная ёмкость	9
для минутной	9
типизированная врезка слитно комментарии	9
его словами	9
место отдано	9
разбор по	9
ломается на	9
слитно комментарии	9
соглашения поле в начале блока	9
кочующие люди	9
в формате движка типизированная врезка	9
изоморфны при	9
врезка слитно комментарии на	9
картинок без разрешения автора конфликтует с	9
как делать	9
больше одной стрелки	9
по полноте имеет вид	9
оценка пример	9
по полноте имеет	9
надзаголовок определение	9
книга англ стр текстовый слой есть	9
значит дальше	9
базисная сторона	9
полоса снизу	9
одного поле	9
инвариант раскраска	9
материал платный	9
машино час	9
единственное место лекции	9
в формате движка	9
как делаем	9
заимствование картинок без разрешения	9
движка типизированная	9
аудитория дверь	9
существенная сюръективность	9
ничего не добавляет	9
потом определение	9
методология тестов	9
листка задача	9
оттер дуасс	9
названное исключение к	9
не биекция	9
переписаны в формате	9
трёх складываний	9
стрелка между	9
состоит из класса объектов	9
не больше одной стрелки	9
что он единственный	9
вернётся ли	9
каждый тариф	9
треугольник нараяны	9
комментарии на поля	9
вне фабрики	9
не внешний	9
функтор изоморфизм	9
всякий морфизм	9
типизированная врезка	9
вкладка пул задач	9
неподобных ломаных ранга	9
полноте имеет	9
тела переписаны в формате движка	9
сессии не	9
источники понятие эквивалентность	9
быть коротко	9
переписаны в формате движка	9
категория на	9
три лекции	9
функтор и естественный	9
без разрешения автора конфликтует с	9
не верифицирован	9
то что то	9
точки каждый	9
можно оставить если	9
профиль от	9
состояние у нас	9
неподобных ломаных	9
раскраска живёт	9
не поехали	9
поле здесь	9
из класса объектов	9
курс для которого собирается материал	9
с информационной	9
верификатор зелёный	9
соглашения поле в начале	9
выбором базиса	9
обе дороги	9
длинный пакет	9
слитно комментарии на	9
изображено два	9
каждое тождество	9
изоморфизм в категории	9
четыре кривые	9
у каждого своя граница	9
видно глазами	9
произведений и уравнителей	9
врезка слитно комментарии	9
в фабрике	9
куда ведёт	9
олимпиадный сборник	9
и это видно	9
врезка слитно комментарии на поля	9
не делается голыми руками	9
тождество про	9
не тема	9
графы позиций	9
запрет не запрещает	9
стр таргет	9
каждого своя граница	9
парк юрского периода	9
не переоткрывается	9
главная ломаная	9
здесь ничего	9
размер во	9
список сгибов	9
в контракт	9
графовые задачи	9
движка типизированная врезка слитно комментарии	9
сколько неподобных	9
переписаны в формате движка типизированная врезка	9
быть максимально	9
минуты на слайд	9
эластичность под	9
не на слайд	9
определение верх	9
цена названа	9
постранично не	9
закрывает и	9
где слайд	9
папке арки	9
функтором и	9
на лекций	9
полноте имеет вид	9
соглашения поле в	9
заход и	9
и предельного	9
с информационной рентой	9
словаря курса	9
множества морфизмов	9
не слайд	9
без пометки	9
по холму	9
чем платим	9
з высоцкий кружок печ	9
один сюжет	9
класс изоморфных	9
гейт доступности	9
переписаны в формате движка типизированная	9
выбор координат	9
это задача мини	9
равенство композиций	9
категория как	9
дальше у нас	9
сохранено лицензия	9
сверено курс для	9
пол мин	9
лекция соседства узлы уверенность сильный узел	9
слово владельца	9
отсечены по	9
много текста	9
это и есть ответ на вопрос	9
в букву	9
мостик в	9
без разрешения автора конфликтует	9
лицензия сверено курс для которого собирается	9
три диаграммы	9
и ломается	9
микро интервью	9
мат долг	9
не набор	9
объекта в себя	9
тела переписаны в	9
движка типизированная врезка	9
всю ширину слайда	9
заходе не	9
вот ну и	9
что это меняет в	9
полного матожидания	9
поле зачем	9
в заполнить	9
и уравнителей	9
врезка слитно	9
сохранено лицензия сверено курс	9
источника не	9
время мин вопрос	9
дракон ранга	9
калибровка по темам	9
у тебя мало текста	9
мин вопрос	9
в папке арки	9
хорошо значит да	9
раздутие сдутие триангуляций	9
абзац про	9
ты считаешь	9
с прокатом	9
сцена это	9
прямо здесь	9
кружок занятие	9
сколько ждать	9
функтора совпадающего	9
слово категория	9
отдельным файлом	9
в репозиторий	9
если понадобится	9
функтор сохраняет коммутативность	9
тебя здесь	9
это помещается	9
по стадиям	9
курс для которого собирается	9
про теорию	9
виды это	9
лицензия сверено курс для	9
сколько слоёв	9
что живёт	9
доказательство комбинаторного тождества	9
не пишут	9
элементарный топос	9
школьно утверждение	9
спрятанная геометрия	9
тебя мало	9
что у тебя	9
л дано раньше пон	9
слева у	9
поле в начале	9
информация и коды	9
формате движка типизированная	9
в формате движка типизированная	9
категорий поле	9
живому файлу	9
сумма по обмоткам	9
формате движка типизированная врезка слитно	9
файлов не	9
должны помещаться	9
два морфизма	9
скан без текстового	9
рисовать с нуля	9
автор сохранено лицензия сверено	9
тот же чертёж	9
только метка	9
сдутие триангуляций	9
у джо	9
не тронут читал не	9
смыкается с	9
гейты зелёные	9
конец на	9
л словарь л словарь л словарь	9
не выдумывать	9
после трёх складываний	9
тексты слайдов	9
портрет зала	9
заимствование картинок без разрешения автора	9
чего нет и	9
без адреса	9
домино эйлеров путь	9
про группу	9
утилизация и	9
про объекты	9
не определён итог не тронут читал	9
живых файлах	9
сверено курс	9
листочный потенциал	9
ёмкости из	9
минутной ставки	9
выпадает из	9
байт в байт	9
разрешения автора конфликтует с	9
из ранга	9
дефолт захода	9
определён итог не тронут читал	9
в формате движка типизированная врезка слитно	9
слово со своей	9
что отвергнуто	9
з колмогоров	9
не перерисовывать	9
т печ у	9
волк коза капуста	9
естественное преобразование поле	9
соглашения поле	9
прямое заимствование картинок без разрешения	9
делается голыми	9
это морфизмы	9
сверено курс для которого собирается материал	9
это не надо	9
в категории с	9
категория состоит из класса	9
типизированная врезка слитно	9
где ломается	9
в слайде	9
автора конфликтует	9
книга англ стр текстовый	9
картинок без	9
в репозитории нет	9
скан без текстового слоя	9
не решено	9
каждый объект изоморфен	9
ценности беллмана	9
категория состоит из класса объектов	9
парк юрского	9
на инъекциях	9
прямой мост	9
значит биекция	9
лицензия сверено курс для которого	9
корпус не	9
тебя мало текста	9
дна это	9
состояния связей	9
на стрелках	9
по файлу	9
приватных данных нет	9
автора конфликтует с	9
не читались	9
же подстановка	9
вопрос тьюринга	9
не удалён	9
ну давайте	9
оставить как	9
и короткий	9
предельный пол мин	9
карта шагов	9
третий пункт	9
четыре пункта	9
переписаны в	9
всё до	9
один пункт	9
морфизм то есть	9
поле граница жёсткая слева	9
по эластичности	9
это задача мини л	9
собирается материал	9
тождество через	9
типичный неверный	9
уже написано	9
бабушкины пирожки	9
аксиомы категории	9
лекции есть	9
картинок без разрешения автора конфликтует	9
нет и как	9
проза не	9
должен быть про	9
зачем нужна	9
определение пример	9
идёт через	9
делается голыми руками	9
помещаться на один слайд	9
обе стороны и	9
одна широкая	9
чем решается	9
формате движка типизированная врезка слитно комментарии	9
стоит одну	9
поле в начале блока	9
главный риск	9
вот окей	9
курс для которого	9
автор сохранено лицензия сверено курс для	9
есть отражение	9
файла захода	9
из документа не	9
доказательство комбинаторного	9
надзаголовок утверждение	9
решёточные пути	9
это меняет в	9
источник автор сохранено лицензия	9
где в источнике	9
же чертёж	9
ровно затем чтобы	9
теория выбор	9
для которого собирается материал	9
а про то	9
два функтора и	9
функтор доказательство	9
запрос владельца	9
днв на цикле	9
отдельным пунктом	9
греп мой	9
не разбираем	9
пример стрелка	9
сразу а не	9
днв на плоскости	9
сшивка цитатой	9
информационной рентой	9
итог не тронут читал не	9
композицию не	9
с адресами	9
слитно комментарии на поля	9
существует функтора	9
книга англ стр текстовый слой	9
ровно эта	9
тела переписаны	9
сверено курс для которого собирается	9
перекрёстная эластичность	9
оператора нет	9
ответ на вопрос зачем	9
шеннон л	9
разрешения автора конфликтует	9
заимствование картинок без	9
у тебя здесь	9
энтропии не	9
типизированная врезка слитно комментарии на	9
движка типизированная врезка слитно	9
холму ошибки	9
для которого собирается	9
документ принят	9
пункт критики	9
конец арки	9
имя курса	9
обратные компоненты	9
на дефолтах	9
прежней кривой	9
поле три	9
не спасает	9
сохранено лицензия сверено курс для которого	9
занумерованных множеств	9
раздел про	9
утверждение нет	9
домино эйлеров	9
не существует функтора	9
ровно затем	9
источник автор сохранено лицензия сверено курс	9
отдельная сессия	9
с комбинаторными видами	9
раскраска живёт в	9
драконов рангов	9
фусс каталан	9
уровень школьно утверждение	9
единственное место лекции где	9
курс для которого собирается материал платный	9
тела переписаны в формате	9
тронут читал не	9
источник автор сохранено лицензия сверено	9
движка типизированная врезка слитно комментарии на	9
факт решения	9
формате движка типизированная врезка	9
изоморфизма не существует	9
условного блока	9
всю лекцию	9
сохраняет коммутативность	9
место лекции где	9
меняется редко	9
приём а	9
ядро читать	9
собирается материал платный	9
не править	9
содержание а	9
не приговор	9
вкладка пул	9
же слайде	9
категории конечных множеств	9
множества морфизмы	9
буква в букву	9
сохранено лицензия сверено курс для	9
за вход	9
стек сортируемые	9
перебором до	9
сколько путей длины	9
это сильнее	9
категории поле	9
перспектива йонеды	9
которого собирается материал платный	9
со слайда снято	9
прямое заимствование картинок без	9
есть естественный	9
длительности коммита	9
коза капуста	9
профиль от книги	9
все иллюстрации	9
картинок без разрешения	9
до дна это	9
предвёрсточный документ принят	9
ну на	9
формат лекции	9
он у тебя	9
по холму ошибки	9
которого собирается материал	9
помещаться на один	9
естественности определения	9
вторая ось	9
м з з	9
связка с	9
двойного учёта	9
оживёт на	9
окей значит	9
к печ	9
ретракции нет	9
до лекции	9
в собранном	9
сильнее всего	9
гауссовы биномы	9
оба функтора	9
морфизм из терминального	9
ширину слайда	9
отдельно это	9
типичный неверный ответ	9
слайда снято	9
на ней стоит	9
прочитано целиком	9
формате движка	9
у тебя мало	9
преобразование поле	9
счёт б	9
автор сохранено лицензия	9
потенциал сильный	9
то есть это не	9
правки владельца по	9
слоган лекции	9
это не делается	9
зал его	9
лекционный потенциал сильный	9
копределы в зоне	9
внизу пары	9
автор сохранено лицензия сверено курс	9
не названа	9
состоит из класса	9
и отчёт	9
не ради	9
порядок задан	9
разбора в	9
прямое заимствование картинок без разрешения автора	9
картинок без разрешения автора	9
рисовать с	9
лицензия сверено курс	9
не снято	9
осталось открытым	9
нет нужен	9
типизированная врезка слитно комментарии на поля	9
заимствование картинок без разрешения автора конфликтует	9
не отдельной	9
на биекциях и	9
надзаголовок определение верх	9
изоморфизм на	9
спайн ссылается сюда из что сюда	8
тождество композиция отношение	8
контракт зоны	8
не даётся	8
безусловно поле уровень вне школы	8
лишние бессмысленные я	8
а не пол	8
плоские деревья	8
приватных логов	8
данный момент все	8
полные бинарные	8
и есть утверждение	8
находка суть чем наглядна	8
должно быть написано	8
первым когда	8
одном абзаце	8
не говорим о том	8
простой внутри поездки уже включает	8
было сузить	8
изоморфизмы тождество	8
не ходовая доля	8
изоморфна тождественному	8
пределах совместимости	8
данный момент все картинки неподходящие	8
многочлены степени не	8
половина и	8
статус пишем	8
объектов и как подписаны узла	8
полоса фона	8
в утверждении только	8
арка научпоп	8
поездки уже	8
зона определяем поле зависимости зависимости функтор	8
определён итог не тронут читал не	8
лишние бессмысленные я бы	8
одна широкая колонка	8
слайдов лекции	8
фикс км	8
задачи куда дальше закрывает	8
з высоцкий ященко	8
сохраняет композицию	8
цены из	8
производный факт	8
ползёт по	8
вася вырезают	8
текста полоса	8
работает именно	8
в картотеке найти не	8
для канвас	8
на слайде что	8
приручения поле узел узел картотеки не	8
стена в	8
ссылается сюда из что	8
что это меняет в консолидированном ответе	8
прежней редакции	8
профиль мини курс	8
может ли думать	8
клейсли матрицы	8
куда разворот в	8
из курса не	8
исполнитель не	8
мимикрировать под пакетчика	8
раскладка много	8
курса тут	8
разбору владельца	8
объектов утверждение	8
без комментариев	8
выбор мягкий вход	8
существует ровно один с	8
конспект англ стр текстовый слой есть	8
обратную композицию	8
в мотивации	8
блоков написаны шапка заполнена тела	8
решено владельцем данные	8
логов нет	8
риск за раз	8
сюжеты и	8
длинного пакета выше	8
этой арки	8
реальная причина завышенного пробега	8
динамического ценообразования	8
владельцем данные на	8
неканонический изоморфизм	8
тьюринг л	8
вариация цены из	8
чего не бывает	8
дописывать только материал	8
не тронут читал не читан	8
перерисовывать и не пересжимать	8
связный группоид	8
все картинки неподходящие лишние бессмысленные	8
наперёд с заменой	8
канонический реестр	8
безусловно поле уровень вне школы поле	8
вдвое выше рынка	8
функтор естественность корзина	8
перекрёстные эластичности	8
лишние бессмысленные	8
естественны автоматически	8
шапка заполнена тела	8
сут км	8
не тронут читал не читан целиком	8
оптимальная наценка	8
изоморфизма утверждение	8
как подписаны узла	8
на все четыре	8
объекта про	8
вся композиция	8
по гейту	8
п категория	8
скачан есть назначение	8
ни одного поле	8
платный прямое заимствование картинок	8
итог лекции	8
естественный изоморфизм покомпонентно	8
консолидированном ответе	8
л п руками кл	8
поле уровень вне школы поле	8
из чёрной	8
части на данный момент все	8
наверху и	8
статус не	8
спайн не дублируй числа	8
категория корзина уровень	8
их данными	8
не двигает	8
смотрит туда же	8
по спросу	8
замкнутой категории с	8
уровень вне школы поле узел	8
где в источнике применимо	8
поддержано сильным	8
и вася вырезают	8
нового чата	8
всей категории	8
функтор контравариантный	8
морфизм ровно	8
с причиной	8
средняя площадь	8
мост в тему	8
скорость каршеринга	8
маркированные списки	8
эффективная скорость простой	8
перед рисованием	8
крючок в	8
сложность информация	8
поле уровень вне школы	8
и своя	8
сюда из что сюда	8
она нужна	8
сначала утверждение потом материал фаза	8
утверждение поле род внутреннее поле вердикт	8
вне школы поле	8
проекциями и	8
плохо плохо плохо	8
всему репозиторию	8
стоимость ёмкости это	8
все иллюстрации без	8
из курса не уходит	8
надзаголовок определение верх листок	8
морфизм ровно один	8
порождает формулу	8
под кат	8
морфизм имеет	8
по решению владельца	8
костяк не	8
фаза тела блоков написаны	8
заполнена тела	8
элемент источник где в	8
не изобретать	8
снят граница сдвинута	8
выше предельных издержек	8
пакет дешевле	8
что берём	8
сюда дописывать только материал	8
поле блок	8
одним движением	8
ст нет	8
коммутативность ассоциативность единица	8
поле вкладка	8
элемент источник	8
не перерисовывать и не пересжимать	8
обрывается на	8
усл с	8
рамку не	8
мост в мир	8
ссылается сюда из что сюда	8
в картотеке найти не удалось	8
средняя машина	8
риск за	8
гейт п	8
действие экспоненты	8
утверждение эквивалентность	8
сверено до развода зон п	8
блетчли лос аламос	8
находка суть	8
все иллюстрации без разбора	8
отдельно про	8
на мягких	8
приз для	8
уровень требует приручения утверждение	8
а это ровно	8
эквивалентности утверждение	8
пути ограниченной	8
л там	8
мост л	8
все картинки неподходящие	8
у дракона	8
дёшево мимикрировать под	8
утверждение зачем	8
заполнена тела переписаны в	8
на одну страницу	8
этом прогоне	8
закрыто пункт	8
морфизм есть	8
объектом натуральных чисел	8
не режем	8
нас чем решается	8
в слайдах	8
с одним объектом определение	8
фаза тела блоков написаны шапка	8
читан целиком только скачан есть назначение	8
тела блоков написаны шапка заполнена	8
ну можно	8
элемент источник где	8
момент все картинки неподходящие	8
в зоне не	8
на слайде и	8
универсальное свойство как	8
меняет в консолидированном ответе	8
элемент источник где в источнике применимо	8
они нужны	8
арка научпоп черновик	8
картинки неподходящие лишние	8
данный момент все картинки неподходящие лишние	8
свежий верификатор	8
его не знает	8
декартово замкнутой категории с	8
естественно изоморфна тождественному	8
есть источник	8
выход системы	8
срочность длительность ценочувствительность	8
и уравнители	8
куда разворот в часть	8
категорном языке	8
кружковой традиции	8
дайджест в	8
в листке нет	8
нужно больше ничего	8
ресёрч карточный граф	8
наверху нет	8
руками при	8
он не нужен	8
порядок сначала утверждение потом материал фаза	8
курса что	8
требуется рамкой	8
по доктрине владельца заголовок	8
отдельная лекция	8
есть уравнитель	8
утилизация минутных	8
счёт путей	8
части на данный	8
гёдель шеннон колмогоров	8
война место	8
читан целиком только скачан есть	8
универсальное свойство поле	8
ну не знаю	8
утилизация минутных машин	8
словаря определение	8
профиль мини курс вокруг одной	8
картинки неподходящие лишние бессмысленные я бы	8
на переправе	8
за км в	8
с оргами	8
без дайджеста не	8
игры как графы	8
три оси	8
скорость пробег км	8
биекции между моделями	8
картотеке найти	8
элементарного топоса	8
честного сжатия	8
стратегия идентификации	8
бы их всех убрал	8
наперёд с	8
шаг от	8
по длительности	8
трёхэлементных множеств	8
тела блоков написаны шапка заполнена тела	8
без дайджеста не читан	8
бы их всех	8
у нас чем	8
безусловно поле уровень вне	8
блоков написаны шапка	8
эластичном пакетном	8
зависимости поле	8
дальше говорим	8
ли думать	8
руками на	8
нет естественной	8
ященко олимпиадный	8
длительность бюджет	8
ссылается сюда из	8
москвы эконом	8
надо было сузить	8
дифференцировать маржу	8
оплата поле	8
открытые задачи куда дальше закрывает	8
только скачан есть назначение	8
получает имя	8
имеет пределы всех диаграмм	8
момент все картинки неподходящие лишние бессмысленные	8
перерисовывать и не	8
каждый путь дика	8
прямое требование	8
в телефоне	8
обратную композицию не требуется	8
когда мы говорим про	8
узкая полоса фона	8
в стену	8
утверждение стоит	8
по разбору владельца	8
одним вопросом	8
и формат	8
бессмысленные я бы их всех	8
функтор и естественный изоморфизм	8
естественно изоморфна тождественному функтору	8
левый кусок	8
было сузить класс	8
кросс темы	8
категории с конечными	8
оценки спроса	8
спросят а	8
целиком слово ранга	8
той же машины в	8
докачка ландшафт	8
картинка и	8
на категорном языке	8
строится категория	8
сузить класс стрелок	8
нет формулы	8
ценовая дискриминация второй степени	8
а бывает ли	8
не только аренд	8
по контексту	8
категории схемы	8
чем вдвое выше	8
же словами	8
утверждение изоморфизмы	8
пути ограниченной высоты	8
как фирменная остаточная эластичность	8
простой внутри поездки уже	8
дальше закрывает пункт критики	8
и словарь	8
широкой взрослой аудитории	8
пробег сут	8
текст слайда с	8
простой внутри поездки	8
лежит здесь	8
высоцкий кружок занятие	8
тип пары	8
указание владельца	8
выбор мягкий вход гипотеза	8
источники понятие эквивалентность корзина	8
что инструмент	8
приватных логов нет	8
за л	8
скрининга с информационной рентой	8
в картотеке найти	8
рынок впритык над	8
ровно до	8
полоса убрана	8
усл с реш	8
я бы их всех	8
почему это не делается	8
свободная категория графа	8
раскраски инварианты	8
чем денег	8
парадокс симпсона	8
конфликтует с решение за	8
на слайде не появляется	8
утверждение поле род внутреннее поле	8
естественным изоморфизмом	8
на живых файлах	8
гейте в	8
случайные коэффициенты	8
функтор контравариантный функтор	8
биекции есть	8
аксиомы выполняются	8
ответ приходит	8
собираются из	8
входы заземлены на	8
суть чем наглядна	8
композицию не требуется	8
поле что на	8
из что сюда	8
здесь не произносится	8
своего в утверждении только	8
не дублируй числа	8
источнике применимо	8
задачи куда дальше закрывает пункт критики	8
тонкий шаг	8
словарь между	8
чётность графы	8
текста полоса справа	8
скорость пробег	8
теоркат для	8
несбалансированный путь	8
тела блоков написаны шапка	8
в гейте в	8
индекс подфактора	8
нет ни в одной	8
есть экспонента	8
нужен один	8
в заход	8
о голосах	8
источники понятие естественность корзина трюк	8
и что осталось закрыто пункт	8
это функтор из	8
на данный момент все картинки неподходящие	8
поле раскладка много текста	8
времени когда машина	8
с одним патроном	8
печ печ	8
курса не уходит	8
схема диаграмма	8
текста полоса справа пустая иллюстраций	8
ценовая дискриминация второй	8
ссылается сюда из что сюда дописывать	8
чего машина	8
пробег сут км	8
естественного изоморфизма нет	8
шагов выше	8
не пересжимать	8
ресёрч карточный	8
и вердикт	8
перебалансировка парка	8
в правдоподобном	8
диска а не	8
одним патроном	8
строгая матбаза слой	8
дорога обратно	8
узлы в порядке	8
ср поездка	8
вкл км	8
уравнитель пары	8
источник где в	8
части на данный момент все картинки	8
куда дальше закрывает пункт	8
живой прогон	8
пик при	8
один дом	8
утверждение применённое	8
хорошо что ты	8
и поле зона зона определяем поле	8
блоков написаны	8
гл с гл	8
а под ней	8
поле уровень вне школы поле узел	8
понятие функтор естественность	8
вскрывается по	8
мы убираем	8
быть вот	8
один риск за	8
изоморфизм утверждение	8
инъекции не продолжаются	8
ященко олимпиадный сборник	8
категория клейсли	8
на данный момент все картинки	8
центр группы не функтор	8
тронут читал не читан целиком	8
картинки неподходящие лишние бессмысленные	8
статическая модель	8
композицию не требуется ничего	8
вне школы поле узел узел	8
см вопрос	8
уровень вне школы поле узел узел	8
все картинки неподходящие лишние	8
бессмысленные я бы их	8
простой внутри	8
статус пишем с нуля	8
один риск	8
целиком только скачан	8
открытые задачи куда	8
что резать материал	8
давайте мы	8
не существует изоморфизма	8
полные бинарные деревья	8
инвариант граф	8
ни ковариантно	8
потом материал фаза	8
четвёртой части на	8
владельца о	8
срочность длительность	8
блоков написаны шапка заполнена тела переписаны	8
издержки а	8
фаза данные москвы	8
сложена раз	8
не перерисовывать и	8
карточка что	8
п кл задача статьи	8
вердиктом владельца	8
арка в	8
обратную композицию не требуется ничего	8
универсальный объект как начальный	8
таргет выше	8
прогон по	8
естественная биекция множеств	8
длительность ценочувствительность	8
у функтор сохраняет	8
ловушка в	8
схлопываются в	8
читан целиком только скачан	8
сюжет не	8
не нужно надо	8
нет источники	8
поле уровень вне	8
строкой выше	8
я бы их	8
карта величин	8
начальный изоморфизм	8
очевидное продолжение	8
тождество композиция	8
блоков написаны шапка заполнена	8
проверено перебором всех	8
из что сюда дописывать только	8
источник п	8
нужен другой	8
между сценами	8
в консолидированном	8
на ранг	8
список вскрывается	8
знакомый объект	8
ты сам	8
про обратную композицию	8
с правым умножением	8
минутчики пакетчики	8
числа в открытые задачи в куда	8
в спайн не дублируй числа	8
изоморфизм поле оправдание оправдание требуется сюжетом	8
вся конструкция	8
вид функтор из	8
стоит проговорить	8
конспект англ стр текстовый слой	8
то на чём	8
цена четыре	8
ядро л	8
и не пересжимать	8
же файла	8
бессмысленные я бы	8
владельца с	8
входы заземлены на открытые	8
с рентой	8
и строгость	8
объект произведение	8
же машины в других районах	8
ценой и	8
зоне не	8
решено владельцем данные на	8
что функтора	8
а не факт	8
тут очень	8
надо было сузить класс	8
сколько объектов и как подписаны узла	8
сюжета а	8
неподходящие лишние бессмысленные я бы их	8
доктрине владельца заголовок	8
не читан целиком только скачан есть	8
листке нет	8
случайность как инструмент	8
целиком только скачан есть	8
один доминирующий	8
и нечётные подмножества	8
разрушители легенд	8
цена той же машины	8
что сюда дописывать только материал	8
суть чем	8
задачи дословно	8
только скачан	8
с тегом	8
можно кстати	8
категория занумерованных	8
была про	8
бритни галливан	8
наглядна источник	8
выше предельных	8
дика с пиками	8
йонеды утверждение	8
канонического изоморфизма нет	8
уровня пол	8
с развилками	8
такое категория	8
же машины в	8
свёрнуто со слайда снято	8
в листок как	8
лишние бессмысленные я бы их всех	8
платный прямое	8
каждому тарифу	8
опускается ниже	8
лучшее в	8
вне школы поле узел узел картотеки	8
теория подтверждено	8
в пределах совместимости стимулов	8
направление вывода	8
результат а не	8
монография англ стр	8
прямым текстом	8
же картинка	8
той же машины	8
поддержано сильным аналогом	8
посередине с запасом	8
функтор корзина уровень	8
вскрывается по частям	8
той же машины в других районах	8
данный момент все картинки	8
владельца из	8
нет ни в одной из	8
источник где в источнике	8
м усл	8
заполнена тела переписаны в формате движка	8
категории или	8
дублируй числа	8
вопрос оплачено	8
что это меняет в консолидированном	8
статический пол	8
фаза данные	8
список вскрывается по частям	8
морфизма в	8
неподходящие лишние бессмысленные я	8
категория занумерованных множеств	8
не заглядывает	8
пути по окружности	8
уровень вне школы поле	8
надо было сузить класс стрелок	8
обзор вход	8
м усл с реш	8
связи галуа	8
вслух в	8
микросюжеты руками	8
статус проверено	8
канвас надзаголовок	8
граница что проверяет	8
монотонный путь	8
до луны км	8
с решение за	8
открытые задачи куда дальше	8
текста полоса справа пустая иллюстраций у	8
двух слайдов	8
источник табачников	8
тут как бы	8
осталось закрыто пункт	8
не говорим о том что	8
входы заземлены на открытые данные	8
подписаны узла	8
неподходящие лишние бессмысленные	8
категория декартово	8
что делали	8
длительность бюджет слайдов	8
не ходовая	8
дёшево мимикрировать	8
экзогенная вариация цены	8
скрининга с информационной	8
приручения утверждение	8
экзогенная вариация	8
ссылкой на него	8
это меняет в консолидированном ответе	8
что осталось открытым	8
нулевое пространство	8
ровно то чего	8
категория графа	8
не читан целиком только скачан	8
случайность оптимизация	8
граница сдвинута охват	8
эфф скорость пробег	8
что осталось закрыто пункт	8
логичного вопроса	8
не рисуя	8
широкая колонка	8
мин движение мин	8
запрет не запрещает лишнего	8
готовое видео	8
четыре ломаные	8
в консолидированном ответе	8
слайде не появляется	8
плохой плохой	8
зависимости поле оправдание	8
не выброшено	8
с поворотами	8
высоцкий ященко олимпиадный сборник	8
объект поле	8
картинки неподходящие лишние бессмысленные я	8
итог не тронут читал не читан	8
по зависимостям	8
шаг конвейера	8
требует и	8
чётные и нечётные подмножества	8
где то не	8
список вскрывается по	8
в начальный изоморфизм	8
спайн ссылается сюда из	8
дописывай сюда	8
не растворилась	8
источник без дайджеста не читан	8
четвёртой части на данный момент	8
с гейтами	8
рынок впритык	8
ася и вася вырезают	8
для обе	8
зачем названо отдельно это	8
разложение по первому	8
из начального объекта	8
программистские примеры	8
верх листок	8
тоже категория	8
отдельная фабрика	8
и правки	8
по позиции	8
опоры зала	8
рекуррентные разложения	8
предельные операционные	8
школы поле узел узел картотеки	8
много частиц	8
картотеке найти не удалось	8
ядро читать перед	8
по каждому тарифу	8
о произвольной категории	8
спайн ссылается сюда из что	8
от корня репозитория	8
же ходом что	8
матбаза слой	8
расслоённое произведение и	8
тир полный	8
есть непонятно	8
в четвёртой части на данный	8
выше потолка	8
сюда из что сюда дописывать только	8
ценовые стимулы	8
на нём же	8
слово функтор	8
чего машина не	8
утверждение потом материал фаза	8
нет стр уровень	8
пределы всех диаграмм	8
к стоимости времени чем денег	8
утверждении только	8
при конечномерном	8
дешевле за час	8
ты определяешь	8
бессмысленные я	8
их всех убрал	8
про обратную композицию не	8
естественности не	8
в пределах совместимости	8
м усл с	8
названным исключением в	8
сцен как	8
не значение	8
методические тексты	8
йонеды и	8
читал не читан целиком только скачан	8
одним росчерком	8
оно стоит	8
мимикрировать под	8
та же картинка	8
из накладных	8
терминальный объект произведение	8
доказательство скетч	8
про конечномерность	8
йонеда на	8
как факт решения	8
скидки за длительность	8
тождественного функтора в функтор	8
до прямого	8
всех убрал	8
читать первым когда	8
нумерация сквозная	8
вспомогательная категория	8
профиль мини курс вокруг	8
изоморфна тождественному функтору	8
про обратную композицию не требуется	8
наглядный листок	8
кл задача статьи	8
объектом определение	8
мин движение	8
экзогенная вариация цены из	8
и поле зона зона определяем	8
это сказано	8
переписан по	8
теневая цена ёмкости в	8
не перерисовывать и не	8
тела блоков написаны	8
поле что на картинке	8
школы поле	8
про обратную	8
владельцем данные	8
условие входа	8
чего машина не может	8
все картинки неподходящие лишние бессмысленные я	8
профиль мини курс вокруг одной идеи	8
и по строгости	8
внешние примеры	8
конфликтует с решение	8
до развода зон п	8
посередине с	8
цена той же машины в других	8
элемент источник где в источнике	8
гостинцы на	8
источник рисовать	8
заполнена тела переписаны	8
только скачан есть	8
от равняется	8
о естественности	8
статус пишем с	8
композиция отношение	8
звено идёт	8
предельный участник	8
л п руками	8
же ход что	8
функтор поле	8
по листку	8
нашего зала	8
сюда из что сюда дописывать	8
рынок впритык над полом	8
закрыта делали	8
причина завышенного	8
тянет ли	8
говорим не говорим о том	8
движение мин	8
закрывает пункт	8
вот а	8
дальше закрывает пункт	8
автор сам	8
обратную композицию не	8
современный свод	8
шапка заполнена тела переписаны в формате	8
не доказывать	8
по объектам	8
тоньше на	8
а не предельный пол	8
пределах совместимости стимулов	8
я бы их всех убрал	8
потолок курса	8
ширины слайда источник	8
вёрстка по доктрине владельца заголовок	8
более чем вдвое выше	8
сейчас из	8
смотрит туда же куда	8
ни ковариантно ни	8
время что п	8
куда дальше закрывает пункт критики	8
же машины в других	8
три уровня пол	8
сопоставление функтор	8
криптография л	8
один риск за раз	8
скачан есть назначение аннотация	8
в одном абзаце	8
два файла	8
неподходящие лишние бессмысленные я бы	8
находка без карточки	8
ковариантно ни	8
картотеке найти не	8
определение верх листок	8
очевидное продолжение не	8
же машины	8
с объектом	8
не сверено до развода зон п	8
написаны шапка заполнена тела переписаны в	8
дерево парковка	8
инволюция франклина	8
только аренд	8
с формулировка	8
канон выверено	8
цена той же	8
перестановочные с	8
на старый	8
на категорном	8
конспект англ стр	8
объектом натуральных	8
пометки зоны	8
машины в других	8
каждый факт	8
по живому файлу	8
та же подстановка	8
и как подписаны узла	8
цена той	8
не изоморфизм видов	8
в час пик при	8
в обе стороны и	8
стык с	8
момент все картинки	8
школы поле узел узел	8
контекст не	8
час пик при	8
продолжение не	8
написаны шапка заполнена тела переписаны	8
задом наперёд с заменой	8
было сузить класс стрелок	8
равное число элементов	8
сменён на	8
моноидальные категории	8
в костяк	8
при гетерогенности	8
внутри треугольника паскаля	8
одному на объект	8
тут нечего	8
материал фаза	8
усл с реш с	8
в плашке	8
машины в других районах	8
аренды и	8
нечётные подмножества	8
очевидное продолжение не годится	8
написаны шапка заполнена	8
половина на объектах	8
стоит группа на и на	8
ассоциативность единица	8
нет стр	8
названо отдельно это	8
меняет в консолидированном	8
изоморфизм комбинаторных	8
пусть и таковы что тогда	8
понятие функтор естественность корзина	8
изоморфизмы тождество композиция отношение	8
истинная стоимость длинного пакета	8
из что сюда дописывать	8
на данный момент все	8
мягких входах	8
про центр	8
скорость простой	8
истинная стоимость длинного	8
том же слайде	8
существует изоморфизма	8
каждый поворот	8
рис статьи	8
люди чувствительнее к стоимости времени чем	8
пятый закон	8
сирот битых ссылок	8
суть чем наглядна источник	8
пространства группы	8
наценка скрининга с	8
лишние бессмысленные я бы их	8
но я бы	8
сохранять по	8
в базовый	8
тронут читал не читан	8
и это стоит	8
четвёртой части на данный момент все	8
засечка вверх	8
картинки неподходящие	8
стоимость длинного пакета выше	8
дайджеста не	8
минутчик не	8
сдвигов ровно	8
честный зазор	8
если не успеваем	8
функтор то	8
поле вопрос как	8
источник правды по	8
прямому требованию	8
не требует и	8
изоморфизмы тождество композиция	8
помеченные пути	8
прямо у	8
четвёртой части на данный	8
моноид как категория	8
текста полоса справа пустая	8
турниры ориентированные	8
самая дешёвая	8
из шагов и шагов	8
быть видно	8
школы поле узел	8
выбор мягкий	8
естественность для	8
и печ	8
разница не в	8
фаза тела	8
универсальный объект как	8
сильным аналогом	8
продолжение не годится	8
трёх сцен	8
под запись	8
сначала показываем	8
из их же	8
блетчли лос	8
шапка заполнена тела переписаны	8
канон выверено владельцем	8
л остаётся	8
вне школы поле узел	8
имеет пределы всех	8
написаны шапка заполнена тела	8
функтора не существует	8
перерисовывать и	8
зоны курса	8
находка суть чем	8
одним объектом определение	8
что скидка	8
число устаивает	8
доминирующая последовательность	8
финальном объёме	8
дёшево мимикрировать под пакетчика	8
высоцкий ященко олимпиадный	8
слайде что	8
внутри поездки уже	8
не закрыто	8
определяем поле зависимости зависимости функтор	8
доходных минут	8
пиши как	8
не расширяется	8
решение владельца в	8
оценка роль	8
не да	8
конфликтует с решение за владельцем	8
цена той же машины в	8
резать материал	8
про обратную композицию не требуется ничего	8
где владелец	8
это меняет в консолидированном	8
сохранять по умолчанию	8
сцена биекция	8
вект изо	8
мысль которая	8
тот же ход что	8
оказываются одним	8
дешевле за	8
эквивалентность есть	8
из категории схемы	8
строки вот	8
адрес пересчитан	8
не пополам	8
куда идти	8
наивная оценка	8
двойственность минимакс	8
надо не рисовать	8
той же машины в других	8
тому что уже	8
вход в курс	8
до прямого угла	8
дайджеста не читан	8
м усл с реш с	8
при себестоимости	8
в костяк не	8
не существует функтора совпадающего	8
существует функтора совпадающего	8
поездки уже включает	8
заполнена тела переписаны в формате	8
свойство как терминальность	8
язык курса	8
ломаные дракона ранга	8
требует приручения утверждение	8
эфф скорость пробег км	8
из чёрной вершины	8
не говорим не говорим о том	8
делает с	8
без обнуления	8
ни контравариантно	8
естественными изоморфизмами	8
источник рисовать с нуля	8
находка суть чем наглядна источник	8
листок л задач	8
цена ёмкости в	8
в подписи	8
сузить класс	8
тэта рядом	8
слайд да	8
объект как начальный	8
сцена примеры	8
первая редакция	8
как терминальность	8
и подтверждён	8
вариация цены	8
говорим не говорим о том что	8
целиком только скачан есть назначение	8
на ранге	8
в финальном объёме	8
по всему репозиторию	8
снят граница	8
на открытом канале	8
курс про	8
линейные порядки на	8
изоморфизм комбинаторных видов	8
издержки дают пол	8
порядок лекций	8
на эластичном	8
только скачан есть назначение аннотация	8
на эластичность	8
порядок сброса	8
завышенного пробега	8
цена предельным издержкам	8
в любой категории	8
изоморфизм покомпонентно	8
сюда из что	8
не надо не рисовать	8
изоморфизм поле оправдание оправдание требуется	8
целиком только скачан есть назначение аннотация	8
чем наглядна источник	8
названным исключением в рамке	8
поле вход безусловно поле уровень вне	8
подозрение на	8
нет вопрос	8
иллюстрации без разбора	8
источник рисовать с	8
монография англ	8
профиль мини	8
пометка условно	8
мне не нравится	8
сказано прямо	8
тем же ходом что	8
повёрнутая на	8
не запрещает лишнего	8
исключением в рамке	8
обсуждали что мы	8
универсальное свойство как терминальность	8
задом наперёд с	8
раскладка много текста	8
по топливу	8
этой арке	8
как несущая	8
из рекурсии	8
берём как	8
имена файлов	8
значит сейчас	8
два котла	8
источник где в источнике применимо	8
есть готовая	8
оптимальная цена	8
объект как начальный объект	8
открытые задачи куда дальше закрывает пункт	8
в четвёртой части на данный момент	8
нужно надо	8
вся линия	8
под пакетчика	8
ресёрч и	8
одно движение	8
на мягких входах	8
вход безусловно поле уровень вне	8
пола из накладных	8
на утренних	8
владелец хочет	8
см вопросы	8
написаны шапка	8
не базисная	8
тз на	8
тот же что у	8
в источнике применимо	8
разбор для	8
неподходящие лишние	8
произведение определение	8
широкой взрослой	8
с решение за владельцем	8
состояние у нас чем	8
семейство конус	8
л функтор	8
на эластичном пакетном	8
л задач	8
бы вот	8
что делаем	8
чёрной вершины	8
группы не функтор	8
времени чем денег	8
а не предельный	8
ломаную ранга	8
довод за	8
биекция дерево парковка	8
а не вход	8
по одному на объект	8
бессмысленные я бы их всех убрал	8
их телематики	8
пересечений нет	8
части на данный момент	8
шапка заполнена тела переписаны в	8
цена предельным	8
низкие переменные	8
вынесено владельцу	8
листок как	8
источники понятие функтор корзина трюк	8
владельца заголовок	8
утверждение ретракт	8
числу пиков	8
канвас надзаголовок утверждение	8
скрыто графовые	8
сирот битых	8
не базисная сторона	8
конспект англ стр текстовый	8
дисциплина хук	8
универсальный объект как начальный объект	8
нет ни у кого	8
ближайший шаг	8
фаза тела блоков написаны шапка заполнена	8
стоимости времени чем денег	8
входы заземлены	8
названным исключением	8
эквивалентность корзина трюк	8
добывается из	8
правило рисования	8
состояние у нас чем решается	8
нужен именно	8
что такое категория	8
в четвёртой части на	8
арка что	8
понятие функтор корзина уровень	8
задачи куда дальше закрывает пункт	8
запрещает лишнего	8
много лиц	8
нет решение владельца	8
ресёрч не	8
в декартово замкнутой категории с	8
источник без дайджеста не	8
аудитория длительность	8
не сделана	8
в моменте	8
платный прямое заимствование	8
смотрит туда	8
картинки нет	8
фаза тела блоков	8
конспект англ	8
порядок работ	8
фикс а	8
категории одно	8
шапка заполнена	8
курсе нет	8
ни ковариантно ни контравариантно	8
свойство поле	8
закрывает пункт критики	8
про л	8
реальная причина завышенного	8
чувствительнее к стоимости времени чем денег	8
сдвинута охват	8
скачан есть	8
моноид как	8
внутри поездки уже включает	8
ходом что	8
зависит от координат	8
причина завышенного пробега	8
информация л	8
владелец в	8
вход безусловно поле уровень вне школы	8
выверено владельцем	8
утверждение поле род внутреннее	8
ковариантно ни контравариантно	8
поле раскладка много	8
дракона не	8
у нас чем решается	8
закрыто и что осталось закрыто пункт	8
момент все картинки неподходящие лишние	8
функтор естественность корзина трюк	7
эйленберга и	7
не закоммичено	7
полом более	7
и поворот одно и то же	7
из пространств с отмеченной	7
как функтор из	7
рынок ценит в четыре слоя	7
на сброс	7
как функторы	7
владелец читает	7
один и он	7
применимо состояние у	7
без дайджеста как не читан	7
переименовании элементов	7
слайдов лекции в	7
нового дека	7
ценит в четыре	7
а потом ещё раз	7
флаг флаг закрыт	7
а внизу	7
пусть изоморфизм	7
фабрика ядро читать	7
это законный	7
таргет маржа	7
свой рисунок	7
число оборотов целое	7
ретракт корзина	7
вывод рекурренты	7
больше семи раз полоску не	7
сцена вход	7
мораль надо было сузить класс стрелок	7
в дважды двойственное	7
не подписывать композицию текстом	7
существует ли конструкция	7
обе конструкции	7
в источнике применимо состояние	7
в куда дальше закрывает	7
слайдов считать за один	7
конфликтует с решение за владельцем источник	7
новой категории	7
про векторные	7
вшэ дм	7
а не формула	7
это же комментарий	7
три панели	7
на группе из одного элемента	7
слой есть докачка	7
применимо состояние у нас чем	7
категорий между	7
часть с историей	7
научпоп по	7
источнике применимо состояние у нас чем	7
принцип узких	7
слайд можно	7
чём это	7
плотнее энтропии	7
вычисление теория выбор	7
каждый объект изоморфен объекту вида	7
второй заход	7
для сверки	7
общем шоке	7
категорий то	7
вот хорошо значит	7
считаем композицию	7
точки экспоненты	7
не равенство	7
мин не	7
аудит первого	7
три арены	7
наглядна источник кл	7
работа идёт	7
чётно та же	7
а не только свой рисунок	7
утв понятий	7
пространства и линейные отображения	7
данные со ссылкой	7
стрелки гомоморфизмы	7
в четыре слоя	7
убрал полоса	7
прюфер кэли	7
кл как показать	7
работает картинка	7
терять нельзя	7
владельца в части	7
показать руками бриллианты б	7
дальше правило	7
арифметики становятся	7
сюжет и	7
мостеллер пятьдесят	7
настоящий предельный	7
длинный файл	7
прямо называет	7
с решение за владельцем источник	7
кл да как	7
тема аудитория длительность	7
применимо состояние	7
степени двойки которые	7
решение владельца в части	7
что предполагает поставщик лекция	7
разрешения автора конфликтует с решение	7
каждой сессии	7
конец сессии	7
два захода	7
скажи владельцу	7
полом более чем вдвое под	7
минут не	7
на состояниях	7
строка про	7
о тройном произведении	7
что из словаря курса тут	7
но не естественно	7
это надо просто	7
функтор сохраняет композицию	7
нет и как это	7
сгиб и поворот одно	7
лекция про то	7
в источнике применимо состояние у нас	7
для канвас надзаголовок утверждение	7
вот и все вот	7
утв понятий карточка что предполагает	7
приватных данных оператора нет и	7
тема аудитория длительность бюджет слайдов	7
не вписано	7
только на группе из одного	7
ретракции диска	7
маткостяк что из словаря	7
в части сняты все иллюстрации без	7
запрет а	7
полоса под	7
дописывать сюда только	7
вырос до	7
шануэль нет	7
сняты все иллюстрации без	7
владельцу что	7
слайд конструкции	7
стрелка развернулась	7
вопрос прибору	7
проговорить явно	7
канон закрыто русская википедия	7
функтор строг	7
средний таргет маржа	7
пробег и	7
детям не даются	7
рынок впритык над полом более чем	7
видов определение	7
вопрос зала	7
и декартово	7
двух неэквивалентных категорий	7
миллер рабин	7
сгиб и	7
эффективный топос	7
иллюстрации по	7
объект изоморфен объекту вида	7
не произвол	7
дайджеста как не	7
картинки дикие	7
арифметики становятся естественными изоморфизмами	7
точка едет	7
мама папа и сын	7
гейт что	7
исключение к соглашению	7
отобранные задачи	7
чего нет и как это установлено	7
инструмент не	7
открытые данные со ссылкой	7
тут лежит заход как смотрел	7
внешняя мерка	7
проверено карточек	7
пример двух неэквивалентных	7
формула каталана	7
таргет рынок впритык	7
решение за владельцем источник автор	7
из пространств с отмеченной точкой	7
про изоморфизм категорий	7
без углов	7
это красиво	7
объектами не больше	7
граф состояний	7
ниже докачка	7
требование красоты	7
ч у множество	7
у эквивалентность	7
карточек утв понятий карточка	7
не этот	7
оценка роль для	7
рабочая гипотеза	7
что то запрещает	7
на галлюцинацию	7
все гейты	7
в источнике применимо состояние у	7
источнике применимо состояние	7
ни один не лучше	7
функтор из пространств с	7
для канвас надзаголовок	7
источник листок з гл	7
изоморфен объекту	7
сильно все	7
четвертом слайде	7
фильтр по	7
замер на	7
канон закрыто русская	7
редуцированный рычаг	7
подъём второго	7
читаемый блок	7
з гл уровень	7
и только по	7
не существует функтора совпадающего на	7
отражение телескоп	7
правка канона	7
из пространств с	7
постоянно только на	7
векторные пространства группы	7
только на группе из одного элемента	7
такая конструкция называется видом	7
стр драма открытия	7
л ядро	7
нужно то есть	7
ресёрчем не	7
ставка средний таргет	7
аргумент за	7
зал сам	7
лежит заход как	7
если спросят а	7
аудит первого ответа	7
скрыто графовые задачи	7
материал референс	7
и доминошками	7
есть знак	7
словарь а не только свой рисунок	7
и собраны	7
слайдов считать за один но это	7
их логах	7
на здоровом	7
в пробег	7
законы арифметики становятся естественными	7
минутная ставка мин	7
прочитано оглавление	7
равняется из	7
отдельная фабрика ядро	7
арифметики становятся естественными	7
не блокировать	7
игры как графы позиций	7
объекты числа	7
один не лучше	7
скрытые ярлыки	7
месседж стр драма открытия	7
абзац убираем	7
упирается в саму	7
программистские примеры как	7
задача со с	7
это устроено	7
закоммиченного пакета	7
чего нет и как	7
к предельным издержкам	7
про функтор	7
ретрактный приём	7
первого ответа	7
значит что здесь	7
строку про	7
не естественно	7
функтор из пространств с отмеченной точкой	7
ранга из одной точки	7
объекта про обратную композицию не	7
этого помещать несколько слайдов считать за	7
понятий карточка что предполагает поставщик	7
категория корзина трюк	7
сопряжений и	7
всех убрал полоса убрана место	7
формат не	7
роль для курса	7
не лернер	7
источники понятие функтор естественность	7
из пространств с отмеченной точкой в	7
по областям	7
функтор сохраняет ретракты	7
тройном произведении	7
подозрение на галлюцинацию	7
словаря курса тут лежит заход как	7
названное исключение к соглашению	7
нет ну	7
убрана место	7
вышло плохо	7
изоморфные диаграммы	7
возрастающие деревья	7
словаря курса тут лежит	7
текстовый слой есть докачка	7
назад в арку	7
мини курса	7
курс карта	7
один но это	7
документ для	7
василий ионин	7
тема аудитория длительность бюджет	7
выполняются по одной причине	7
в тем же	7
слайд мин	7
по слову владельца	7
чего рисовать не надо не рисовать	7
карточка что предполагает	7
отдельная стадия	7
у каждой лекции	7
убрана место отдано	7
законы арифметики становятся	7
о тройном	7
пол три уровня	7
несколько слайдов считать за один	7
вырезают прямоугольники	7
операционная связка	7
вероятности даёт	7
пер трип издержки	7
лекция вердикт пон	7
к реальному времени	7
в курс не	7
ровно доминирующих	7
для дракона	7
мост назад	7
два яруса	7
ну смотри	7
строка что изображено	7
правится в	7
категорий функторов	7
применимо состояние у нас чем решается	7
полоску сначала	7
форма веса	7
источник оценка	7
из словаря курса тут лежит заход	7
проекта что	7
формат события лекция	7
у этой биекции есть	7
не читана	7
без дыр	7
тут лежит заход как	7
на каждом множестве морфизмов	7
конце на	7
убрал полоса убрана место	7
одного факта	7
их всех убрал полоса убрана	7
нет отдельного	7
что есть адреса	7
изоморфизма категорий между	7
и снимает	7
только на группе из	7
это не делается голыми руками	7
через двойственный граф	7
только изоморфизмы	7
функтора ни	7
предполагает поставщик	7
мораль надо было сузить	7
чего нет и как это	7
открытые данные со	7
запрещает одно	7
под новую	7
с нуля не	7
порядки против	7
подписывать композицию текстом	7
сцена примеры все	7
упражнение про	7
доказать что конструкции	7
слайдов считать за	7
за один но это	7
длины с общим	7
разбора в четвёртой части на данный	7
функтор есть	7
короткий текст	7
приватных данных оператора	7
модели только	7
зачем в	7
надо резать	7
разные объекты не	7
определение ретракция сечение	7
проверено карточек утв понятий карточка что	7
к каталановскому	7
предполагает поставщик лекция вердикт пон	7
кривой дракона	7
смотри давай	7
экспоненты с	7
общий вердикт	7
отображение в дважды двойственное	7
изоморфизмы ретракты	7
в пробег и	7
под л	7
не потерян	7
она просто	7
словаре курса	7
же чертёж после	7
и это надо	7
что есть чего нет стр	7
считать за один но это	7
классификацию функторов	7
файлов заходов	7
изоморфные пределы	7
не только свой	7
доказательства через	7
категорий отношение эквивалентности	7
находки что	7
источник листок з гл уровень	7
у смита	7
акт функтор	7
и ни один не лучше	7
почему это не делается голыми	7
не существует функтора совпадающего на объектах	7
кл как показать руками бриллианты б	7
прямой ответ	7
то чего в	7
не олимпиадный	7
сгиб и поворот одно и то	7
целиком стр искали	7
владельцем на	7
функтор эквивалентность если	7
и это уже	7
на рендере	7
парой объектов	7
в словаре курса	7
траекторий длины с общим	7
текст лекции	7
конечномерном это	7
а ретракт	7
тир полный с	7
один но это неправда	7
засада на	7
постоянно только на группе	7
из прозы	7
общая цикл	7
порядке нити	7
между тарифами	7
шесть пунктов	7
прочитано глазами	7
про сопряжения	7
разные через формулу	7
точки экспоненты это	7
нет на слайде	7
конспект лекции	7
текстом во	7
близко к предельным издержкам	7
задаёт изоморфизм объектов	7
данных оператора нет и не	7
собирается материал платный прямое	7
мотивирует частично	7
которого собирается материал платный прямое	7
материал платный прямое заимствование картинок	7
бывают разные через	7
ли конструкция	7
л л дано раньше пон	7
и нужно больше	7
увидел нумерацию	7
с в гейте в	7
папа и сын	7
слово заказчика	7
стоит целиком слово	7
стр драма	7
список это	7
вообще нужно	7
убрал полоса убрана место отдано	7
реально есть	7
оценка роль для курса	7
разбор у	7
не оценка	7
единственный носитель	7
один хороший поворот	7
категории одно и то	7
материал платный прямое	7
сколько неподобных ломаных ранга	7
помещать несколько	7
не даются	7
автора конфликтует с решение за	7
шесть бросков	7
машина учится	7
решение владельца в части сняты все	7
одной картинки	7
нету то	7
закрыто русская	7
такая мысль	7
показать руками бриллианты	7
что значит доказать красиво	7
лёгкая разведка	7
дальше следующий	7
заказу владельца	7
каждом множестве морфизмов	7
один механизм	7
узоры тьюринга	7
заменять и за	7
понятие эквивалентность корзина трюк	7
как показать руками бриллианты	7
карточек утв понятий	7
понятие функтор естественность корзина трюк	7
нужно вот	7
которого собирается материал платный прямое заимствование	7
тут лежит заход	7
равных классов	7
рабочая память	7
встаёт на	7
неизменные принципы	7
из диска а не	7
про множества	7
все иллюстрации без разбора в четвёртой	7
убрал полоса убрана	7
приручения утверждение задача	7
инъекции в палитру	7
файле не	7
только свой рисунок	7
категории одно и	7
кл как показать руками	7
спросят что	7
карточка что предполагает поставщик лекция вердикт	7
карточка что предполагает поставщик	7
надзаголовок утверждение рекуррента	7
слайдов считать	7
не в каждом	7
поставщик лекция вердикт	7
который владелец	7
события лекция курс	7
закрыто русская википедия	7
против перестановок	7
объекты не изоморфны	7
предельный пол рынок	7
готовых слов	7
владельцем источник автор	7
двойственность корзина	7
всех убрал полоса убрана место отдано	7
здесь источник	7
этого помещать несколько слайдов	7
активная арка	7
числовые ребусы	7
з высоцкий ященко олимпиадный сборник	7
множестве морфизмов	7
по даёт	7
формулировка в гейте	7
рассказать за	7
полоску сначала один раз	7
код модели	7
источнике применимо состояние у	7
больше семи раз полоску не сложить	7
этого помещать	7
без пределов	7
единственный кто	7
предполагает поставщик лекция	7
и предельный пол	7
разные через	7
из эйлера	7
про векторные пространства	7
нет данных	7
две сцены	7
каждый объект изоморфен объекту	7
автора конфликтует с решение за владельцем	7
самой теории категорий	7
имеет неподвижную точку доказательство	7
сверены с	7
анализ чувствительности	7
в курсе нет	7
определение ретракция сечение ретракт	7
ровно все	7
чем наглядна источник кл	7
ставка мин	7
отображение диска на окружность	7
стр печ	7
у доски и	7
предполагает поставщик лекция вердикт	7
фабрика ядро	7
картинка на	7
источник листок з в	7
без разбора в четвёртой части на	7
владельцем источник	7
решения и курация	7
инвариант не	7
из направления	7
источник мцнмо	7
утв понятий карточка что	7
сгиб первого	7
л два	7
при ранге	7
только номер	7
то есть как бы	7
занимает две	7
якоби о	7
функтора объект	7
морфизм обратим	7
слова владельца	7
в л л	7
рынок впритык над полом более	7
чем наглядна источник кл как показать	7
не лучше другого	7
сюда новые	7
отображение в дважды	7
здесь ничего не	7
есть чего нет стр уровень	7
не является ретрактом	7
нужно текст	7
раскраска как инвариант	7
категории одно и то же	7
впритык над полом более чем вдвое	7
от спроса	7
одна средняя	7
общий шок	7
проверено карточек утв	7
сложите полоску сначала	7
прогоном по	7
читается из	7
больше одной стрелки поэтому	7
требует приручения не	7
стоит держать в голове	7
нужно то	7
украшение а	7
аудитория длительность бюджет слайдов	7
ответ проверено	7
до подпараграфа	7
начальный объект категории	7
объекту вида	7
в инварианте	7
и закон единицы	7
понятие моно эпи	7
одно лицо	7
объектом это	7
счёт сколько путей	7
живой курс	7
вот это вообще	7
фирменная эластичность	7
начальный и терминальный	7
функтор из пространств	7
ресёрч потока	7
ниже докачка ландшафт гл	7
требует приручения утверждение задача	7
по ситуациям	7
прямая речь	7
ядро занятия	7
помеченные пути дика	7
события лекция	7
разбора в четвёртой	7
отдано тексту	7
через конечные поля	7
отрицательный вывод	7
словаря курса тут	7
функтор существует	7
что предполагает поставщик	7
к залу	7
финальное имя	7
материал а не	7
доказательства бывают разные	7
тьюринг и фон	7
печ с в гейте в	7
курса тут лежит заход как	7
высокие фикс	7
сцен как бы это	7
модуль равняется модуль	7
источник кл	7
правка владельца	7
текст заменять	7
владельца порядок	7
сцен как бы это чит	7
это единственное место лекции	7
распределения типов	7
мат долга	7
теневой цены	7
читал субагент целиком стр	7
сгиб и поворот	7
граф как модель	7
не только свой рисунок	7
мат идея	7
я увидел нумерацию	7
и вася вырезают прямоугольники	7
здесь не нужно	7
раскраска как доказательство	7
равенство рядов	7
старый адрес	7
источник оценка роль	7
содержание файлов	7
представления колчана	7
канонический порядок	7
где вычисление где	7
субагент целиком	7
сцен как бы	7
точки экспоненты это морфизмы	7
читал субагент целиком	7
типов а не	7
два сюжета	7
поворот одно и то	7
что решено	7
что из словаря курса тут лежит	7
совпадающего на объектах	7
складывали в	7
курс по теории категорий	7
как графы позиций	7
же сессия	7
задачи наглядный	7
двойки которые	7
категория с двумя	7
вася вырезают прямоугольники	7
даты данных	7
экспоненты это морфизмы	7
схема диаграмма график	7
части сняты	7
там же р	7
см ниже докачка ландшафт	7
на ёлке	7
не требование	7
объекты натуральные числа морфизмы матрицы	7
что из словаря	7
полоску сначала один	7
изоморфизма видов	7
последовательность из символов	7
нужен он	7
сшивка цитатой сноской	7
объектах с правилом	7
части сняты все	7
убрал полоса убрана место отдано тексту	7
ландшафт гл	7
как готовый	7
стоит знать	7
источник кл как показать руками	7
какие то вещи	7
у у у у у у	7
до финала	7
двух неэквивалентных	7
тут лежит	7
сколько неподобных ломаных	7
финальный слайд	7
лежит заход как смотрел	7
в раскадровку	7
вот чем	7
понятий карточка	7
доказательство полное	7
ядро читать перед рисованием	7
на объектах с правилом	7
вердикт пон	7
поворот одно	7
заменять и	7
что предполагает поставщик лекция вердикт	7
возврата на	7
разрешения автора конфликтует с решение за	7
впритык над полом более	7
не резал	7
как не читан	7
лежит заход	7
видимый слой	7
пришли р	7
есть я бы	7
это обсуждали	7
тексты слайдов лекции	7
новая вкладка	7
совместная оптимизация	7
любой функтор	7
раскраска инвариант граф	7
бы их всех убрал полоса	7
парковка дерево	7
объектами не больше одной стрелки	7
для канвас надзаголовок утверждение рекуррента	7
постоянно только	7
эпи ретракт	7
сделано и	7
открытые задачи в куда дальше закрывает	7
всякой теории	7
полоску не сложить	7
фабрика ядро читать перед	7
центральный столбец	7
и баллы	7
это же комментарий для	7
сводка правок	7
сказать вот	7
про числа каталана	7
уточнение по	7
кандидат что	7
слайд изоморфизм	7
которые весь	7
правило задано	7
не баг	7
наглядный листок посложнее	7
тьюринг и фон нейман	7
в вкладке	7
субагент целиком стр	7
не сжать	7
всех убрал полоса убрана	7
везде а	7
которого нет ни	7
приводим формулировку	7
вывод про	7
тип порядка	7
красивую биекцию	7
предельная ценность ёмкости	7
луч упирается в саму	7
не ставится	7
слайд применён	7
постоянно только на группе из	7
функтора совпадающего на объектах с	7
при дефиците	7
множеств задаёт	7
не добавляет к	7
засада на переправе	7
дом доставлено доставлено	7
зал держит	7
мост л л	7
владельца в части сняты	7
рабочий пример	7
поставщик лекция вердикт пон	7
пол не входит	7
оператора нет и не будет	7
ниже один	7
я бы их всех убрал полоса	7
узлы в порядке нити	7
слово естественно	7
закон единицы	7
изоморфен объекту вида	7
вычисление где	7
не короче см	7
что есть чего нет стр уровень	7
как известное	7
категория моноид	7
оба нерешённое	7
трудная теорема	7
целиком у	7
нет модель	7
не нет а	7
не третий	7
доказать что конструкции не существует	7
на лекции не	7
карточка что предполагает поставщик лекция	7
карточек утв	7
листок з уровень	7
иллюстрации без разбора в четвёртой части	7
же объясняет	7
собирается материал платный прямое заимствование	7
издержки и	7
мораль надо было сузить класс	7
наш у	7
все три арены	7
чего нет стр уровень	7
и поворот одно и	7
ворота не	7
ниже докачка ландшафт	7
микросюжет месседж стр драма	7
утв понятий карточка	7
что топос	7
куда смотреть	7
ядро курса	7
фанерный трест	7
лекции чтобы	7
текстового слоя нет	7
по руке	7
где что живёт	7
есть чего нет стр	7
стоит она	7
категорный вопрос	7
их всех убрал полоса	7
это единственное место лекции где	7
при переименовании элементов	7
разбивка на	7
фиксированная ёмкость высокие	7
отвергнуто и	7
есть как бы	7
всё ниже	7
целиком гл	7
отдельная фабрика ядро читать	7
источник оценка роль для	7
рождение топологии	7
выводы держатся	7
листок посложнее	7
по вебу	7
гейте по	7
без формулы	7
без дайджеста как не	7
англ стр прочитано	7
разбора в четвёртой части	7
оборотов целое	7
порядок блоков	7
в гейте по	7
композиция обычная	7
в конце на	7
без разбора в четвёртой части	7
нет оси	7
условие дика	7
предыдущего слайда	7
теорема записанная	7
помещать несколько слайдов считать за	7
доказательства бывают	7
источник без дайджеста как не	7
со сценами	7
цену за единицу	7
рынок таргет рынок впритык над полом	7
в за ранг	7
стр искали	7
б лента	7
под лекцию	7
арки консолидация	7
поворот одно и то же	7
без разрешения автора конфликтует с решение	7
пик эйлер	7
владельцем источник автор сохранено лицензия	7
общая цикл лемма	7
микро тест	7
из вопроса	7
единичный тип	7
этом заходе не	7
на файл	7
слово дракон	7
иллюстрация снята	7
не больше одной стрелки поэтому	7
степени двойки которые весь	7
аудитория длительность бюджет	7
клетчатые листы	7
стоит держать в	7
определение ретракция	7
листок з гл	7
листок з гл уровень	7
раз полоску не	7
хороший поворот	7
чётно та	7
над полом более	7
понятий карточка что предполагает поставщик лекция	7
курс числа фибоначчи	7
с гейтом	7
понятие моно	7
слайд вместо	7
существует функтора совпадающего на объектах с	7
сюжета и	7
две категории одно	7
промах инверсии	7
подписывать композицию	7
курс как	7
колмогоров гл печ	7
реальному времени	7
таргет рынок впритык над	7
привязка к	7
композиция вдоль	7
первого касания	7
ловер шануэль нет	7
из словаря курса тут лежит	7
не новая	7
данных оператора нет	7
как доказать что конструкции	7
через утверждение	7
курс числа	7
убрана место отдано тексту	7
пополам раз	7
без разбора в четвёртой	7
карточек утв понятий карточка что	7
автора конфликтует с решение	7
одного это	7
доказательства в тексте	7
ну окей	7
иллюстрации лента	7
больше семи	7
дословно пусть	7
нет владелец	7
композицию текстом	7
источник оценка роль для курса	7
не дублируются	7
слайде про	7
функтора совпадающего на объектах с правилом	7
состояния элемента	7
курса тут лежит	7
словарь а не только	7
про классификацию функторов	7
ретракт а	7
новые категории	7
докачка ландшафт гл	7
принцип узких мест	7
листок з в уровень	7
он про	7
визуальный гейт	7
даёт средний	7
курс теория категорий	7
источники понятие функтор корзина уровень	7
здесь чтобы	7
источники понятие функтор естественность корзина	7
тир доступности	7
дайджеста как не читан	7
полоски не	7
среднего и предельного	7
в эталоне	7
общего ответа	7
из произведений и	7
предельного языка	7
за ранг	7
при инлайне	7
чего не делать	7
за один но это неправда	7
даёт средний таргет	7
не история	7
не экзотика	7
находка суть чем наглядна источник кл	7
трип издержки	7
как начальный объект категории	7
управления доходностью	7
приём поллака	7
источник строка что	7
на издержки	7
на группе из одного	7
целиком печ	7
равенство мощностей	7
владельцем сначала	7
одна строка в	7
дика числа	7
тз а	7
работает без	7
преамбула печ	7
изоморфизм при	7
нерекурсивная биекция	7
на старый адрес	7
единственность экспоненты	7
з гл	7
несколько слайдов считать за один но	7
как показать руками бриллианты б	7
из диска а	7
маткостяк что из словаря курса	7
действующие лица	7
таргет рынок впритык над полом	7
в загрузках	7
алгебра темперли либа	7
всё держится	7
приватных данных оператора нет и не	7
рыночный ориентир	7
формулировка дословно	7
несколько слайдов	7
пример показываем	7
последнее занятие	7
множества морфизмы отображения	7
то есть непонятно	7
маткостяк что из словаря курса тут	7
семи раз полоску не	7
произведения категорий	7
карточек утв понятий карточка что предполагает	7
относительно уровня	7
не переносим	7
диаграмма график	7
не украшение а	7
сгиб и поворот одно и	7
карточка сама	7
проверено карточек утв понятий карточка	7
функтора совпадающего на	7
взять дополнение	7
категорий отношение	7
квадрат естественности определения	7
пример двух неэквивалентных категорий	7
амортизации накладных	7
утверждение квадрат	7
за владельцем источник автор сохранено	7
кольцо из	7
рисовать не надо не рисовать	7
луч из через	7
за владельцем источник автор	7
иллюстрации без разбора в четвёртой	7
морфизмы матрицы	7
ровно один хороший поворот	7
не листок	7
в части сняты	7
тот же чертёж после	7
объектами не больше одной стрелки поэтому	7
минуты фикс	7
строг и	7
источник кл как показать	7
гибрид источника	7
со стопкой	7
ставка средний	7
полоса убрана место отдано тексту	7
вторая сцена	7
таблица соответствий	7
объекта про обратную композицию не требуется	7
доказать что конструкции не	7
отображение диска на	7
словарь а не только свой	7
две подачи	7
должен быть такой	7
и держать	7
часть конструкции	7
полной вероятности даёт	7
не поймал	7
двойки которые весь	7
их всех убрал полоса убрана место	7
три бывают	7
ф целиком	7
порядки против перестановок	7
со стопкой слоёв	7
несколько слайдов считать за	7
довод против	7
а убрать	7
нужно правило	7
иллюстрации без разбора в	7
пути и волны	7
владельца в части сняты все	7
больше семи раз	7
сложите полоску сначала один раз	7
понятие моно эпи ретракт корзина	7
канвас надзаголовок утверждение рекуррента	7
этого помещать несколько слайдов считать	7
если мы переименуем	7
ретракции диска на	7
рынок таргет рынок впритык	7
месседж стр драма	7
читать перед рисованием	7
запрещает одно продолжение	7
целиком есть	7
подавать как	7
принятые решения	7
листок з в	7
короче см	7
неотрицательные пути	7
арка закрыта делали	7
выбор где	7
чужой и	7
дом доставлено доставлено в дом	7
без комбинаторики	7
суть чем наглядна источник кл как	7
ловушка не	7
семи раз полоску	7
все иллюстрации без разбора в	7
загадка рынок	7
мосты тема	7
ценит в четыре слоя	7
многочлены степени не выше	7
руками п	7
блок поле	7
без рычага	7
как это устроено	7
ф задачи	7
под текстом	7
помещать несколько слайдов считать	7
ты просто	7
как доказать что конструкции не	7
чего нет стр	7
сложите полоску сначала один	7
маткостяк что из	7
л оптимизация л	7
первых лекций	7
место отдано тексту	7
базисный треугольник	7
разбора в четвёртой части на	7
источник листок з уровень	7
владельцем по	7
источник без дайджеста как не читан	7
нет и как это установлено	7
увидеть граф	7
из словаря курса тут	7
произведение копроизведение	7
с решение за владельцем источник автор	7
конструкция называется видом	7
мораль надо	7
решение за владельцем источник	7
конец фазы	7
второй лектор	7
помещать несколько слайдов считать за один	7
как в утверждении	7
карточки котла математика	7
функтора совпадающего на объектах	7
за владельцем источник	7
поставщик лекция	7
эпи ретракт корзина	7
понятий карточка что предполагает	7
больше семи раз полоску	7
каждой новой категории	7
где ответ	7
из словаря курса	7
найти лучшее из	7
но это неправда	7
доказательства бывают разные через формулу	7
как доказать что конструкции не существует	7
четыре главные	7
не замена	7
все продолжения	7
биекцию с	7
а не только свой	7
надзаголовок задача	7
пол три	7
сказать прямо	7
что из словаря курса	7
считать за один но это неправда	7
за владельцем источник автор сохранено лицензия	7
причина не	7
не падает с	7
совпадающего на	7
же комментарий для меня	7
указанию владельца	7
задачи наглядный листок	7
источник кл как показать руками бриллианты	7
строит объект	7
приватных данных оператора нет	7
текстом во всю	7
из произведений и уравнителей	7
такая конструкция называется	7
объекта про обратную композицию	7
нижний этаж	7
математический текст	7
тексты слайдов лекции в	7
на их логах	7
научпоп по графам	7
настоящий предельный пол	7
скрининг с	7
категорий но	7
в разрезе	7
источнике применимо состояние у нас	7
доказательства бывают разные через	7
группоид и	7
этой биекции есть	7
опционная издержка закоммиченной ёмкости	7
настоящие ошибки	7
неспаренные спуски	7
направления линии	7
полоса убрана место отдано	7
утв понятий карточка что предполагает поставщик	7
вводится здесь	7
задачные корпуса	7
словаря курса тут лежит заход	7
словарь между мирами	7
морфизмами и	7
не подписывать композицию	7
по числу пиков	7
падает экспоненциально	7
курса тут лежит заход как смотрел	7
в порядке нити	7
функториальность и	7
лекция вердикт	7
несколько слайдов считать	7
объекта про обратную	7
законы арифметики становятся естественными изоморфизмами	7
задачи в куда дальше закрывает	7
полом более чем вдвое под таргетом	7
не удалены	7
буква сгиб	7
не бывает поле	7
не правим	7
даёт ни	7
источник там	7
чат не	7
выполняются по одной	7
з уровень	7
траекторий длины с общим концом	7
это ровно те	7
раз а потом ещё	7
утверждение сопоставление	7
арки что	7
блок скрипта	7
здесь ты	7
слайдов считать за один но	7
гельфанд манин	7
только описание	7
комбинаторных формул	7
источник листок з в уровень	7
на амортизацию	7
фразой без	7
функтор дал бы	7
натуральные числа морфизмы матрицы	7
для которого собирается материал платный прямое	7
разбор у доски	7
определение функтора	7
только на группе	7
это же комментарий для меня	7
он просто не	7
и поворот одно и то	7
есть и чего	7
отдельная фабрика ядро читать перед	7
группе из одного	7
оставить как есть	7
можно ну	7
то запрещает	7
чем наглядна источник кл как	7
модуль равняется	7
за полтора часа	7
а не его	7
доказать красиво	7
считать за один но	7
кл как показать руками бриллианты	7
функтор из пространств с отмеченной	7
лучше написать	7
реальная скидка мельче	7
функтора доказательство	7
наглядна источник кл как	7
предельная ценность	7
утверждение рекуррента	7
функтора а	7
законно и	7
эйлеровы гамильтоновы	7
дворецкий моцкин	7
выход теорема	7
игры задач	7
поле вопрос а	7
мост во	7
бывают разные через формулу	7
не трюк	7
материал платный прямое заимствование картинок без	7
файл сам	7
третье появление	7
координаты конца	7
дети после	7
почему а не	7
что найдено	7
см ниже докачка ландшафт гл	7
двойного двойственного	7
где нужен	7
бы их всех убрал полоса убрана	7
суть чем наглядна источник кл	7
руками бриллианты	7
микросюжет месседж стр драма открытия	7
источник кл как	7
и как это установлено	7
длины с общим концом	7
и пусто	7
группе из одного элемента	7
слайдов в	7
считать за один	7
откуда взялся	7
правка по	7
близко к предельным	7
число пиков	7
владельцем источник автор сохранено	7
не рисует	7
чертёж после	7
а не новый	7
совпадающего на объектах с	7
каршеринга в	7
ценит в	7
существует функтора совпадающего на	7
то для любого функтора	7
что изображено два	7
флаг флаг	7
карта для	7
над полом более чем	7
поворот одно и	7
владелец спросил	7
берёт и	7
владельцем источник автор сохранено лицензия сверено	7
обе аксиомы	7
аналитиком при	7
заведён по	7
траекторий длины с	7
понятий карточка что	7
дом доставлено доставлено в	7
совпадающего на объектах с правилом	7
оператора нет и	7
ёмкость высокие	7
не сколько	7
на реальность	7
существует функтора совпадающего на объектах	7
моно эпи ретракт	7
это установлено	7
если зал	7
и поворот одно	7
флаг не	7
моно эпи ретракт корзина	7
это в одну	7
через конечные	7
оглавление целиком	7
функтор дал	7
ответ не нуль	7
опционная издержка закоммиченной	7
з в уровень	7
сопряжения монады	7
высокие фикс косты	7
источник где в источнике применимо состояние	7
полом более чем вдвое	7
класс задачи	7
данных оператора нет и	7
материал не	7
где в источнике применимо состояние	7
вектору сопоставляется	7
за один но	7
и курация	7
з высоцкий ященко олимпиадный	7
где в источнике применимо состояние у	7
текстом во всю ширину	7
над полом более чем вдвое	7
уровень требует приручения утверждение задача	7
гостинцы на ёлке	7
тип микросюжет месседж стр драма открытия	7
рынок ценит в	7
проверено до ранга	7
в части сняты все иллюстрации	7
дальше то	7
формула полной вероятности даёт	7
о категориях	7
сначала один раз	7
проверено карточек утв понятий	7
читает только	7
правило добывается	7
руками бриллианты б	7
пол рынок таргет рынок впритык	7
раз а потом ещё раз	7
мораль надо было	7
над полом более чем вдвое под	7
почему это не делается голыми руками	7
поле если спросят а	7
что ломается	7
зал вынесет	7
у утверждения	7
идёшь в	7
не рисовать не	7
стоит целиком	7
же комментарий для	7
есть адреса	7
правило добывается из	7
полом более чем	7
утверждение композиция	7
композиция вдоль пути	7
в манифест	7
ася и вася вырезают прямоугольники	7
объектами не больше одной	7
в сюжет	7
становятся естественными	7
источник там же	7
корневой роутер	7
рынок ценит в четыре	7
не рассказывая	7
пути лукасевича	7
сняты все иллюстрации без разбора	7
квадрат здесь	7
не разворачивается	7
при выходит	7
отмеченный элемент	7
не звучит	7
не правка	7
всех убрал полоса	7
у этой биекции	7
и естественные изоморфизмы	7
объект изоморфен объекту	7
не падает с неба	7
наглядна источник кл как показать руками	7
не супер	7
неподвижную точку доказательство	7
без разбора в	7
бриллианты б	7
одна картинка	7
явно иначе	7
объясни почему	7
постоянно только на группе из одного	7
сильной группе	7
функторы это	7
как это установлено	7
ворота баллы	7
равняется модуль	7
решение за владельцем источник автор сохранено	7
не скорость	7
формат события лекция курс	7
в части сняты все	7
одна композиция	7
печ с все	7
оператора нет и не	7
раз полоску не сложить	7
платный прямое заимствование картинок без	7
л энтропия	7
всё сверено	7
весь проект	7
сняты все	7
круговой приём поллака	7
папа и	7
но не изоморфны	7
применимо состояние у нас	7
пол рынок таргет рынок впритык над	7
помещать несколько слайдов	7
источник строка что изображено	7
что предполагает поставщик лекция вердикт пон	7
сопоставление биекция	7
стопкой слоёв	7
сгиб первого складывания	7
категорификация арифметики	7
слово изоморфизм	7
части сняты все иллюстрации без	7
раз полоску	7
части сняты все иллюстрации	7
приклеить копию	7
текст заменять и за	7
криптография случайность	7
текст заменять и	7
не надо если	7
наглядна источник кл как показать	7
в ученика	7
разные объекты не изоморфны	7
пара живёт	7
одним языком	7
главной ломаной ранга	7
хорошая вещь	7
телефоне держится	7
правит код	7
на группе из	7
ретрактом диска	7
четвёртая четверть	7
во всю ширину слайда	7
лекции что	7
что дописывать сюда только	7
собирается материал платный прямое заимствование картинок	7
семи раз полоску не сложить	7
содержание а не	7
данных оператора нет и не будет	7
материал платный прямое заимствование	7
честность обещания	7
изоморфизм есть но	7
текст должен	7
несущий тезис	7
курса тут лежит заход	7
ранга из одной	7
л ось	7
центральный вопрос	7
кандидат что резать	7
долг по	7
у часового	7
числа морфизмы матрицы	7
полоса убрана место	7
на смеси	7
вот есть	7
владельца в части сняты все иллюстрации	7
есть докачка	7
тронут читал не читан целиком только	7
во второй курс	7
каждом непустом	7
не выделен	7
мы переименуем	7
же комментарий	7
платный прямое заимствование картинок без разрешения	7
та же что у	7
ретракции диска на окружность	7
не вынесено	7
мама папа и	7
маржа должна	7
значит доказать красиво	7
не деформирует	7
сняты все иллюстрации без разбора в	7
что вынесено	7
мерить по	7
естественные преобразования в	7
руками дальше	7
алгебра темперли	7
маткостяк что	7
его структуру	7
становятся естественными изоморфизмами	7
три состояния элемента	7
это не делается голыми	7
сняты все иллюстрации	7
сняты владельцем	7
впритык над полом более чем	7
неэквивалентных категорий	7
части сняты все иллюстрации без разбора	7
семи раз	7
тип микросюжет месседж стр драма	7
слайд который	7
одно продолжение	7
этого помещать несколько	7
решение владельца в части сняты	7
не на что	7
визуальный контракт	7
пространства и линейные	7
см ниже докачка	7
диаграмм как	7
естественные преобразования на	7
закоммиченной ёмкости	7
а что нет	7
рынок таргет рынок впритык над	7
последовательность сгибов	7
понятие моно эпи ретракт	7
путём дика	7
издержка закоммиченной ёмкости	7
неё зал	7
приручения не	7
слайд ну тут	7
издержка закоммиченной	7
не открывать	7
печ за	6
не приносится с доски	6
объяснять не надо	6
едва покрывает предельную	6
на четвертом слайде	6
зачем именно	6
русской практике	6
что виды	6
вся композиция посылает	6
тайминги незачем источник	6
наивная оценка занижает чувствительность к	6
он называет поимённо	6
нарезка не резал держит длинный	6
с честной оговоркой	6
числа открытые	6
переописана как	6
та же ломаная	6
размер главная	6
убиваем к	6
оправдание входит только если	6
уходит после й	6
множество структур	6
тянет нить	6
по формуле статьи ранг	6
диска в себя	6
дискриминация и	6
сквозной таймкод целее итог сегментов	6
из направления линии	6
будет мотивация	6
про фибоначчи	6
уже отработал терять его тайминги незачем	6
не произносим слово	6
расслоённое произведение и склейка	6
как категории с одним объектом	6
с реестром	6
все понимают как	6
в поле род	6
правок правки вносить	6
буква та же	6
эфф скорость пробег км средний	6
она требует	6
пусть объекты	6
слиты в один	6
связки дословно первичка ничего не сокращено	6
постоянные издержки	6
владельца мы	6
стандарт лекции	6
искажены сверка с прогоном по словарю	6
увидеть граф прочитать его	6
приходит на й и	6
топос мост	6
одноцветные склеить попарно	6
для парка	6
дословно как	6
физики джон хейвей	6
нужна ровно затем чтобы	6
масштаб половина	6
утилизация ставка пол	6
примыкает к поле	6
уровень их данные	6
не разминка	6
эффективная скорость простой внутри	6
не минутной	6
поэтому истинная стоимость	6
морфизму морфизм	6
устроены труднее пределов хотя	6
доказательством не	6
есть ответ на вопрос зачем	6
й и уходит после	6
доказательства формулы каталана	6
стоит она на	6
функторов пока	6
умная связь	6
вёрстка по доктрине владельца без	6
замкнутой категории с начальным	6
собраны в канонический реестр	6
прогоне не подавался его не знает	6
уравнитель и коуравнитель	6
терять его тайминги незачем	6
рамке поле	6
о функциях на путях	6
досуг в	6
языке категорий	6
чётно буква та же что на	6
да нужно	6
что подействовать	6
прогнозный модуль	6
актуальны значения реестра минутной базы	6
всё что выражается	6
извлечь сильные	6
пути дика и	6
перенос через	6
нужно здесь	6
новом порядке	6
спайне после когда	6
операционные предельные	6
там слайда	6
слайдов лекции в том объёме в	6
тариф делает тикающие	6
остаются но	6
композиция умножение	6
чем строить	6
чувствительность к цене	6
обратим по полноте	6
объектами тождествами и	6
футбольное поле	6
второе двойственное	6
единицу предельные издержки	6
ранга теорема	6
причёсано не улучшено на	6
не знает редкие	6
утверждение двойственное	6
лекции нет	6
правило литлвуда	6
тропинки в парке	6
ставка едва покрывает	6
канона не	6
уровне матшкольников	6
ранга на чётных местах	6
устная сдача	6
в категории функторов	6
главный инструмент который ты используешь	6
проверены перебором	6
как категории с одним	6
возврат разрешён н п	6
ставка пол актуальны значения реестра	6
и названное	6
капуста из	6
значит закрыть	6
средней буквой	6
минутная ставка едва покрывает	6
даёт тождество	6
руками но	6
самом деле вот	6
км сут эфф	6
у печ у	6
таймингами сегментов словарь	6
пару стрелок	6
изоморфизм и доказательство	6
несётся через всю запись нарезка	6
движок там	6
не резал держит длинный файл	6
экзогенную вариацию	6
но в один	6
на примере второго	6
эвристика первого порядка	6
ценность что найдено	6
около трети ширины источник строка	6
то что делает	6
понятие категория корзина уровень	6
таймкод целее итог сегментов	6
теорема цекендорфа	6
читается в	6
айгнер циглер	6
как в листке	6
росту объёма	6
единый ответ для	6
улучшено на ней	6
разбор в	6
как эффективная	6
после развода зон поле источник	6
перебор всех слов	6
не прямо на	6
слов из них с пословными	6
в кружковой традиции	6
сопоставление контравариантный	6
целее итог сегментов слов прогон к	6
оправдание требуется сюжетом и	6
словарь терминов при	6
первичка ничего не сокращено не причёсано	6
его не знает редкие имена могут	6
двойственное не изоморфно естественно	6
и подробно обсуждать математику	6
правки вносить не	6
цене словаря	6
сложит не то	6
при этом прогоне не подавался его	6
вот но это	6
модель дописала титры помечены в	6
используешь очень	6
тест и контроль	6
свежая сессия	6
продолжаются до функтора	6
деньги за время	6
чата не	6
луны км полоска короче примерно	6
листок левый столбец при	6
диаграмм как функторов	6
нарезка не резал	6
сквозной таймкод	6
труднее пределов хотя формально	6
конструкция в линейной алгебре	6
не поймёт	6
папки лекции	6
бюджет слайдов кандидат что	6
в поле зона зона определяем поле	6
контравариантность не	6
две одинаковые половины	6
базы пробег утилизация ставка пол	6
всех драконов	6
естественное преобразование естественный изоморфизм	6
нет ретракции диска на	6
минутной базы пробег	6
сначала должен	6
делает тикающие	6
если нужна	6
каждому конечному	6
базиса в каждом пространстве	6
в москве км ч	6
преобразование обратимо	6
труднее пределов	6
минутчик менее	6
функтор здесь	6
мы не произносим слово изоморфизм	6
интервью не	6
владельца по акту	6
русского маклейна	6
записанный буквами	6
слов из них	6
не даёт ни	6
владелец про	6
форму вложения	6
км средний таргет	6
сначала пример	6
связки дословно первичка ничего не	6
речи нет модель дописала	6
моноид как категория с	6
й лекции	6
деле вот	6
данные и собраны в канонический	6
анализ чувствительности какие выводы	6
долина или	6
подействовать то же	6
лекции в том объёме в котором	6
называет конкретные числа минутной базы	6
то что минутный спрос	6
д е ф	6
словить такой бурбакистский	6
а где граница	6
поле вход условно вместе с утверждением	6
данные москвы числовые входы заземлены	6
ритуал конца	6
информация криптография	6
до луны км полоска короче	6
получить функцию	6
упражнение поле уровень школьно	6
по одному на каждое	6
с традиционным прокатом	6
ней стоит и	6
прочитать его структуру извлечь сильные следствия	6
источник длительность движок модель	6
сегментов словарь терминов при этом прогоне	6
длинный файл сам	6
сегментов слов прогон к реальному	6
ложится в	6
между объектами не больше	6
без неё не формулируется	6
давай на примере второго	6
не научпоп	6
людям надо	6
окно единственный	6
приходит на й	6
связки модель язык длительность сегментов	6
из памяти и	6
бы сделал	6
по критерию утверждения	6
тариф делает	6
ничего не сокращено и не	6
по тому как	6
движок связки модель	6
все участники выписаны	6
свойство поле оправдание оправдание	6
дз по	6
без построчной	6
пространства поле	6
пределы утверждение	6
своя папка	6
слайд собранные	6
готовый слайд л	6
собран и	6
москвы числовые входы заземлены на открытые	6
издержки теневая цена ёмкости	6
доказываем и	6
и подробно обсуждать	6
правило разделителя	6
вторая площадка	6
пьяница стоит	6
заход самодостаточен	6
который ты используешь очень	6
терминов при этом прогоне не подавался	6
естественная биекция множеств задаёт изоморфизм	6
из свободной категории	6
ходовая доля оказалась	6
короче примерно в	6
единой ценой	6
медиана аренды мин движение мин	6
в телефоне держится	6
эту тему не	6
без ходовая доля	6
конструкция в линейной	6
драконами ранга	6
критерий эйлеровости	6
монография англ стр текстовый	6
эластичностей минутчики	6
за то что минутный	6
правило добывается из их же бумажек	6
по рейтингу водителя	6
скорость переописана как	6
дз по номерам	6
объединяющее прикладное в	6
копроизведение через	6
печ с а	6
вопрос изоморфны ли	6
цирк блэкетта	6
условно поле зависимости зависимости функтор	6
то же условие	6
табачников там же	6
соответствие карри ховарда ламбека утверждение	6
в один это	6
слайд если	6
утверждением обе половины условия поле уровень	6
том объёме в котором они лягут	6
эластичностей для	6
полная цитата	6
минус информационная	6
давай дальше	6
ответ для парка	6
собраны в канонический	6
кусок с с сегментов подозрение на	6
чётных местах стоит	6
редкие имена могут быть искажены сверка	6
делает тикающие деньги за время	6
москве км	6
новой строки	6
ровно этим	6
читаются как	6
не знаю ну	6
непрерывность днв	6
кусок с с сегментов	6
правки вносить не здесь	6
кульминация курса	6
причёсано таймкоды взяты из	6
сначала утверждение потом материал фаза тела	6
карточка после развода зон поле источник	6
и дальше не	6
изоморфизм функторов пока	6
даёт второй	6
композиция и единица	6
координат нет	6
приходит на й и уходит	6
не абстракция	6
гейт и	6
произносим слово изоморфизм	6
под текстом во всю ширину слайда	6
единичной группой	6
расшифровка из связки дословно	6
и собраны в	6
тождественному морфизму	6
объекты конечные	6
минутной базы не	6
на следующий слайд	6
путей дика по	6
паре объектов	6
три акта	6
вносить не здесь	6
документ сирота	6
у естественный изоморфизм	6
км полоска короче	6
связки модель язык длительность	6
карта задачных	6
математика которая	6
поэтому вся композиция посылает	6
аналитиком при приёмке	6
отличается от ровно одной	6
не и ещё	6
дальше инструмент	6
полом и более чем вдвое	6
здесь остался только указатель	6
функториальна по	6
цене топлива	6
и более чем вдвое	6
ценить портфель	6
про вид	6
готов и	6
скидка в	6
быть искажены сверка с прогоном по	6
возврат разрешён н	6
по заголовкам	6
используешь очень редко это	6
генератором т	6
не да и не нет а	6
острее минутная ставка едва покрывает предельную	6
поле оправдание оправдание требуется сюжетом и	6
вопрос сколько стрелок	6
где этот документ называет конкретные числа	6
с суточным капом	6
строки двух цветов	6
без подписи модель	6
замкнута утверждение	6
корня репозитория здесь остался только	6
сгиб от первого складывания	6
о газетчике	6
таймкоды взяты из	6
в существующую	6
л случайность л	6
утверждением обе половины условия поле	6
заземлены на открытые данные и	6
пробег утилизация ставка	6
обход рамки	6
ход в зоне	6
все петель	6
сут эфф скорость	6
не проходит по	6
категорификация производящих функций	6
м папиросной	6
заменить набором вопросов	6
предельную минуту	6
через всю запись нарезка не резал	6
естественная биекция множеств задаёт	6
открытые данные и собраны в канонический	6
часть издержки	6
документ курса	6
а не ради	6
величине которую	6
полгруппы сложит не	6
см км до луны км	6
сам назвал	6
на й и уходит	6
описывает что	6
безубыточности с маржой	6
раз эластичен	6
том объёме в котором они	6
весь сюжет	6
сегментов подозрение на	6
минут прочитана за	6
таймкод целее итог сегментов слов	6
гуровиц непрерывность	6
не подавался	6
но единый ответ	6
неё не формулируется	6
текст определения	6
сложность л	6
чистый контекст	6
по длительностям	6
поле вход условно приз	6
уже отработал терять его тайминги	6
он живёт	6
входы заземлены на открытые данные и	6
в канонический реестр где	6
описания илл	6
не произносим слово изоморфизм	6
а не пересчитаны	6
источник движок связки модель язык длительность	6
четыре подряд	6
переописана как эффективная	6
подробно обсуждать математику нельзя	6
увидеть граф прочитать его структуру извлечь	6
слов из них с пословными таймингами	6
формулировка найдите	6
актуальны значения реестра минутной	6
описать все естественные	6
незачем источник движок связки модель	6
печ с формулировка в	6
потоков словарь промпт	6
она запрещает	6
двойным учётом	6
достраивать в	6
дословно первичка ничего не сокращено не	6
но не даёт	6
владельцем до	6
четыре гейта	6
почти нулевой	6
гл печ нового	6
идея компонента	6
вход условно приз	6
раздел ниже	6
объект три	6
мягкие входы	6
джон хейвей брюс бэнкс	6
о чём это	6
поле зависимости зависимости поле	6
не посередине с	6
источник длительность движок	6
оставлен как	6
рамке поле уровень требует приручения	6
зона условно поле зависимости зависимости функтор	6
независимый верификатор границ	6
л печ	6
вычислимость сложность	6
основание решения	6
наивная оценка занижает чувствительность к цене	6
вход в ученика	6
пример категории	6
доказательство и симметрично	6
отсутствует у	6
у двойственное	6
ровно тот случай	6
двухэтапное стохастическое программирование	6
есть словарь	6
объекту из	6
решение не пересматривали	6
несёт только	6
поле род упражнение поле уровень школьно	6
знает никто	6
реестра минутной базы эфф скорость	6
вписанных руками	6
наценка скрининга с информационной	6
при изобилии	6
до функтора ни	6
зависимости зависимости терминальный	6
от корня репозитория здесь остался только	6
и операционная связка	6
арка решение	6
криптография цезарь	6
впритык над полом и более чем	6
криптография случайность оптимизация	6
в зоне нет	6
определение естественный изоморфизм	6
материалы карта	6
морфизмов по одному на объект	6
где модельный выбор где	6
владельца без заголовка	6
видит файлы	6
конусов и	6
источник выход	6
пословными таймингами сегментов	6
шаг фазы	6
говорим ни	6
раскладка много текста полоса справа пустая	6
спроса на мобильность	6
начальный терминальный	6
не свойство	6
пересчитаны заново движок там уже отработал	6
над полом и более	6
уходит ни одно	6
знак возвращает	6
сегментов слов прогон к реальному времени	6
ценность что найдено возвращаться	6
нейтральный элемент поэтому вся композиция	6
наценка скрининга с информационной рентой	6
называет конкретные числа минутной базы пробег	6
у тебя какие	6
обсуждать математику нельзя	6
единого нового	6
единственным образом пропускается	6
на проверено	6
комбинаторные доказательства	6
слышали не	6
км до луны км полоска короче	6
они лягут	6
скорость переописана как эффективная	6
дикие вот	6
а итог	6
единственность произведения	6
по периодам	6
ровно два элемента	6
квадратом естественности	6
тип дисциплина хук	6
с объектом натуральных	6
структуру извлечь	6
счёт утверждений	6
частный авто	6
и получить функцию	6
определения топологического пространства	6
диаграммой с вершиной	6
утверждение ретракт переживает функтор	6
равенство двух композиций	6
поездки а не	6
но единый ответ для парка	6
куда дальше правило	6
покрывает предельную	6
и названное исключение в рамке поле	6
вывод утверждения	6
ось продаваемость	6
категорификация производящих	6
гейты автора	6
полоска сложена	6
сегментов словарь терминов при этом	6
такой бурбакистский	6
не внешний скилл	6
слайде я	6
держит длинный	6
числовые входы заземлены	6
ставка пол актуальны	6
объявляет естественность	6
первичка ничего не сокращено и	6
аргумент за то что минутный спрос	6
с мин	6
в несущий	6
всё время под заказом	6
буква та же что	6
вычисление теория модельный выбор	6
тремя независимыми	6
чётно буква	6
рекуррента смотрим	6
ловушка с	6
вносить не	6
слайда заголовок	6
перенос на каршеринг	6
работает но это	6
кто ученик	6
источник длительность движок модель язык	6
по формуле статьи	6
это терминальный	6
слайды да	6
слайда около трети ширины	6
тождество до дна	6
на галлюцинацию речи	6
тут лежит заход как смотрел оглавление	6
не исчезло	6
пол актуальны	6
и не причёсано таймкоды взяты из	6
заголовок может	6
к поле следует из	6
надо назвать чем	6
разворота времени	6
бензин страховка	6
подача уборка поддержка	6
преобразование естественный изоморфизм	6
оправдание входит только	6
слова потом	6
словарь промпт несётся через	6
седьмой слайд	6
исключение части	6
полная категория	6
выражается коммутативной диаграммой	6
перенос состояния	6
меньше текста	6
строка у	6
скорость пробег км средний	6
обе фазы	6
словарь терминов при этом прогоне не	6
скидка за длительность идёт	6
модель язык потоков словарь промпт несётся	6
от почти нулевой базы	6
скидка за длительность мельче	6
половину проходим	6
не приносится с	6
граф степень подсчёт	6
резать материал референс уровень	6
спрос как раз эластичен	6
до захода	6
слайдов лекции в том объёме	6
категория универсальное свойство	6
когда читать в	6
курс а	6
сводка правок правки вносить не здесь	6
снят целиком	6
проверка по определению	6
то изоморфизм и	6
с метками и	6
утилизация ставка	6
контр довод	6
язык потоков словарь	6
два кадра	6
формат находка суть чем наглядна	6
подавался его не знает редкие	6
одноцветные склеить	6
циклических сдвигов ровно	6
финал соответствие карри ховарда ламбека	6
терминальному терминально	6
длительность сегментов	6
плохой плохой плохой	6
не снимает	6
не вызов	6
каршеринг данных	6
причёсано не улучшено на ней стоит	6
титры помечены в тексте	6
заголовок раздела	6
правильный и	6
порождающего объекта	6
четыре ломаные дракона	6
с с сегментов подозрение	6
делает тикающие деньги	6
сидит впритык над	6
к поле	6
чистую вариацию цены	6
не сокращено и	6
видом а	6
это взялось	6
под матлекцию	6
иллюстрация слайда около	6
но единый ответ для	6
джон хейвей брюс	6
слайд должен	6
мат текст	6
я бы сделал	6
объектами тождествами	6
числа минутной	6
чувствительности какие выводы держатся	6
паросочетания холл	6
категории с начальным	6
баллотное число	6
выше пола из	6
начальный объект категории конусов	6
не опирается на условный блок	6
не причёсано таймкоды взяты из связки	6
это маркированные	6
теперь от корня	6
л до идеала	6
произносим слово	6
за счёт этого помещать несколько слайдов	6
знает редкие имена могут быть искажены	6
без счёта	6
замена линтер	6
названное исключение в рамке поле уровень	6
в чужом разделе математики	6
на минут прочитана за	6
клиент уходит	6
длительность сегментов слов из	6
два цвета с	6
полом и более чем вдвое под	6
ушли на	6
векторные пространства не	6
заходы для	6
не улучшено на ней стоит и	6
по формуле статьи ранг дал	6
словаре определения	6
заказчик утверждение	6
ничего не сокращено и	6
кривые дракона	6
биекция множеств задаёт изоморфизм объектов	6
не автор	6
за то что минутный спрос	6
тело тело тело тело	6
функториальна по основанию	6
длинного пакета выше пола	6
и нужно больше ничего не нужно	6
раза одноцветные склеить попарно	6
главная иллюстрация слайда около трети	6
и вот это	6
акта и правки	6
вёрстка по доктрине владельца без заголовка	6
и за счёт этого помещать	6
лекции в том объёме	6
не резал держит	6
дважды поле род	6
сдвинута охват история решений	6
его пропускают	6
не да и	6
сегментов словарь терминов	6
примеры как несущая конструкция	6
задачи на их	6
пол актуальны значения реестра минутной базы	6
км средний	6
язык потоков словарь промпт несётся через	6
условия поле уровень требует	6
на сверку	6
свежая сессия прочитай это	6
в обоих разделах	6
см км до	6
минутный тариф делает тикающие деньги	6
и сводка	6
цитата сноска	6
владельца утверждение	6
уже в архиве	6
двухставочных тарифов	6
правки вносить не здесь источник длительность	6
сокращено и не	6
каждое совпадение	6
два орла подряд	6
выше пола из накладных	6
и шары	6
назвать чем платим флаг	6
сгиб от	6
этом весь	6
моему не	6
подача уборка	6
реестра минутной базы эфф	6
саму теорию категорий	6
из связки а	6
в сводке	6
объёме в котором	6
извлечь сильные следствия	6
реестра минутной базы	6
из у у обращение	6
сегментов слов прогон к	6
операционный слой	6
саму теорию	6
на каждом элементе	6
разметка вычисление теория	6
множеств задаёт изоморфизм	6
не изоморфно естественно	6
заново движок	6
заново движок там уже отработал терять	6
часть про	6
с объектом натуральных чисел	6
я забыл что такое центр	6
долг закрыт	6
здесь источник длительность	6
а не выводится	6
тикающие деньги	6
двух композиций	6
ранг по формуле статьи ранг дал	6
вычисление где модельный выбор где	6
в биекции с элементами	6
да и не нет	6
не создавать	6
найти лучшее из л	6
они лягут на слайд собранные лентой	6
уровень приручение для	6
профиль лёгкий	6
его структуру извлечь	6
естественной диагонали	6
ответа в спайн не дублируй	6
не олимпиадный задачник	6
разница эластичностей	6
печатная страница	6
причёсано таймкоды взяты из связки а	6
что свято	6
не сокращено не причёсано	6
м м з	6
с с сегментов	6
требуем комбинаторного	6
курса не уходит ни одно	6
терять его тайминги незачем источник движок	6
числа открытые задачи	6
категории целиком	6
от корня репозитория здесь остался	6
она линейна	6
и ресёрч	6
месте там	6
прикладное в	6
половина утверждения	6
где этот документ	6
утверждение категория	6
пакета выше пола из	6
лекции только	6
трети ширины	6
не доказываем и	6
двумя объектами тождествами	6
него есть имя	6
уровень их	6
суть если	6
из двух слайдов	6
здесь источник длительность движок модель	6
акта и правки владельца	6
днв шпернер	6
уверенности лектора	6
универсальное свойство копроизведения	6
самый главный инструмент который	6
длинный файл сам сквозной	6
три определения топологического	6
сводка правок правки вносить не	6
острее минутная ставка едва покрывает	6
два дома и	6
поле раскладка текст	6
биекции как	6
не изучай	6
на чётных местах стоит	6
и не причёсано таймкоды взяты	6
это не пол	6
из логичного	6
за длительность идёт	6
когда функтора	6
мы изучаем операции	6
у тебя какие то	6
элемент поле	6
не пересчитаны заново движок там	6
одну сцену	6
это не педантизм	6
каждом префиксе	6
с сегментов подозрение на	6
следует из независимый ход в	6
биекций между	6
пересчитаны заново движок там	6
утверждение ретракт переживает	6
пространства морфизмы	6
готовности платить	6
слайд заведён генератором	6
минутчик менее эластичен	6
стадия арка	6
на языке категорий	6
всё вот	6
устроены труднее пределов	6
причёсано не	6
оправдание требуется рамкой	6
модель язык потоков словарь	6
нас происходит	6
минус информационная рента	6
расшифровка дословно первичка ничего не сокращено	6
вход условно вместе с утверждением обе	6
стоимость длинного пакета выше пола из	6
доктрине владельца без	6
к незнакомой категории	6
брюс бэнкс	6
причёсано не улучшено	6
минутном сегменте	6
главный инструмент который	6
источник движок связки модель язык	6
мы не доказываем	6
незачем источник движок связки модель язык	6
делает тикающие деньги за время максимально	6
есть начальный объект	6
поведение роутер	6
поэтому слово	6
в категории с конечными	6
источник табачников там	6
не знает редкие имена могут	6
его тайминги	6
подействовать то	6
гейты и баллы	6
сокращено не причёсано не	6
надо назвать чем платим флаг закрыт	6
где то мы	6
тождества других	6
не то что не	6
прогнать через	6
естественное преобразование поле оправдание оправдание	6
издержки плюс теневая цена	6
для ответа в	6
только узкая	6
есть поле зона зона определяем поле	6
подавался его не знает редкие имена	6
по графам на русском	6
главный инструмент который ты используешь очень	6
эффективная скорость простой внутри поездки	6
котором они лягут	6
доказательство утверждение в	6
чего не хватает	6
конечномерных векторных пространств над	6
ранг ранг по формуле	6
через всю запись	6
нет в картотеке как понятие есть	6
поле оправдание оправдание входит только	6
ретракт объекта про	6
эластичностей по	6
увидеть граф прочитать	6
размером с футбольное	6
курса не уходит ни	6
прогоне не подавался	6
тройное произведение якоби	6
естественное преобразование поле оправдание	6
таймкоды взяты	6
ответа в спайн	6
титры помечены в	6
слева три	6
записанная буквами	6
в листок как задача	6
все функторы	6
тариф изолированно	6
лежат здесь	6
раскладка фикс	6
издержки часть	6
реестра минутной базы эфф скорость пробег	6
заменять и за счёт этого помещать	6
неприменим на	6
после приёмки	6
шаг архив	6
чем спрашивать	6
даёт уровень	6
по прямому требованию	6
правило добывается из их	6
делает тикающие деньги за	6
словарь вопросов к	6
пределов хотя	6
когда две категории	6
сессия закрыта	6
с конечномерными	6
падение пробега	6
здесь источник длительность движок	6
как функтор это	6
всю запись нарезка не резал держит	6
читать в спайне после когда	6
вкладки замысел	6
диаграммы имеют изоморфные	6
репозитория здесь	6
что подействовать и	6
имена могут быть	6
морфизмов по одному	6
правильный вопрос	6
что естественность	6
ч против	6
печатные листки	6
ранг по формуле статьи	6
та же сессия	6
итог сегментов слов	6
них с пословными	6
лягут на	6
лизинг и страховка	6
для самого определения	6
скорость простой внутри поездки уже	6
у центра	6
значит вопрос	6
монография англ стр текстовый слой	6
не улучшено	6
свежая сессия прочитай	6
четыре ломаные дракона ранга	6
тайминг и сводка правок правки	6
котором они лягут на слайд	6
сводка правок правки	6
реальная скидка за длительность	6
отмеченный вид	6
из в число	6
группоиде конечномерных	6
на скорость движения	6
просто не нужно	6
не подавался его не	6
быть заголовок	6
без анализа	6
досуг в авиации	6
разность двух биномов	6
вместе с утверждением обе половины условия	6
это тексты	6
у у обращение	6
векторные пространства и линейные	6
не обгоняет	6
целее итог сегментов слов прогон	6
когда читать в спайне после	6
и это нужно	6
стоит и тайминг	6
даром потому что	6
формуле статьи ранг	6
базы пробег утилизация ставка	6
не названо	6
просто очень	6
окно единственный источник	6
материал фаза тела блоков написаны шапка	6
ждёт их	6
имена могут быть искажены сверка	6
базы пробег утилизация ставка пол актуальны	6
из независимый ход в	6
базы эфф скорость пробег	6
скорость простой внутри	6
собраны в канонический реестр где	6
акта и правки владельца по акту	6
наследственная запись	6
верхний ярус	6
в листок левый столбец	6
задаёт естественное	6
ковбои джо и	6
вопрос звучит	6
разметка статуса как	6
оценка занижает чувствительность	6
о знаке	6
потоков словарь	6
по сцене	6
да хорошо	6
шаг архив конвейер до файл	6
речи нет модель	6
правило ни	6
доля оказалась	6
вместе с утверждением обе половины	6
запрещает все	6
моно эпи ретракт корзина трюк	6
ковбои джо	6
словарь вопросов	6
шень печ с	6
что минутный спрос как	6
при этом прогоне	6
лекцию можно заменить набором вопросов	6
используешь очень редко это маркированные	6
оглавление и	6
в поле зона	6
в первый момент	6
ранг по формуле	6
текст должен быть	6
довод не	6
полгруппы сложит не то	6
и маршруты	6
схемы в категории	6
величины ориентиры	6
композицию вдоль пути	6
в рамке поле уровень требует приручения	6
морфизмов для которых	6
конкретной математической	6
итог сегментов слов прогон	6
есть поле зона	6
нарезка не резал держит	6
по сегменту и	6
диаграмму которая	6
класс утверждение	6
слова для рангов	6
обратны по построению	6
морфизмов с	6
нейтральный элемент поэтому	6
семейства значений	6
понятие есть	6
с прогоном по словарю	6
нужно значит	6
готовым генератором	6
даром потому	6
не резал держит длинный файл сам	6
не произносим слово изоморфизм функторов пока	6
предельные издержки плюс	6
же днём	6
актуальны значения реестра	6
общего у	6
л гл	6
определение естественный	6
скорость каршеринга в	6
смотрел оглавление	6
раза одноцветные	6
логит вероятности	6
физики джон хейвей брюс бэнкс	6
рейтингу водителя	6
когда базисы	6
с пословными	6
верификатор границ	6
таймкоды взяты из связки	6
окружности из клеток	6
слайд заведён генератором т	6
нужны задачи	6
где вычисление где модельный	6
без своей	6
и правки владельца	6
ты повторяешь	6
не улучшено на ней стоит	6
уровень школьно поле вход безусловно поле	6
прогоне не	6
критерию утверждения	6
не на чем	6
же сессии	6
изоморфное терминальному терминально	6
по источник	6
сверх пола	6
что общего у	6
из чужого	6
должны помещаться на один слайд	6
стоит и тайминг и сводка правок	6
слайдов кандидат	6
минутный спрос как раз эластичен	6
листок левый	6
нет модель дописала	6
что выражается коммутативной	6
модельный выбор где	6
его тайминги незачем источник движок связки	6
было в загрузках	6
не доказываются	6
который ты используешь очень редко это	6
у нас происходит	6
сквозной таймкод целее итог сегментов слов	6
с футбольное	6
нарастание всегда	6
не объект	6
школьно поле вход безусловно поле	6
функтор переносит	6
проверено симуляцией	6
уильям хартер	6
пробег км средний	6
базы пробег утилизация	6
конвей дойл	6
диаграмма как функтор из категории схемы	6
направление минутчик	6
с пословными таймингами	6
пробег утилизация ставка пол актуальны значения	6
через весь курс	6
расшифровка дословно первичка ничего не	6
пон функтор	6
минутной базы эфф скорость пробег	6
не произносим слово изоморфизм функторов	6
утверждение сопоставление не	6
моноид как категория с одним	6
всегда по условию	6
подробно обсуждать математику	6
внутренние ссылки	6
объекты элементы	6
от корня репозитория здесь	6
поле уровень школьно поле вход безусловно	6
тайминги незачем источник движок связки модель	6
произведение и склейка	6
издержки теневая	6
пусть будет так	6
два дефекта	6
налезают друг на друга	6
тикающие деньги за время максимально заметными	6
вторым лектором	6
видно на бумаге	6
рынок сидит	6
между объектами не больше одной стрелки	6
нарезка не	6
не рельсы	6
понятия словаря	6
без не	6
связки а не	6
репозитория здесь остался только указатель	6
москвы числовые	6
чем платим флаг	6
поле оправдание оправдание требуется рамкой	6
окей а	6
жирным зачином	6
множества векторные пространства	6
добывается из их же бумажек	6
картинки это	6
в тексте не удалены	6
рус маклейна	6
следует из независимый ход в зоне	6
классификационных результатов	6
декартово замкнутой категории с начальным	6
мы не произносим слово	6
кавалер ниже	6
в котором они лягут	6
редко это маркированные списки	6
конструкции категорий	6
движок связки модель язык длительность сегментов	6
прогон к реальному времени	6
и это самое	6
на всех местах	6
не приём	6
и страховка	6
шеринг поездки	6
произведение семейства	6
слайде не было	6
термины сверены	6
пробег км средний таргет предельный пол	6
документ называет конкретные числа	6
нет модель дописала титры помечены	6
главный инструмент который ты	6
есть берём	6
атьи макдональда	6
очень редко это маркированные списки	6
требует категории	6
статус ценность	6
с утверждением обе	6
резал держит длинный файл сам	6
не вообще	6
представимый функтор сохраняет	6
сцены илл	6
по русски не говорят	6
ней стоит и тайминг	6
поворот из	6
утверждение естественные	6
над с вершиной	6
то что он называет	6
копроизведения утверждение	6
источники понятие функтор естественность корзина трюк	6
и названное исключение	6
картинка мама папа	6
аргумент за то что	6
строки двух	6
комбинаторного вида	6
раскраски состояния	6
квантовые целые	6
спрос меняющийся во времени	6
й и уходит	6
таймкоды взяты из связки а	6
очень редко это маркированные	6
местах стоит	6
в декартово замкнутой категории с начальным	6
нужны логи	6
мягкость входов	6
длительность движок модель	6
мир мир	6
расслоённое произведение определение	6
по естественности	6
модель дописала титры	6
задач куда дальше	6
прочитать его структуру	6
над полом и	6
чтобы решение не пересматривали	6
определению есть функтор	6
пример расширение	6
читал субагент ф целиком стр	6
фаза акта и правки владельца	6
клеить углы по	6
цена ёмкости в непик	6
есть поле зона зона определяем	6
перебором всех слов	6
свойство копроизведения	6
общий словарь	6
должны помещаться на	6
реальному времени кусок с	6
на уровне матшкольников	6
из носителя	6
км сут эфф скорость	6
поле зависимости зависимости терминальный	6
граница сдвинута охват история решений п	6
блок почему	6
два следствия	6
ранг ранг ранг по	6
оправдание оправдание входит только	6
это проверено	6
на галлюцинацию речи нет	6
по одному объекту	6
о вердикте	6
сокращено не	6
без наложений	6
находка не	6
не подавался его не знает	6
кусок с с	6
и это решение а	6
базы пробег	6
утилизация ставка пол актуальны значения	6
сокращено и не причёсано таймкоды взяты	6
кусок с с сегментов подозрение	6
определение не говорим	6
новый генератор не	6
имя тому	6
как несущая конструкция	6
острее минутная ставка	6
ну если	6
первый экран	6
объединяющее прикладное в кармане	6
по стр	6
отдельным решением	6
ней стоит и тайминг и сводка	6
рисунка только метка	6
см вопросы в	6
морфизм изоморфизм если	6
читает вовсе когда читать	6
стоит и тайминг и	6
мт кружки	6
физики джон хейвей брюс	6
находка без карточки потеряна	6
оправдание оправдание входит только если	6
держит длинный файл сам сквозной	6
прямо на эластичность сегмента	6
не реагируют	6
замкнутых категориях	6
файл сам сквозной таймкод целее	6
разговор про	6
эндогенность утилизации	6
можно заменить набором	6
из них с пословными таймингами сегментов	6
поэтому истинная	6
честный мост	6
граф прочитать его структуру извлечь сильные	6
разрешён н п	6
без пометки зоны	6
потом материал фаза тела блоков написаны	6
фактически использованной	6
шок независим между	6
поточечно но не	6
поле приём линии	6
смотря с какой	6
мельче моей	6
на категорный вопрос	6
работает но это не проблема	6
кэли через	6
морфизм из терминального объекта	6
тождества вот	6
закрыт граница	6
один объект три	6
длинный файл сам сквозной таймкод	6
ди франческо	6
движок там уже отработал терять его	6
искажены сверка с прогоном по	6
пункт не	6
дописывать только материал по	6
данные москвы числовые входы заземлены на	6
этот документ называет конкретные числа минутной	6
движок там уже отработал	6
высоцкого ященко	6
у ломаной ранга	6
левый столбец при	6
глобальное поведение роутер	6
нет ретракции диска на окружность	6
задач п	6
баг двойного учёта	6
задачи наглядный листок посложнее	6
не нужна запись	6
условия поле	6
ничего не падает с неба	6
галлюцинацию речи нет	6
быть кстати	6
резал держит длинный файл	6
рекурсивный запуск	6
полом и более	6
где этот документ называет	6
уже отработал терять	6
мерить по сегменту контексту	6
издержки плюс теневая	6
экспонента функториальна по основанию	6
примере второго	6
связки дословно	6
естественное преобразование точно	6
бюджет слайдов кандидат	6
что это тексты слайдов лекции	6
нет зал	6
визитка пропала значит	6
топос мост в	6
профиль спроса	6
не посередине	6
граница сдвинута охват история	6
биекцию а	6
снят граница сдвинута охват	6
сгиб от первого	6
склеить попарно	6
между объектами не больше одной	6
слово преподавателю	6
с пословными таймингами сегментов	6
ровно шагов	6
делали руками	6
канонический реестр где этот документ называет	6
слайд л	6
ты написал	6
конструкция с прошлой	6
тождество до	6
вопрос изоморфны	6
самый главный инструмент	6
двух биномов	6
свойство поле оправдание оправдание нужно	6
в порядке нити объекты	6
карточки не	6
длительность движок модель язык потоков словарь	6
не просмотрены	6
гейты не рельсы	6
листок п	6
галлюцинацию речи нет модель дописала	6
более узкие	6
декартово замкнутой категории с начальным объектом	6
первичка ничего не сокращено не	6
вход условно приз для	6
плоскую маржу в дифференцированную по	6
по стоимости времени	6
модель язык длительность сегментов слов из	6
км до луны	6
таймингами сегментов словарь терминов	6
захода который	6
времени кусок с с	6
почему это стоит	6
этом прогоне не подавался его не	6
формула бертрана	6
логика полное доказательство	6
слайда я	6
теория модельный	6
условно вместе с утверждением	6
функторов это	6
по моему не	6
и собраны в канонический	6
держатся на всём	6
преобразования в точности	6
наценку сверх	6
половины условия поле уровень требует	6
причёсано не улучшено на ней	6
нет утверждение	6
типа инструментов	6
единственный слой	6
сортировка по зависимостям	6
эластичности спроса на мобильность	6
спросовый шок независим	6
острее минутная ставка едва	6
терять его тайминги незачем источник	6
это тексты слайдов лекции в том	6
в том объёме	6
книге нет	6
сам сквозной таймкод целее	6
акт и	6
правок правки вносить не здесь источник	6
чувствительности какие выводы держатся на всём	6
про дракона	6
приёмка по	6
улучшено на ней стоит и	6
нет мин	6
открытые данные и собраны	6
км мин делимобиль	6
над полом и более чем вдвое	6
с с сегментов подозрение на	6
онлайн курс	6
котором они лягут на слайд собранные	6
буква та	6
и не рисовать	6
а не прямо	6
числовые входы заземлены на открытые данные	6
с двумя объектами тождествами	6
остаточная эластичность под конкуренцией	6
не тронуто	6
дальше да	6
этом много	6
на условный блок	6
не надо это	6
цена за км	6
терять его	6
кандидат что резать материал	6
нужна запись	6
рыночные эластичности	6
в рамке поле уровень	6
одинаково значит	6
цвета с середины	6
труднее пределов хотя	6
стоит и тайминг и сводка	6
сырая расшифровка	6
сидит впритык над полом	6
не уходит ни одно	6
взяты из связки а не	6
очень редко это	6
издержечный опционный	6
произносится честно	6
не дублируй сюда	6
без единого нового	6
и опознать	6
экспонента функториальна	6
к реальному времени кусок с с	6
поточечно но	6
итог сегментов слов прогон к реальному	6
хорошая вещь но	6
раскладка фикс костов по утилизации	6
слова ранга	6
лягут на слайд	6
да и не нет а	6
то что минутный спрос как раз	6
домрина оревков	6
не написать	6
опцион переоценить	6
имена могут быть искажены сверка с	6
функтор из категории схемы	6
между двумя объектами	6
скрининг задачи на их	6
прикладное в кармане	6
все продолжения сразу	6
искажены сверка с прогоном	6
утверждение потом материал фаза тела	6
для ответа в спайн не	6
км средний таргет предельный	6
лернер а	6
школьно поле вход безусловно поле узел	6
программистские примеры как несущая конструкция	6
прогон на	6
запись нарезка не резал держит	6
поле зависимости зависимости поле оправдание оправдание	6
с сегментов	6
выпустить из одной точки	6
москвы числовые входы заземлены на	6
занижает чувствительность к цене	6
и названное исключение в рамке	6
естественное преобразование естественный	6
там уже отработал терять его тайминги	6
москвы числовые входы заземлены	6
сложит не	6
здесь остался	6
за счёт этого помещать несколько	6
трип косты	6
независимый ход в зоне не доказывается	6
речи нет	6
что такое кольцо	6
ресёрчем не закрывается	6
предельные средние	6
числа минутной базы пробег утилизация	6
полгруппы сложит	6
иллюстрация слайда около трети ширины источник	6
вопрос заголовок	6
бросков кости	6
а не прямо на эластичность	6
же ломаная	6
основного яруса	6
минутной базы пробег утилизация	6
множеств задаёт изоморфизм объектов	6
универсальное свойство поле оправдание оправдание	6
ничего не сокращено не причёсано	6
модель язык потоков словарь промпт	6
пробег утилизация	6
категория категория состоит	6
тариф делает тикающие деньги за	6
дома не	6
экстремальные задачи на	6
печ с формулировка в гейте	6
из следует из независимый ход в	6
отдельно не	6
табачников там же с	6
а не приносится с	6
а не пересчитаны заново	6
приёмом что	6
может провалиться	6
движок там уже отработал терять	6
улучшено на	6
таймкод целее	6
про диаграммы	6
котором они лягут на	6
линии рекордов	6
этот документ называет	6
сверка с прогоном	6
это придумали	6
связки а не пересчитаны	6
под рисунком	6
выводим пусть	6
минутной базы пробег утилизация ставка пол	6
карри ховарда ламбека утверждение	6
статуса как	6
промпт несётся через всю запись	6
из независимый ход в зоне	6
что минутный спрос как раз	6
не та же	6
док во	6
видов это	6
прямое попадание	6
же заходом	6
корня репозитория здесь остался только указатель	6
оправдание оправдание требуется рамкой	6
что задать	6
другим проходом	6
класс изоморфных объектов	6
центр группы функтора	6
субагент ф	6
использованной ёмкости	6
чтобы зал	6
в ресёрче	6
не налезают друг на	6
один морфизм с	6
с функторы	6
слайда источник рисовать	6
понимаю зачем	6
изоморфизм существует	6
прямо на эластичность	6
методология заходов	6
половины условия поле уровень	6
по доктрине владельца без заголовка	6
род пример п	6
с формулировка в гейте	6
а не прямо на эластичность сегмента	6
ход проверка	6
реплика в	6
владельца он	6
по прямому решению	6
пробег км средний таргет предельный	6
задан владельцем	6
и вердикты	6
до функтора ни ковариантно	6
средний таргет выше	6
прочитай это	6
слышали не более	6
утверждением обе	6
называет поимённо	6
конкретные числа минутной базы	6
замкнутой категории с начальным объектом	6
условия поле уровень	6
сессия прочитай	6
меняющийся во	6
строгий объект наценки	6
запрещает все продолжения сразу	6
сопоставление контравариантный функтор	6
главы про	6
экспонента функториальна по	6
эластичности спроса на	6
в словаре определения	6
прокатом и	6
пакет фикс км	6
источник статус ценность что найдено	6
определять и подробно обсуждать математику нельзя	6
сдвинута охват история	6
и есть ответ на вопрос зачем	6
рамке поле уровень	6
три тарифа как	6
ёмкости в непик	6
внутри рисунка только метка	6
максимально заметными	6
способов сложить	6
один факт	6
в один слайд	6
пословными таймингами сегментов словарь терминов при	6
главный источник	6
спрос меняющийся	6
тропинки в	6
держит длинный файл	6
таймкод целее итог	6
не прямо на эластичность	6
в дифференцированную по	6
связки а не пересчитаны заново	6
прогон к реальному времени кусок	6
статус ценность что	6
картинка несущая	6
квадрат сходится при	6
луны км полоска	6
как функтор из категории	6
упражнение поле уровень школьно поле вход	6
замыкание словаря	6
в поле зона зона определяем	6
бюджет слайдов кандидат что резать материал	6
петля стягивается	6
и правки владельца по	6
в том объёме в котором они	6
окажется через	6
рубрики эйлеровы	6
эффективная скорость каршеринга	6
учёта в	6
спросовый шок независим между	6
парковки деревья	6
за длительность мельче	6
статус ценность что найдено	6
превращают плоскую маржу в дифференцированную	6
есть строгая	6
который ты используешь очень редко	6
пакетной скидки	6
стек сортируемые перестановки	6
приносится с	6
всю запись нарезка не резал	6
единственный тонкий	6
и сводка правок правки	6
что резать материал референс уровень	6
движок модель язык	6
уходит ни	6
они лягут на слайд собранные	6
эквивалентность категорий отношение эквивалентности	6
м папиросной бумаги	6
центральный объект	6
размером с футбольное поле	6
как категории с	6
вопросов к незнакомой категории	6
независимый ход в зоне не	6
ранг ранг по формуле статьи	6
й и уходит после й	6
где модельный выбор	6
полный экран	6
их источники	6
имя тому что	6
изоморфное терминальному	6
продолжается до функтора ни	6
источник длительность движок модель язык потоков	6
структура и связи	6
по акту	6
условие фёльнера	6
в замену	6
уровень школьно поле вход безусловно	6
вход условно вместе с утверждением	6
анализ мат	6
ранга и все	6
скидки за объём	6
ранг дал	6
прогоне не подавался его не	6
вносить не здесь источник длительность движок	6
рамке поле уровень требует приручения поле	6
степень подсчёт	6
отдельный сюжет	6
не причёсано не улучшено на ней	6
публичная страница	6
понятие вводится	6
модель язык длительность	6
свойство даёт единственный с	6
модель стадия	6
главные ломаные	6
инструмент который ты используешь	6
она попадает	6
этого ты	6
у он	6
на приёмке	6
поле определение	6
сырая расшифровка дословно	6
не годится а	6
говорим не говорим о размерах	6
на изоморфизмах	6
одного файла	6
тебя какие то	6
логика полное	6
аргумент за то что минутный	6
расшифровка из связки дословно первичка ничего	6
накопленный контекст	6
с с сегментов подозрение на галлюцинацию	6
как функтор из категории схемы	6
стиль словить такой бурбакистский	6
дыр нет	6
лекцию можно заменить набором	6
вверху внизу	6
чтобы решение не	6
эффективная скорость каршеринга в	6
словить такой	6
выход ф	6
меняющийся во времени	6
у нас есть преобразование	6
конкретные числа минутной базы пробег	6
быть искажены сверка	6
невидимый механизм	6
зритель должен	6
табачников там	6
висеть на	6
численно для	6
утверждение работает	6
полей тема	6
заменять и за счёт этого	6
та же математика	6
реестр где этот документ	6
ниже один слайд	6
поле иначе	6
можно заменить набором вопросов	6
потоков словарь промпт несётся	6
поле честно	6
реестр где этот документ называет конкретные	6
таймингами сегментов словарь терминов при	6
редкие имена могут быть искажены	6
слайдов при	6
функтором не является	6
хорошие свойства	6
путей ориентированного	6
средний таргет предельный пол рынок	6
что это тексты слайдов лекции в	6
для финала	6
в листок левый столбец при	6
не выдумано	6
инъективно при	6
эластичности по сегментам	6
референс уровень	6
и сводка правок правки вносить	6
семейство морфизмов по одному	6
утверждение то есть	6
ничего не сокращено и не причёсано	6
теперь от корня репозитория здесь	6
естественная биекция множеств задаёт изоморфизм объектов	6
открытый след	6
выше пола	6
его тайминги незачем источник движок	6
программистские примеры как несущая	6
ещё без	6
подписаны что	6
там уже отработал терять его	6
и не причёсано	6
вероятностный вопрос	6
гл уровень требует приручения	6
какие числа бывают	6
несётся через	6
одному объекту из	6
незачем источник	6
до функтора ни ковариантно ни	6
маржи выручка наценка	6
напиши что	6
один изоморфизм с	6
на внешний	6
скрининг с рентой	6
обе половины условия поле	6
вокруг средней	6
сегментов слов из них	6
используешь очень редко это маркированные списки	6
нет модель дописала титры	6
словаре определения и	6
как начальный объект категории конусов	6
за л л	6
ставка пол актуальны значения реестра минутной	6
ч ср поездка	6
что найдено возвращаться	6
доминирующего сдвига	6
оставить если есть	6
что это тексты	6
путей ориентированного графа	6
в рамке поле уровень требует	6
в котором они лягут на	6
с суточным	6
разметка вычисление	6
документа не снято	6
числа открытые задачи куда	6
издержечная модель	6
просмотрен оценён	6
много текста полоса справа	6
узлы в порядке нити объекты	6
фаза акта и правки владельца по	6
же куда ранг	6
словарь терминов при этом прогоне	6
предположим что существует функтор	6
дискретного выбора	6
компонента на	6
виден и	6
ничего не сокращено не причёсано не	6
каждый тариф изолированно	6
о якобиане	6
оригинал русский	6
отчёт захода	6
столбец при	6
рабочий диапазон	6
времени кусок с	6
деньги за время максимально заметными	6
ответ одной	6
разные предельные	6
листок л задач п	6
изоморфизмом видов	6
не пересчитаны заново движок	6
уровень школьно поле вход	6
три определения топологического пространства	6
перекрёстных ссылок	6
сокращено не причёсано	6
слово ранга на	6
нет вовсе и	6
строгое чередование	6
пункт на	6
не подавался его не знает редкие	6
промпт несётся	6
подписаны что происходит	6
к поле следует из следует из	6
аксиомы выполняются по	6
материалы карта источников	6
держится на том	6
доказываем и не	6
есть сумма чётностей	6
выход гейт	6
самый главный инструмент который ты используешь	6
сокращено не причёсано не улучшено	6
до сборки	6
нельзя ценить портфель	6
зависимости зависимости поле оправдание оправдание	6
картотеке род пример п	6
король и шары	6
один растущий	6
иллюстрация слайда около трети ширины	6
связки модель язык длительность сегментов слов	6
где вычисление где модельный выбор	6
комбинаторный вид функтор	6
эйленберга и маклейна	6
условие владельца	6
пересчитаны заново	6
открытые данные и собраны в	6
движок модель	6
сегментов слов прогон	6
на открытые данные и собраны в	6
для ответа в спайн	6
язык потоков словарь промпт	6
вложения йонеды	6
тип захода	6
ранг ранг ранг по формуле статьи	6
связки дословно первичка ничего	6
в замечании при определении	6
платим флаг	6
идёт в листок	6
могут быть искажены сверка с прогоном	6
стрелка это	6
этот документ называет конкретные числа	6
через гейт	6
смотря с какой стороны	6
единственный доминирующий	6
утв называем если	6
сначала категория	6
с сегментов подозрение на галлюцинацию речи	6
пол операционные	6
издержки стратегия	6
не здесь источник длительность движок модель	6
накладных и	6
диаграмма как функтор из	6
категории конусов и	6
расшифровка из связки	6
целее итог сегментов слов	6
резать не	6
какие выводы держатся на	6
четверть не	6
граф прочитать его структуру	6
словарь промпт несётся через всю запись	6
не позвоночник	6
нельзя обратить	6
это тексты слайдов	6
приручение для	6
дорог статус	6
финал соответствие карри ховарда	6
монография англ стр текстовый слой есть	6
минутная ставка едва покрывает предельную минуту	6
из не из	6
буква та же что на	6
в рамке поле	6
исключение в рамке поле уровень требует	6
репозитория здесь остался	6
из следует из у у обращение	6
исключение в рамке поле уровень	6
в поле зона зона	6
движок модель язык потоков словарь	6
зачем этот файл	6
биекция множеств задаёт изоморфизм	6
блока про	6
начни с	6
категория с одним объектом определение	6
на категорный	6
тоньше на эластичном	6
называет конкретные числа минутной	6
не выносятся	6
дословно первичка ничего не сокращено и	6
превращают плоскую маржу в	6
что выражается коммутативной диаграммой	6
руками сложите	6
функциях на путях	6
школьно поле вход	6
курса этот	6
каждый раздел ниже один слайд	6
не продолжается до функтора ни ковариантно	6
не повторение	6
каждый морфизм обратим	6
наценки и	6
а считается	6
правило дна	6
половины кривой	6
дословно по	6
не вход а	6
источник в р	6
компонента мин	6
в замечании при	6
фабрика ядро читать перед рисованием	6
законы степеней	6
с потолка	6
находятся в биекции с элементами	6
категория с двумя объектами	6
медников чётность	6
остался только указатель	6
четыре главные ломаные	6
в нейтральный элемент поэтому вся композиция	6
экстремальные задачи на графах	6
взаимно обратны по построению	6
деньги за время максимально	6
бюджет слайдов кандидат что резать	6
теми же словами	6
мы не произносим слово изоморфизм функторов	6
раздел ниже один слайд	6
как открыть	6
и не нет а	6
источник движок связки	6
показатель роста	6
с пословными таймингами сегментов словарь терминов	6
всю запись нарезка	6
дика каждый	6
для канонического нет	6
одинаковые половины	6
заходом из	6
нейтральный элемент поэтому вся композиция посылает	6
хейвей брюс	6
нужен полный	6
эпи ретракт корзина трюк	6
решений владельца	6
тексты сжато	6
равняется сумма	6
не педантизм	6
теневая цена ёмкости в непик	6
возможного и	6
не из памяти и не	6
для минутного	6
галлюцинацию речи	6
полоска короче примерно в раз	6
нет ретракции диска	6
забыл что такое центр	6
на месте там	6
переводит объект в	6
объект как начальный объект категории	6
с сегментов подозрение	6
морфизмы только	6
декартово замкнута утверждение	6
бы функтор	6
образуют группу и	6
в прежней редакции	6
снят граница сдвинута охват история	6
медиана аренды мин	6
к конкуренту	6
определять и подробно обсуждать математику	6
чётно буква та же	6
арки в	6
и их источники	6
как категория определение	6
источник движок связки модель	6
используешь очень редко	6
материалы полины	6
по росту объёма	6
с вердиктом	6
без звука	6
и тайминг и сводка правок правки	6
поле не говорим определения	6
там где мы	6
объекты множества морфизмы	6
модель дописала титры помечены в тексте	6
км полоска короче примерно в раз	6
сегментов словарь	6
все комментарии	6
могут быть искажены сверка	6
прогоне не подавался его	6
резал держит длинный файл сам сквозной	6
потоков словарь промпт несётся через	6
но это не проблема	6
источник статус ценность что	6
источник статус ценность что найдено возвращаться	6
поточечно но не естественно	6
со вложением	6
разбор примера	6
модель дописала	6
элементы у	6
слов прогон к реальному времени	6
вещь которая	6
эластичностей по сегментам	6
чувствительности какие выводы	6
где модельный	6
порядки циклические	6
которое стоит	6
за рангов полный оборот	6
курс не входит	6
дословно для	6
квадрат коммутативен	6
зависимости зависимости поле оправдание	6
обсуждать математику	6
где то же	6
здесь тебе нужно	6
запись нарезка не резал	6
моцкина шрёдера	6
полоска короче примерно в	6
глубина скидки	6
моноид категория	6
плюс теневая цена ёмкости в	6
трети ширины источник	6
поле зависимости зависимости поле оправдание	6
не подтверждает	6
сортировка по	6
на минут прочитана	6
вопрос я	6
машиной п	6
л шеннон	6
финал в	6
вся арифметика	6
ответ дорог	6
был обрезан	6
не конструкция	6
работает но это не	6
числовые входы заземлены на	6
после развода зон поле источник источник	6
ч км сут	6
дублируй сюда	6
и их источники в	6
как понятие есть	6
не нужно текст	6
это тексты слайдов лекции	6
с утверждением обе половины условия	6
тип дисциплина	6
см км до луны км полоска	6
каталан и	6
отражение даёт	6
базы эфф скорость пробег км средний	6
модель язык длительность сегментов слов	6
не порядок изложения	6
та же биекция	6
язык потоков словарь промпт несётся	6
существует ровно один изоморфизм с	6
на свою границу	6
скорость пробег км средний таргет предельный	6
сильные следствия	6
тот же путь	6
из логичного вопроса	6
надо назвать чем платим	6
анализ чувствительности какие выводы держатся на	6
единственный тонкий шаг	6
группа функтор	6
пакета выше пола из накладных	6
топологическая сортировка по	6
рангов п	6
час пик при дефиците	6
направление поддержано	6
занижает чувствительность	6
шагов ни разу не	6
не разбор	6
назвать чем	6
базис изоморфизм	6
тебя на	6
них с пословными таймингами	6
том объёме в	6
в спайне после когда	6
тексты слайдов лекции в том	6
акта и правки владельца по	6
йонеды не	6
элемент частный случай	6
запись нарезка не резал держит длинный	6
из курса не уходит ни	6
ламбека утверждение	6
а не число	6
аренда потребляет	6
теперь от корня репозитория	6
по прямому указанию владельца	6
пересчитаны заново движок там уже	6
острее минутная	6
под текстом во всю ширину	6
картотеки в картотеке род пример п	6
джон хейвей	6
тариф на	6
конструкция с прошлой лекции	6
данные и собраны	6
словарём курса	6
выведена для	6
вовсе когда читать	6
единый ответ для парка	6
по определению есть функтор	6
не сокращено и не	6
что понял	6
из следует из независимый ход проверка	6
как раз эластичен	6
деревья пути	6
функтор поле оправдание	6
у естественный	6
канонический реестр где	6
длительность движок модель язык потоков	6
г правило	6
масштаб половина лекции	6
числа проверены	6
представимый функтор сохраняет пределы	6
скоропортящаяся ёмкость	6
метод ст	6
стоимость ёмкости в	6
реальная скидка за длительность мельче	6
понятие комбинаторного	6
реальная скидка за	6
есть структура	6
не аналогия	6
произведение якоби	6
не пересматривали	6
подозрение на галлюцинацию речи нет	6
печ нового	6
не файл	6
расшифровка дословно первичка ничего	6
ретракт корзина трюк	6
сдвинута охват история решений п	6
эластичность контекст	6
объекта морфизм	6
то же рассуждение с	6
поле что это тексты	6
утверждение потом материал фаза тела блоков	6
определять и подробно обсуждать	6
нижний ярус	6
устроены труднее пределов хотя формально	6
тебя это	6
отработал терять его тайминги незачем	6
действие на морфизмах	6
обратная композиция	6
размерности равны	6
двумя объектами тождествами и	6
спайне после	6
л стоит	6
субагент ф целиком	6
класса стрелок	6
эскалирует в	6
и собраны в канонический реестр где	6
формат находка суть	6
таймкоды взяты из связки а не	6
оценка занижает чувствительность к цене	6
первичка ничего не сокращено и не	6
и не причёсано таймкоды	6
не инструмент	6
зависимости терминальный объект	6
при этом прогоне не	6
владельца к	6
галлюцинацию речи нет модель	6
на ней стоит и тайминг и	6
снят граница сдвинута охват история решений	6
редкие имена могут	6
руками а	6
опирается на условный	6
а владелец	6
в алгебраической комбинаторике	6
объект как начальный объект категории конусов	6
нужно больше ничего не нужно	6
нужна ровно	6
не причёсано не	6
л дано раньше утв	6
взяты из связки	6
утверждением обе половины	6
гейта на	6
граф прочитать его	6
длительность движок модель язык	6
не говорим о размерах	6
квант рубрика	6
условно приз для	6
действие экспоненты по	6
не улучшено на	6
тайминг и сводка	6
предельную стоимость	6
естественного изоморфизма не	6
смотря с	6
тождество рамуса	6
с футбольное поле	6
второго лектора	6
дракона по	6
иначе полгруппы сложит не то	6
размер главная иллюстрация слайда около трети	6
на й и уходит после й	6
базиса координаты	6
образуют естественное	6
дракона с	6
над диаграммой	6
произносим слово изоморфизм функторов пока	6
его структуру извлечь сильные следствия	6
в разных категориях	6
курса слово	6
в картотеке род пример п	6
заново движок там уже отработал	6
всё работает	6
разрез по центру	6
что существует функтор	6
в несущий тезис	6
в универсальное свойство	6
математической ситуации	6
приносится с доски	6
в том объёме в котором	6
элемент поэтому вся	6
лекции суть	6
ответа в спайн не	6
на открытые данные и	6
вещь в себе	6
я забыл что	6
дважды поле	6
половины на	6
смотри значит ну	6
счёт этого помещать несколько слайдов	6
дети после класса	6
вычисление где модельный выбор	6
около трети ширины источник	6
не сокращено и не причёсано таймкоды	6
размер главная иллюстрация слайда	6
по статусу	6
длинного пакета выше пола из накладных	6
и список утверждений	6
и обычно его	6
сам сквозной	6
базового логита	6
объёме в котором они лягут	6
гейт фактура	6
прогон к реальному времени кусок с	6
эластичность под конкуренцией	6
язык потоков	6
теория модельный выбор	6
почти нулевой базы	6
у каждого понятия	6
курса пределы	6
зан днв	6
но в один день	6
не автором	6
репозитория здесь остался только	6
цель чтобы	6
в базовый состав	6
в кружковой	6
раскладка текст	6
заменить набором	6
отработал терять его	6
накладные час	6
на группоиде конечномерных	6
от первого складывания	6
в нейтральный элемент поэтому вся	6
мин без	6
а формулировка	6
физики джон	6
не продолжается до функтора ни	6
контекст зависима	6
у лекции	6
трёхцветный треугольник	6
называет конкретные числа	6
не доказываем и не	6
км ч ср поездка	6
движок связки модель язык длительность	6
не причёсано не улучшено	6
есть блок	6
разные предельные издержки	6
оценка занижает чувствительность к	6
целее итог	6
таргет предельный пол рынок	6
противоположной категории	6
помечены в тексте не удалены	6
прямо по определению	6
ней стоит и тайминг и	6
закрыто по	6
иллюстрации у	6
они лягут на	6
знакопеременная сумма по	6
а тождественное отображение	6
первое касание	6
ховарда ламбека утверждение	6
формуле статьи	6
вычисление где модельный	6
честно в	6
два тождества	6
сегментов подозрение	6
изоморфные диаграммы имеют	6
раздел поле	6
отработал терять его тайминги	6
ломаные ранга из	6
конец файла	6
там уже отработал терять	6
слов из них с	6
не пересчитаны	6
проверено машиной п	6
читал субагент ф целиком	6
вывела формулу	6
порядке нити объекты	6
по вердикту владельца	6
с утверждением обе половины условия поле	6
скорость мин	6
подписи модель	6
из них с пословными таймингами	6
сцен на	6
но единый	6
менее эластичны	6
итог сегментов	6
формат находка	6
гейт источник	6
подействовать и	6
уровень требует приручения не	6
км полоска короче примерно в	6
каждого понятия	6
как контр	6
хроника дз	6
анализ чувствительности какие	6
названное исключение в рамке поле	6
тариф делает тикающие деньги	6
одна лемма	6
терять его тайминги	6
пустого места	6
структуру извлечь сильные следствия	6
из связки дословно первичка ничего	6
диаграммы имеют изоморфные пределы	6
подавался его	6
а не прямо на	6
когда две категории одно	6
при слайдах	6
промпт несётся через всю запись нарезка	6
полнота категории	6
минутной базы эфф скорость пробег км	6
раскладка много текста полоса справа	6
преобразование поле оправдание	6
у у обращение стрелок	6
конец растёт	6
разрешён н	6
резать материал референс уровень строгости	6
же бумажек	6
длительность идёт	6
правок правки	6
слов прогон	6
под текстом во	6
нумерованных результатов	6
только имя	6
модель язык длительность сегментов	6
запись нарезка не	6
заземлены на открытые данные и собраны	6
была л	6
на эластичность сегмента	6
через объект	6
промпт несётся через всю	6
вариации цены	6
времени кусок	6
фаза что	6
что резать материал референс уровень строгости	6
ставка едва покрывает предельную минуту	6
не удалять	6
что функтор это	6
нас есть преобразование	6
преобразование точно	6
уже отработал терять его	6
цикл лемме	6
москвы эконом км сут	6
рангов полный	6
для рангов и	6
площадь промах	6
канвас без подписи модель	6
функции на конечном	6
луны км полоска короче	6
написан вёрстка по доктрине владельца без	6
и нужно больше ничего не	6
котором у нас	6
левое множество	6
у левой	6
незнакомой категории	6
изоморфизмы утверждение	6
на рис статьи	6
на двоичную	6
плюс теневая цена ёмкости в непик	6
категория с двумя объектами тождествами и	6
них с пословными таймингами сегментов	6
занижает чувствительность к	6
что резать материал референс	6
то есть ретракт	6
полоска короче примерно	6
ранг ранг ранг по формуле	6
движок модель язык потоков словарь промпт	6
запись без	6
причёсано таймкоды взяты	6
редко это	6
жанр и	6
с формулировка в	6
пробег утилизация ставка пол актуальны	6
главная находка	6
сут эфф	6
категорий на	6
спрос меняющийся во	6
за рангов	6
прикладывать ничего	6
расшифровка дословно первичка	6
порядок фаз	6
а утилизация	6
сделай так	6
налезают друг	6
моделей с разной	6
таймингами сегментов словарь терминов при этом	6
то изоморфизм и доказательство	6
живых деков	6
прежняя запись	6
слова для рангов и	6
последовательность из символов и символов	6
краю утёса	6
раза одноцветные склеить	6
последовательность из символов и	6
функторы и преобразования	6
расшифровка из	6
времени против	6
км сутки	6
половины условия поле	6
москвы эконом км	6
дочитано заход	6
диаграмма поле	6
и сводка правок	6
каршеринга в москве	6
незачем источник движок	6
что сюда дописывать только материал по	6
можно не произносить	6
нарушает одна	6
тождества других свойств	6
независимый ход в	6
и коуравнитель	6
в зоне не доказывается	6
нейтральный элемент поэтому вся	6
изоморфно естественно	6
ширины источник	6
ценность что	6
к тождественному морфизму	6
дайджесты источников	6
единица произведения	6
мало содержания	6
у обращение стрелок	6
понятие моно эпи ретракт корзина трюк	6
есть ретракция	6
и это решение а не	6
стоит внутри	6
запасной вариант	6
не здесь источник длительность движок	6
если есть биекция	6
ф анонс	6
прогоном по словарю	6
двойственное не	6
готовый слайд	6
цена заход	6
скорость каршеринга в москве	6
а не пересчитаны заново движок там	6
могут быть искажены сверка с	6
если нечётно противоположная	6
где вычисление где модельный выбор где	6
и у человека	6
общий путь	6
покрывает предельную минуту	6
у атьи макдональда	6
длительность движок	6
конкретный шаг	6
конкретной математической ситуации	6
не работает без	6
финал соответствие	6
ставка едва	6
баг двойного	6
половины условия поле уровень требует приручения	6
внутри рисунка только	6
живёт только	6
не знает никто	6
фаза акта	6
потом функтор	6
вносить не здесь источник	6
когда читать в спайне	6
переехало в	6
размер главная иллюстрация слайда около	6
оставить если есть примеры	6
знает редкие	6
опирается на условный блок	6
источники понятие эквивалентность корзина трюк	6
предсказание случайного процесса	6
под текстом во всю	6
не причёсано таймкоды взяты	6
они должны помещаться	6
л один	6
хейвей брюс бэнкс	6
значения реестра минутной базы	6
слайда около трети	6
главная иллюстрация слайда около трети ширины	6
множества векторные	6
всю запись	6
ранг ранг по	6
картинка мама папа и	6
это тексты слайдов лекции в	6
оценка занижает	6
к незнакомой	6
картотеки плюс	6
аксиомы выполняются по одной	6
и переименовать	6
этому месту	6
сокращено и не причёсано таймкоды	6
модель дописала титры помечены	6
не расширять	6
школьно поле вход безусловно	6
из курса не уходит ни одно	6
оба движка	6
несётся через всю запись	6
слайда около трети ширины источник	6
старт ну	6
альтернативная стоимость ёмкости	6
заход как смотрел оглавление	6
статус ценность что найдено возвращаться	6
ничего не падает с	6
центральный блок	6
лекцию можно заменить	6
честной оговоркой	6
как функторов	6
тайминги незачем	6
рамка два	6
преамбула печ с	6
в универсальное	6
пословными таймингами сегментов словарь	6
без веса	6
ф целиком стр	6
налезают друг на	6
двойственное естественно	6
через всю запись нарезка не	6
что стало с	6
определения топологического	6
впритык над полом и	6
диффи хеллман	6
поле уровень школьно поле вход	6
надо придумать	6
объект наценка скрининга	6
двух ответов	6
буквами поэтому	6
минутная ставка едва покрывает предельную	6
в конец файла	6
к поле следует из следует	6
это авторский	6
под своим номером	6
про разные	6
подозрение на галлюцинацию речи нет модель	6
в ангаре	6
на ней стоит и тайминг	6
пути дика в	6
минутная ставка едва	6
текстовая область	6
аренды мин движение	6
его тайминги незачем источник	6
одна война	6
моно вне словаря	6
у вложение	6
две категории одно и	6
захода а	6
заново на	6
шагов ни разу	6
единицу предельные	6
универсальное свойство поле оправдание	6
совпасть с числом	6
ранг назад	6
скрининг задачи на	6
курса нет	6
аксиомы выполняются по одной причине	6
минутный тариф делает	6
отработал терять	6
скорость пробег км средний таргет	6
у бизнеса	6
яндекс драйв	6
до ресёрча	6
это сделать вот	6
и за счёт этого помещать несколько	6
ответ на зачем	6
пол актуальны значения	6
базы по	6
у тебя это	6
потом имя	6
остаются как стоят	6
нужно куда	6
весь документ	6
инструмент который ты используешь очень редко	6
условия решения	6
уходит после	6
по времени над осью	6
структуру извлечь сильные	6
курса утверждение	6
изоморфные диаграммы имеют изоморфные пределы	6
этом прогоне не	6
над полом и более чем	6
есть но с	6
две категории одно и то же	6
нужна ровно затем	6
по скану	6
не подавался его	6
из документа не снято	6
точный счёт	6
ранг по формуле статьи ранг	6
корня репозитория здесь	6
не продолжаются до	6
имеют изоморфные пределы	6
неспаренных подъёмов	6
резать материал референс	6
разделительная линия	6
формула лернера	6
подробно обсуждать	6
разметка статуса	6
стрелок нет	6
устроены труднее	6
эластичность сегмента	6
концепт курса	6
низких типов вниз	6
много текста полоса справа пустая иллюстраций	6
надо изобретать	6
законна доказательство	6
к реальному времени кусок с	6
слайда около	6
несётся через всю запись нарезка не	6
назвать чем платим	6
сумма четырёх	6
элемент частный	6
от ровно одной	6
функтора ни ковариантно ни контравариантно	6
добывается из их же	6
словарь промпт несётся	6
файл сам сквозной	6
в поле оправдание	6
собственно даже	6
а не одна	6
свёртка вандермонда	6
расшифровка дословно	6
как конструкция	6
читать в спайне	6
и получить функцию на	6
был бы функтор	6
не здесь источник длительность	6
без ошибки	6
прежде чем строить	6
о функциях на	6
издержки теневая цена	6
неэластичном минутном сегменте	6
по логам	6
км ч ср	6
категория универсальное	6
не нужно всё	6
экран не	6
быть изоморфизмом	6
сегментов словарь терминов при	6
места слова	6
просто ну	6
скорость простой внутри поездки уже включает	6
гейт который	6
и уходит после й	6
со всем остальным	6
чужом разделе математики	6
то что он называет поимённо	6
если есть примеры	6
куда ранг	6
топологическая сортировка по зависимостям	6
а вот здесь	6
тарифа как	6
обычно его пропускают	6
до луны км полоска короче примерно	6
нелинейное ценообразование	6
с прогоном по	6
время максимально	6
сначала показываем что	6
у всех драконов	6
материал референс уровень	6
произносится вслух	6
шаг метод ст	6
композиция умножение матриц	6
вносить не здесь источник длительность	6
независимый ход в зоне	6
от почти нулевой	6
не да и не	6
не память	6
каждый такт	6
эластичность контекст зависима	6
описать все естественные преобразования	6
конкретные числа минутной базы пробег утилизация	6
добывается из их	6
сразу весь	6
после честного сжатия	6
у нас что	6
то что значит	6
тайминг и сводка правок правки вносить	6
бы да	6
материал фаза тела блоков	6
одному на каждое	6
не прямо на эластичность сегмента	6
поле что это тексты слайдов лекции	6
двумя такими	6
его не знает редкие	6
таймингами сегментов	6
над коспаном	6
на каждую лекцию	6
утверждение центр не	6
итог сегментов слов прогон к	6
векторные пространства и линейные отображения	6
возникает ровно	6
дальше у нас есть	6
сюжетная арка	6
способов счёта	6
шесть бросков кости	6
сводка правок правки вносить	6
слишком уверенно	6
сырая расшифровка дословно первичка ничего	6
помечены в тексте	6
правило добывается из их же	6
с единой ценой	6
не продолжаются до функтора	6
вопрос владельца	6
отрезку дважды	6
ч ср	6
взяты из связки а не пересчитаны	6
задрать цены	6
и монте	6
отдельная фабрика ядро читать перед рисованием	6
слов прогон к реальному	6
вещи про	6
восстанови результаты	6
назвать чем платим флаг закрыт	6
источников ни	6
в москве км	6
берём как известное	6
узел узел картотеки плюс	6
данные москвы числовые	6
прогон к реальному	6
не говорим не говорим о размерах	6
три тезиса	6
потом материал фаза тела блоков	6
свойство даёт единственный	6
из первого захода	6
направление минутчик менее эластичен	6
правило как	6
инъекции не продолжаются до	6
решением не	6
сегментов слов из них с	6
и на морфизмах	6
картотеке как понятие есть	6
что он называет поимённо	6
давай на примере	6
трёх шагов	6
образуют естественное преобразование	6
в канонический	6
дверь ежедневное	6
морфизмов по	6
в два цвета с середины	6
при миксе	6
баг двойного учёта в	6
следует из у у обращение стрелок	6
свойство поле оправдание	6
размер главная иллюстрация	6
ездит км сут	6
уже отработал	6
три источника	6
формулировки не	6
история файла	6
задача о голосах	6
правки владельца по акту	6
источниках нет	6
зависимости зависимости терминальный объект	6
пробег км средний таргет	6
связки модель	6
много текста полоса справа пустая	6
по главам	6
из связки а не пересчитаны	6
см км до луны	6
поле раскладка много текста полоса справа	6
различает кто	6
движок связки	6
прямому решению	6
преобразование поле оправдание оправдание	6
терминального объекта в	6
где этот документ называет конкретные	6
уровень источник	6
и нужно больше ничего	6
данные москвы числовые входы	6
дискретная непрерывность днв	6
время максимально заметными	6
ставка едва покрывает предельную	6
км средний таргет предельный пол	6
фактически использованной ёмкости	6
универсальное свойство поле оправдание оправдание нужно	6
будет читаться	6
тз а не	6
за время максимально заметными	6
канонический реестр где этот	6
морфизм терм	6
что минутный спрос	6
причёсано таймкоды взяты из связки	6
раз каждая половина	6
таких функторов	6
сортируемые перестановки	6
и полон	6
поле что это тексты слайдов	6
прочитать его структуру извлечь сильные	6
память агента	6
длительность сегментов слов из них с	6
рамке поле уровень требует	6
второй волны	6
ход в зоне не доказывается	6
не подтверждено	6
источник длительность	6
л задач п	6
такой что для любого объекта	6
знает редкие имена могут	6
же файле	6
единый ответ	6
его структуру извлечь сильные	6
бензоколонки на	6
для ответа в спайн не дублируй	6
нет естественной диагонали	6
внешние скиллы	6
не переносит	6
есть поле зона зона	6
диаграмма поле оправдание	6
примеры как несущая	6
быть искажены сверка с	6
и более чем вдвое под	6
заново движок там	6
каждом элементе	6
морфизмов по одному на	6
даёт значит	6
что его нет	6
стандартный современный свод	6
задача привести	6
только материал по	6
фигуры из клеточек	6
что это тексты слайдов	6
строго выше диагонали	6
аренды мин	6
язык длительность	6
изучаем операции	6
получаем ровно	6
она не нужна	6
это минуту	6
сокращено и не причёсано	6
дописала титры помечены в тексте не	6
при этом прогоне не подавался	6
функтора ни ковариантно ни	6
какие выводы держатся	6
зал должен	6
если будет мотивация	6
примыкает к поле следует из следует	6
сессия прочитай это	6
равенство двух способов	6
на слайд конструкции	6
не нужно то есть	6
в канонический реестр где этот	6
определять и подробно	6
значения реестра минутной базы эфф	6
проверяется руками	6
что минутный	6
почему без	6
ковбои джо и хью	6
в спайне после	6
шаг архив конвейер до	6
с сегментов подозрение на галлюцинацию	6
слайда около трети ширины источник строка	6
логика переносится	6
не вернуться	6
и то что он называет	6
файл сам сквозной таймкод целее итог	6
сцен как бы это чит тебе	6
чувствительности какие	6
сегментов подозрение на галлюцинацию речи нет	6
чёрная заливка	6
конечные множества и биекции	6
референс уровень строгости	6
словарь промпт	6
часть издержки часть	6
сегментов подозрение на галлюцинацию	6
л печ с	6
слайд заведён	6
дифференцированную по	6
терминов при	6
верно для любого функтора	6
примыкает к поле следует из	6
объекты ручки	6
материал фаза тела блоков написаны	6
каждое осевшее	6
без картинок	6
выпустить из одной	6
дописала титры	6
существует чтобы	6
источник статус ценность	6
для широкой взрослой	6
в линии рекордов	6
замечании при определении	6
убираем а	6
проекта а не	6
в композицию вдоль	6
следует из у у обращение	6
молча пользуется	6
км до луны км полоска	6
поле оправдание оправдание входит только если	6
запрещает все продолжения	6
утверждения есть	6
для канвас надзаголовок утверждение рекуррента смотрим	6
москве км ч	6
идёт и	6
эффективная скорость простой внутри поездки уже	6
платить за них	6
сырая расшифровка дословно первичка ничего не	6
на ней стоит и	6
возможного и у	6
к этому месту	6
не из памяти и	6
галлюцинацию речи нет модель дописала титры	6
характеристика эйлера	6
ни одного нового	6
надзаголовок утверждение рекуррента смотрим	6
можно оставить если есть	6
внутренний шаг метод ст	6
утилизация ставка пол актуальны	6
категория с двумя объектами тождествами	6
безусловно поле узел узел картотеки нет	6
титры помечены	6
пословными таймингами	6
не уходит ни	6
преобразование естественный	6
задача г	6
фаза акта и	6
за время максимально	6
по доктрине владельца без	6
единственный заказчик	6
ты используешь очень редко это маркированные	6
не определением	6
в этом заходе не	6
граница сдвинута охват история решений	6
у естественный изоморфизм покомпонентно	6
статьи ранг дал	6
вопросов к незнакомой	6
до внесения	6
развёртки зад	6
лемму йонеды	6
не приносится	6
между регионами	6
статус условно	6
в рядом	6
связки дословно первичка	6
единственный и	6
эфф скорость мин	6
их же бумажек	6
длинный файл сам сквозной таймкод целее	6
месте если нечётно	6
счёт этого помещать несколько	6
ламбек показал	6
диапазоне допущений	6
без карточки потеряна	6
титры помечены в тексте не удалены	6
незачем источник движок связки	6
её граф кэли	6
зависимости терминальный	6
из зала	6
для монополиста	6
термина нет	6
направление минутчик менее	6
двойственное не изоморфно	6
забыл что такое	6
минутной базы по	6
граф прочитать его структуру извлечь	6
тайминги незачем источник движок	6
условно вместе с утверждением обе	6
какие хорошие	6
оптимизация лп	6
или случайные	6
и сводка правок правки вносить не	6
кружки мцнмо	6
границе луч	6
карандаш п	6
словами что то	6
помечены в	6
шаг архив конвейер до файл описывает	6
причинный вывод	6
на дополнительный балл	6
дизайн канон	6
только полезные	6
следует из независимый ход проверка	6
км средний таргет предельный пол рынок	6
в нейтральный элемент поэтому	6
ловера шануэля	6
листок левый столбец	6
за счёт этого помещать	6
реальному времени кусок с с	6
замечании при	6
на неэластичном минутном сегменте	6
про естественность	6
как он относится	6
аргумент за то	6
том объёме в котором	6
тайминг и	6
слайда источник рисовать с	6
научпоп по графам на	6
ранг дал бы	6
на экран не	6
каждый раздел ниже	6
сколько стрелок	6
и монте карло	6
поездки а	6
разной экономикой	6
не опирается на условный	6
коммутирующий квадрат	6
над видами	6
из свободной	6
самое дорогое	6
методология петли	6
олимпиадный задачник	6
обе половины условия поле уровень требует	6
предсказание случайного	6
то что минутный	6
про биекцию	6
маржа и	6
набором вопросов	6
с куклевым	6
таймкод целее итог сегментов слов прогон	6
не улучшено на ней	6
маржи выручка	6
полей тема аудитория	6
этом прогоне не подавался	6
прямо я	6
из памяти и не	6
мы не произносим	6
тогда когда базисы	6
объект наценка	6
про них не	6
это терминальный объект	6
шок независим	6
не причёсано таймкоды взяты из	6
не налезают друг	6
короче примерно	6
слайдах и	6
как дискриминация	6
раздел ниже один	6
км до луны км	6
долина или гора	6
сумма ответ	6
не различает кто	6
держит длинный файл сам	6
много текста полоса	6
арка решение владельца	6
из независимый ход в зоне не	6
месте если нечётно противоположная	6
документ называет конкретные числа минутной базы	6
читать в спайне после	6
терминов при этом прогоне не	6
владельца без	6
чем платим флаг закрыт	6
по стратегиям	6
ход в зоне не	6
нарушает одна машина	6
пути дика длины	6
скорость переописана	6
ровно один изоморфизм с	6
заведён генератором т	6
всё что выражается коммутативной диаграммой	6
памяти и не из	6
утверждение строгий	6
что нужно куда	6
пробег утилизация ставка пол	6
достраивать в уме	6
правь источник	6
не строится	6
конвея дойла	6
цена за единицу предельные	6
язык длительность сегментов слов из них	6
а не пересчитаны заново движок	6
в тем же ходом	6
это третье	6
условия поле уровень требует приручения поле	6
как стоят	6
поэтому вся композиция	6
требуется сюжетом и	6
экспоненты по	6
издержки плюс теневая цена ёмкости	6
сегментов слов из	6
картинка которую	6
одну арку	6
утилизация ставка пол актуальны значения реестра	6
финальная приёмка	6
моноид как категория с одним объектом	6
каждому конечному множеству	6
числа минутной базы пробег утилизация ставка	6
минутный тариф делает тикающие деньги за	6
категория декартово замкнута	6
длительность мельче	6
узел картотеки плюс	6
это маркированные списки	6
на открытые данные и собраны	6
а внизу пары	6
и собраны в канонический реестр	6
сначала пример потом	6
причёсано таймкоды	6
целее итог сегментов	6
луны км полоска короче примерно в	6
тикающие деньги за время максимально	6
впритык над полом и более	6
не из памяти и не из	6
сверка с прогоном по	6
ты используешь очень редко	6
поле вход условно приз для	6
нужно писать	6
сколько тут	6
не знает редкие имена могут быть	6
то существует ровно один изоморфизм с	6
пословными таймингами сегментов словарь терминов	6
сегментов подозрение на галлюцинацию речи	6
на арку	6
на галлюцинацию речи нет модель дописала	6
км при себестоимости	6
мотивации и	6
это скрининг	6
то есть там	6
медиана аренды	6
движок там уже	6
не сокращено не причёсано не	6
кольцо к л	6
тексте не удалены	6
надо назвать чем платим флаг	6
за рангов полный	6
спрос как раз	6
вычисление теория модельный	6
из них с пословными	6
там уже отработал	6
всё что выражается коммутативной	6
карточки потеряна	6
из у у обращение стрелок	6
против факта	6
сам сквозной таймкод	6
же довод	6
другой функтор	6
источник движок	6
безубыточности с	6
реестр где этот документ называет	6
как это понять	6
хенд оффом	6
сам сквозной таймкод целее итог	6
процессный слой	6
для аналитика	6
композиции и единицы	6
не опускается ниже	6
превращают плоскую маржу	6
утверждение сопоставление не продолжается до функтора	6
взяты из связки а	6
и тайминг и	6
сюжет про	6
реестр где этот	6
физический формат	6
наивная оценка занижает чувствительность	6
множеств биекция	6
продолжается до функтора ни ковариантно ни	6
о разнице	6
предельный пол не	6
объект наценки	6
коммутативность произведения	6
не резал держит длинный	6
как в сериале	6
знаю ну	6
и то что он называет поимённо	6
средний таргет вырос	6
изоморфизмов изоморфизм	6
случайной полезности	6
до луны км полоска	6
задача частный случай	6
сначала про	6
на галлюцинацию речи нет модель	6
резал держит длинный	6
речи нет модель дописала титры помечены	6
проверяемым условием	6
из связки дословно первичка ничего не	6
формат находка суть чем наглядна источник	6
пробега утилизация	6
по требованию владельца	6
раскладка фикс костов по	6
строгий объект наценка скрининга	6
что минутный спрос как раз эластичен	6
же биекция	6
редко это маркированные	6
прямо на слайде	6
его тайминги незачем	6
поле узел узел картотеки плюс	6
тайминги незачем источник движок связки	6
заведён генератором	6
плоское дерево	6
отработал терять его тайминги незачем источник	6
лекции часть	6
фаза данные москвы числовые входы заземлены	6
памяти и не	6
у атьи	6
участники выписаны	6
правила стиля	6
задаёт естественное преобразование	6
говорим о размерах	6
это теорема кнута	6
вертикальная полоса справа	6
помечены в тексте не	6
текст заменять и за счёт	6
не равенством	6
связки а не пересчитаны заново движок	6
числа открытые задачи куда дальше	6
с двумя объектами тождествами и	6
ничего не сокращено не	6
поле зависимости зависимости терминальный объект	6
объяснять не	6
финал соответствие карри	6
в том объёме в	6
из связки а не	6
не читает вовсе когда читать	6
числа минутной базы пробег	6
москвы числовые входы	6
эквивалентность категорий отношение	6
приём линии	6
условно приз	6
не чиню	6
не запускается	6
одной строчкой	6
ты используешь очень редко это	6
в канонический реестр где этот документ	6
лекций л	6
времени кусок с с сегментов	6
не по а	6
а не приносится	6
композиция посылает	6
семейство морфизмов по	6
формат находка суть чем	6
давай на	6
спросовый шок независим между регионами	6
одним приёмом	6
остаточная эластичность под	6
резал держит	6
отображения композиция	6
традиционным прокатом	6
русски не говорят	6
двойного учёта в	6
одна средняя машина	6
увидеть граф прочитать его структуру	6
искажены сверка	6
лягут на слайд собранные лентой	6
отката до	6
листок как задача	6
спрос как	6
и не нет	6
функтора ни ковариантно	6
курса пределы вычислимого	6
таргет вырос	6
истинная стоимость длинного пакета выше	6
едва покрывает	6
из не из памяти	6
определение контравариантный	6
в два цвета с	6
обоих разделах	6
и по волнам	6
три с половиной минуты	6
объёме в котором они лягут на	6
и правится	6
получить функцию на	6
нужно да	6
сам это не	6
правки вносить	6
на ранг назад	6
картинка мама	6
км полоска короче примерно	6
конструкция а не	6
конспекта не	6
про информацию	6
условия согласования	6
ровно один морфизм с	6
знает редкие имена могут быть	6
одно тождество до	6
тикающие деньги за	6
между объектами не	6
ровно наш	6
как смотрел оглавление	6
не сокращено не	6
источник табачников там же	6
не сделан	6
не понимаю зачем	6
нужно больше ничего не	6
независим между	6
правок правки вносить не	6
независимый ход проверка	6
написан вёрстка по доктрине владельца заголовок	6
объекту сопоставляется	6
курса у	6
перевешивает падение	6
м м з з	6
реестр где	6
обычным шрифтом	6
словаря и	6
км полоска	6
тебя какие	6
нужно да нужно	6
канонический реестр где этот документ	6
сумма чётностей	6
снята по	6
и правки владельца по акту	6
лекции в том	6
поворачивает налево	6
стиль словить такой	6
фаза данные москвы числовые	6
все задачи дословно	6
медиана аренды мин движение	6
чётно буква та же что	6
надо ездить	6
обе биекции	6
с теми же объектами	6
эвристика первого	6
времени кусок с с сегментов подозрение	6
двух костюмах	6
метками и	6
род упражнение поле уровень школьно	6
моно вне	6
не говорим ни	6
сюжета итог	6
из независимый ход проверка	6
иллюстрация слайда около трети	6
с прогоном	6
какие выводы держатся на всём	6
вместе с утверждением обе	6
выражается коммутативной	6
развилка на	6
из терминального объекта в	6
правки вносить не здесь источник	6
диаграмма поле оправдание оправдание	6
это финал	6
и уходит после	6
значения реестра минутной	6
нужны те	6
имена могут быть искажены	6
не надо писать	6
изоморфные диаграммы имеют изоморфные	6
три блока	6
ранга ровно	6
как тестировать	6
на равных классов	6
квадрат должен	6
маржу надо	6
иначе полгруппы сложит	6
ну окей значит	6
зоне не доказывается	6
наивная оценка занижает	6
да ну и	6
вопрос ответ дорог	6
актуальны значения реестра минутной базы эфф	6
приходишь из	6
тема не	6
на это минуту	6
карта формат	6
ранга сгиб	6
предельные операционные издержки	6
утилизации по	6
две категории одно и то	6
данные и собраны в канонический реестр	6
базы эфф скорость пробег км	6
каждое равенство	6
гл уровень требует	6
подозрение на галлюцинацию речи	6
у него есть имя	6
хорошо ну	6
картинка та же	6
как бы что	6
значения реестра	6
держится на том что	6
мастер арка	6
нити объекты	6
лекции в том объёме в	6
явную биекцию	6
не налезают друг на друга	6
ранг ранг по формуле статьи ранг	6
не читай	6
минутный спрос как	6
ли естественное преобразование	6
длительность сегментов слов из них	6
на й и уходит после	6
формуле статьи ранг дал	6
прочитать его структуру извлечь	6
спрос даёт уровень	6
школы поле узел узел картотеки нет	6
цена адресов	6
утверждение условие	6
тариф делает тикающие деньги за время	6
функторов по	6
собраны в канонический реестр где этот	6
диаграммы имеют	6
фирменная остаточная эластичность под	6
из связки а не пересчитаны заново	6
условно вместе с утверждением обе половины	6
крупный текст	6
называет конкретные	6
утверждение сопоставление не продолжается до	6
платим флаг закрыт	6
морфизмов для которых и	6
сверять по	6
за единицу предельные издержки	6
з развёртки зад	6
блоков упражнений	6
раскладка фикс костов	6
из связки дословно первичка	6
с морфизмами и	6
ужасная формулировка	6
о разнице между	6
одно тождество до дна	6
не налезают	6
листок п п п	6
несётся через всю	6
машина вместо	6
не причёсано таймкоды	6
или гора	6
в обход рамки	6
элемент поэтому вся композиция посылает	6
канвас надзаголовок утверждение рекуррента смотрим	6
потоков словарь промпт несётся через всю	6
ширины источник строка	6
цене за	6
из памяти и не из	6
заменять и за счёт	6
не причёсано не улучшено на	6
маржа мин	6
ранга на чётных	6
давай скажем	6
реальному времени кусок с с сегментов	6
категория путей ориентированного	6
всё время под	6
фолд в	6
это можно кстати	6
единственный заказчик утверждение	6
задача частный	6
и есть смысл	6
не нужно то	6
минутный спрос как раз	6
слайдов сцены	6
реестра минутной	6
утверждение сопоставление не продолжается	6
ты используешь очень	6
нарезка не резал держит длинный файл	6
аналогом но	6
а не приносится с доски	6
видно без	6
дыра л	6
дописала титры помечены в	6
графам на русском	6
язык длительность сегментов слов из	6
не прямо	6
можно оставить если есть примеры	6
сидит впритык	6
правок правки вносить не здесь	6
что мы не хотим	6
терминов при этом	6
язык длительность сегментов	6
полом и более чем	6
какая из двух	6
коммутативная диаграмма поле оправдание оправдание	6
инструмент который ты используешь очень	6
ни один блок	6
картинка та	6
не сокращено не причёсано не улучшено	6
корпусе нет	6
открытые данные и	6
коммутативная диаграмма поле	6
улучшено на ней стоит	6
как лекция	6
же математика	6
теперь от корня репозитория здесь остался	6
искажены сверка с	6
группы функтора	6
верификатор другим	6
естественные изоморфизмы и	6
эффективная скорость каршеринга в москве	6
быть искажены сверка с прогоном	6
обычный путь дика	6
который ты используешь	6
шаг архив конвейер	6
семейство морфизмов по одному на	6
том объёме	6
помещаться на один слайд и	6
скорость простой внутри поездки	6
для канонического	6
котёл научпоп	6
расшифровка из связки дословно первичка	6
суточным капом	6
кл листка задача	6
л одна	6
п кл задача б	6
морфизм это	6
точный функтор	6
и тайминг и сводка	6
клеить углы по ходу	6
таргет рынок впритык над полом более	6
субагент ф целиком стр	6
не пересчитаны заново движок там уже	6
если у тебя есть	6
комбинаторные виды это	6
статьи ранг	6
с утверждением обе половины	6
вопрос пойа	6
дописала титры помечены в тексте	6
документ называет	6
универсальный объект как начальный объект категории	6
поле вопрос что	6
стандартный современный	6
без термина	6
и блуждание	6
без имени	6
пределов хотя формально	6
источник табачников там же с	6
планарные рисунки	6
зависимости зависимости поле	6
одному объекту	6
обе половины курса	6
каждый раздел ниже один	6
обе половины условия	6
сегменту и	6
писать с нуля	6
лягут на слайд собранные	6
печ но	6
цвет строки	6
конец полоски	6
естественности даёт	6
значит не нужно	6
растёт ровно	6
чёрные вершины	6
сокращено не причёсано не улучшено на	6
чётность произведения	6
утилизация именно	6
ничего не падает	6
не знает редкие имена	6
на весь курс	6
стоимость длинного пакета выше пола	6
при этом много	6
маржу в дифференцированную по	6
после честного	6
по формуле статьи ранг дал бы	6
элемент поэтому вся композиция	6
ответ дорог статус	6
пол актуальны значения реестра минутной	6
мало альтернатив	6
не пересчитаны заново	6
счёт этого помещать	6
скрининг задачи	6
их источники в	6
длительность сегментов слов	6
пер трип косты	6
дика мир	6
то что минутный спрос как	6
из связки дословно	6
держит длинный файл сам сквозной таймкод	6
статьи ранг дал бы	6
титры помечены в тексте не	6
как контр довод	6
минутчик не должен	6
семейство морфизмов по одному на объект	6
строгий объект наценка	6
к поле следует	6
шаг фишки	6
и подробно обсуждать математику нельзя	6
равна а найдите	6
прогон к	6
ретракт объекта	6
ёмкости с	6
дальше работает	6
слов прогон к реальному времени кусок	6
мин делимобиль	6
образом пропускается	6
эфф скорость пробег км средний таргет	6
отмеченные виды	6
у всех драконов рангов	6
половины условия	6
задача не идёт	6
акт акт	6
есть эквивалентность	6
минутный тариф делает тикающие	6
л сколько информации	6
зан днв на плоскости	6
из их же бумажек	6
когда читать в спайне после когда	6
эластичностей минутчики пакетчики	6
пакета выше пола	6
функтор статус	6
типов вниз	6
оглавлению не	6
таргет мин	6
в дз	6
пик при дефиците	6
утверждение применённое к	6
объясняет зачем	6
здесь тебе	6
стоимости ёмкости	6
за то что минутный спрос как	6
и более чем вдвое под таргетом	6
флаг ловушка	6
вот зачем	6
собранные лентой	6
актуальны значения	6
документ называет конкретные числа минутной	6
тикающие деньги за время	6
данные и собраны в	6
формуле статьи ранг дал бы	6
сколько траекторий длины	6
лежит заход как смотрел оглавление	6
материал фаза тела	6
как свободная	6
п кл листка задача	6
числа берутся	6
пик ночь	6
текстом во всю ширину слайда	6
по времени над	6
прочитана за	6
дополнительный балл	6
род упражнение поле уровень школьно поле	6
лист пополам раз	6
словарь промпт несётся через всю	6
в словаре определения и	6
слайдов лекции в том	6
они расходятся	6
тэта функции	6
не нужно мы	6
полоска и	6
трети ширины источник строка	6
или случайные коэффициенты	6
зоне нет	6
у лейнстера	6
они лягут на слайд	6
текст заменять и за счёт этого	6
минут прочитана	6
реальному времени кусок	6
произносим слово изоморфизм функторов	6
серия шмк	6
условие не исчезло	6
к каталану	6
движок модель язык потоков	6
в двух костюмах	6
потом изоморфизм	6
сквозной таймкод целее	6
поле раскладка много текста полоса	6
по одному объекту из	6
задач куда	6
продолжается до функтора ни ковариантно	6
новая тема	6
тайминг и сводка правок	6
промпт несётся через	6
в один экран	6
биекция не	6
двух способов счёта	6
категории вопрос	6
сам сквозной таймкод целее итог сегментов	6
словарь терминов при этом	6
не здесь источник	6
с половиной минуты	6
слайдов кандидат что резать материал	6
половины под	6
морфизмы отображения композиция	6
туда же куда ранг	6
гейта не	6
и тайминг и сводка правок	6
арифметика объектов	6
дописала титры помечены	6
сегментов слов из них с пословными	6
зависимости поле оправдание оправдание	6
его не знает редкие имена	6
кл задача б	6
на слайд собранные лентой	6
не сокращено и не причёсано	6
знает редкие имена	6
числа бывают	6
нулевой базы	6
функтор поле оправдание оправдание	6
без сопряжений	6
независимыми источниками	6
по равняется	6
этот документ называет конкретные	6
раскладка много текста полоса	6
обе половины условия поле уровень	6
учебниковый каркас	6
ездит км	6
не вкус	6
мерить по сегменту	6
слайдов кандидат что	6
проверено грепом по	6
читается первой	6
в делимости	6
лестница а	6
мосты в мир	6
и вот эта	6
упражнение поле уровень школьно поле	6
пропала значит	6
шеннон л тело	6
записаны они	6
язык длительность сегментов слов	6
называем если	6
арка ресёрч	6
из общей точки	6
не будет читать	6
слайда источник рисовать с нуля	6
функтора с	6
карточку названную	6
множества и биекции	6
рисунка только	6
люди сами	6
полоска короче	6
редкие имена	6
лист пополам	6
фаза акта и правки	6
биективен на	6
нет выделенного	6
анализ чувствительности какие выводы держатся	6
утверждение обратный	6
движок связки модель язык	6
утверждение естественные преобразования	6
всех драконов рангов	6
фундаментальная группа функтор	6
люди места	6
фаза данные москвы числовые входы	6
тоньше на эластичном пакетном	6
два цвета с середины	6
условия поле уровень требует приручения	6
сменена на	6
для категорий	6
объединяющее прикладное	6
исключение в рамке поле	6
спросовый шок	6
сокращено и	6
конкретные числа минутной	6
часть скидки	6
самый главный инструмент который ты	6
по графам на	6
зан днв на	6
файлы не читает вовсе когда читать	6
то есть я бы	6
правило а	6
минутной базы пробег утилизация ставка	6
здесь остался только	6
клеить углы	6
авиа бизнес	6
людям надо ездить	6
и на л	6
как бы ты	6
слайд собранные лентой	6
сложить ранг	6
числовые входы заземлены на открытые	6
на всей категории	6
папиросной бумаги	6
с разной экономикой	6
практическое следствие	6
перевешивает падение пробега	6
разных категориях	6
у пути	6
хорошо дальше	6
связки модель язык	6
вход от	6
нет модель дописала титры помечены в	6
правит код модели	6
ответ ни	6
на самом деле вот	6
смотрит туда же куда ранг	6
должны помещаться на один	6
на много частиц	6
лекций финально	6
это честный	6
превращают плоскую	6
на слайд собранные	6
читал субагент ф	6
защищаемо но	6
должен быть максимально	6
через всю запись нарезка	6
сквозной мотив	6
биекция множеств задаёт	6
ты используешь	6
них с пословными таймингами сегментов словарь	6
шок независим между регионами	6
канонический результат	6
ссылкой на единственность	6
этом прогоне не подавался его	6
углы по ходу	6
теорема записанная буквами	6
здесь источник длительность движок модель язык	6
точка восстановления	6
панель честности	6
иначе полгруппы сложит не	6
пакет фикс	6
же список	6
спрос даёт	6
не новый материал	6
одной фразой без	6
материал референс уровень строгости	6
определение утверждение доказательство	6
половиной минуты	6
иначе полгруппы	6
каждое открытие	6
эконометрическая точность	6
в сессии	6
короче примерно в раз	6
файл сам сквозной таймкод	6
стиль словить	6
значения реестра минутной базы эфф скорость	6
вопрос лекции	6
это ответ на	6
в со звёздочкой	6
естественная конструкция	6
цена за единицу предельные издержки	6
слово изоморфизм функторов	6
слов прогон к	6
маклейн гл	6
тождество фибоначчи	6
коммутативная диаграмма поле оправдание	6
подавался его не	6
продолжения сразу	6
диаграмма как функтор из категории	6
множеству сопоставляет	6
новый генератор	6
инъекции не продолжаются до функтора	6
у обращение	6
в час пик при дефиците	6
и названное исключение в	6
доктрине владельца без заголовка	6
почему фокус	6
биекции с элементами	6
задача номер	6
врезка глубины	6
владельцем см	6
прикладывать ничего не нужно	6
не читаны	6
запись нарезка	6
моделей с разной экономикой	6
категория путей ориентированного графа	6
зависимость от выбора	6
объёме в котором они	6
оправдание оправдание требуется сюжетом и	6
сквозной таймкод целее итог	6
это не изоморфизм	6
с пословными таймингами сегментов словарь	6
л проверено	6
к с задача	6
сверка с прогоном по словарю	6
сюда дописывать только материал по	6
в котором они лягут на слайд	6
картинка мама папа и сын	6
аудитория дверь ежедневное	6
вовсе формулировка	6
диаграммой с	6
печ с формулировка	6
о кирпичах	6
чистую вариацию	6
пол актуальны значения реестра	6
уборка поддержка	6
до функтора ни ковариантно ни контравариантно	6
редкие имена могут быть	6
аренды мин движение мин	6
я забыл что такое	6
слайдов кандидат что резать	6
за единицу предельные	6
половины курса	6
для иллюстраций	6
и тайминг	6
категория категория состоит из	6
выводы держатся на всём	6
мин основной	6
конечному множеству множество	6
прямому указанию владельца	6
лернер по сегменту и	6
источники квант	6
снижение дисперсии	6
и обычно его пропускают	6
мост раскраска	6
плохо в тексте	6
речи нет модель дописала титры	6
листок п п	6
ставка пол актуальны значения	6
нельзя ценить	6
акт функтор сохраняет	6
перебор всех слов рангов	6
главная иллюстрация слайда около	6
сумма четырёх квадратов	6
пересчитаны заново движок	6
приходит на й и уходит после	6
независим между регионами	6
ранг по	6
в картотеке как понятие есть	6
уже в библиотеке	6
каршеринга москва	6
слайд огромный	6
к реальному времени кусок	6
документ называет конкретные	6
у ранга	6
не выписывается	6
тексты слайдов лекции в том объёме	6
без ходовая	6
в листок левый	6
заново движок там уже	6
фирменная остаточная эластичность под конкуренцией	6
выводы держатся на	6
по оглавлению не	6
курс по теории типов	6
не посередине с запасом	6
з свода	6
направление дифференцировать	6
утверждением обе половины условия	6
что реальная скидка	6
и они должны помещаться	6
лучшее из л	6
см блок	6
правило лернера	6
двухэтапное стохастическое	6
числовой пример	6
категории с начальным объектом	6
всю запись нарезка не	6
для широкой взрослой аудитории	6
чётно буква та	6
не да и не нет	6
вторая часть курса	6
не молчаливая	6
стало с	6
граф прочитать	6
примыкает к поле следует	6
числа открытые задачи куда дальше закрывает	6
не выдавать	6
прикладывать ничего не	6
не несущая	6
в канонический реестр	6
инструмент который ты	6
сырая расшифровка дословно первичка	6
носителя на	6
счёт этого помещать несколько слайдов считать	6
улучшено на ней стоит и тайминг	6
произносится голосом	6
раздел пункт	6
около трети ширины	6
длинного пакета выше пола из	6
называет и	6
на каждое открытие	6
математику нельзя	6
бизнес досуг в авиации	6
мотивирует нет	6
едва покрывает предельную минуту	6
корня репозитория здесь остался	6
переводит объект	6
и шрифты	6
вопрос ответ дорог статус	6
модель язык потоков	6
потом материал фаза тела	6
определение конус	6
терминов при этом прогоне	6
утверждение рекуррента смотрим	6
подавался его не знает	6
чувствительности какие выводы держатся на	6
статический пол и	6
буква та же что на месте	6
рангов полный оборот	6
слово изоморфизм функторов пока	6
найдено возвращаться	6
йонеды определение	6
и маклейна	6
числа минутной базы	6
средняя цель	6
охват пределы	6
чистое объяснение	6
курса как	6
бизнес досуг в	6
научпоп по графам на русском	6
вот смотри	5
дают изоморфные	5
предпорядки и	5
преобразование между функторами	5
вопрос что значит	5
перестройка акта по разбору владельца	5
без этого пара живёт	5
я как бы	5
множество функтор	5
не гоняйся за фантомом	5
что объекту сопоставляется	5
в лекции просто	5
пару то для любого функтора	5
почему сложить раз сложить раз а	5
без функторов	5
ход которым	5
раз сложить	5
мы это просто	5
у тебя четыре	5
с единственным объектом	5
голову выше	5
контроль запрет	5
знакочередующиеся перестановки	5
третьем слайде	5
вообще непонятно	5
дракона выпустить из одной точки каждый	5
что докрутить	5
квадратичные показатели	5
изоморфизма и это	5
не задача а	5
терминология по	5
гл отсечены по	5
на открытых данных	5
грепом по источнику	5
симметрия языка	5
спрятанное в замечании	5
зачем залу	5
фиксированная ёмкость высокие фикс	5
разных ломаных	5
что то что словами объяснять	5
см идеал кассовая лента м	5
против часовой вокруг белых	5
хочешь чтобы	5
одной причине не	5
лекция как	5
а удвоить каждое	5
кассовая лента м	5
чужого вопроса	5
функтор доказательство обе	5
аксиоматизация категории	5
дальше складываются совершенно	5
в одну и ту же сторону	5
игра пенни	5
транзитивным отношением считается категорией объекты элементы	5
у нас все работает но	5
прямо говорит	5
без функтора	5
уровень стр	5
категория потом функтор	5
с печ с	5
дома уезжают из	5
по образцу слайс категории	5
которые можно жирным	5
указатель а не	5
границы на примере не	5
формулируем задачи у нас	5
с оговоркой об общем	5
топологические пространства заявлены	5
ломаная вдвое длиннее	5
утверждение изоморфизма	5
почему хуже	5
средней проверено для всех	5
можно жирным	5
окружность не является	5
прочитай это войди в	5
одно лицо под восемью масками	5
утверждение спрятанное в замечании	5
на примере не	5
дика числа каталана	5
подблоки жирным	5
из за этого продолбаю	5
и именно там	5
и брауэр был	5
живой не	5
контравариантность не выпячиваем	5
повороте конец растёт ровно	5
спрашивать есть	5
владельца что	5
ставить близко к	5
что словами объяснять	5
явно как	5
второй движок	5
теории категории	5
подействовать и потом перевести	5
оказываются одной	5
не он	5
признанные и пока не	5
задать нельзя	5
поле надиктовка второй	5
материал референс уровень строгости формат события	5
цезарь биткоин	5
моя рабочая	5
источник мцнмо кл з	5
документ и	5
слово естественный	5
на мини	5
получилась и	5
фиксированная ёмкость высокие фикс косты	5
тождество через тривиальную	5
с владельцем до внесения	5
гейта в	5
курсе и	5
блока из а	5
и у машины	5
двигаешь удаляешь	5
путаницы нет	5
диска ретракция бы	5
количество текста который мы вообще не	5
слайде что я	5
двигаешь удаляешь сжимаешь	5
с этого надо	5
и дальше складываются совершенно одинаково значит	5
изоморфизм отделён	5
и обычно его пропускают луч упирается	5
мин опорный	5
наша л	5
оказались одной	5
нет критерий	5
вторая вещь	5
количества сцен как бы	5
функторы идут	5
карта не машинерия	5
двойственность функтор	5
одним способом не продолжается до функтора	5
ось легенда весь	5
сотри его останется	5
класса объектов множества морфизмов между	5
той же рекурренте	5
впервые попадает	5
ну давай я	5
двойственном матрица	5
а отражаются	5
нет книга	5
б с д е ф	5
каждую сложить	5
указателем на	5
пытаешься объяснить	5
функторы как	5
современная драма	5
картинка хорошая она полностью объясняет	5
бы не получилась и брауэр	5
но в документ курса не вошло	5
покрыты ровно	5
группа функтор из	5
правки признанные и	5
быть больше места будет больше	5
что значит слово	5
на слайде не появляется ни	5
правило ни одним способом	5
гомотопия можно не произносить	5
правки признанные и пока	5
парковка путь	5
вкладки а	5
и ни один не лучше другого	5
трёх каналов	5
если чётно буква та же	5
на живом примере	5
и оно же	5
деплой конвенции	5
место где зал	5
вид по определению есть	5
других категориях	5
в шаговой	5
точности ориентированный граф	5
подробно объяснять	5
пути меняется на	5
конце файла	5
полоски не короче см идеал	5
тогда то есть обе	5
на слайд собранные лентой каждый раздел	5
васиного квадрата	5
границы возможного и у машины и	5
который зал знает	5
весь экран	5
на друга и дальше складываются	5
зал видит что инструмент	5
печ с с	5
ничего не выброшено	5
структур вдоль	5
его вывод	5
в канал	5
а не входил	5
и тождества существуют и единственны	5
с доказательством не гоняйся	5
а размерности	5
пропускают луч упирается в саму верно	5
повороте конец растёт ровно в	5
на окружность существует всегда	5
и путаницы нет	5
морфизм по полноте	5
ломается исключённое третье	5
через одно пополам	5
этого надо начать	5
друг относительно друга на	5
приоритет если	5
слайдов но	5
в собственный предел	5
явный список	5
сечение а ретракт	5
отображения объектов отображений морфизмов для	5
и зал вправе спросить а	5
стр локально	5
сечение а ретракт объекта	5
тип сменён	5
единственны по транзитивности и рефлексивности	5
неотрицательных путей	5
ли у нас	5
отображения объектов	5
ранга согласованное	5
решение а не дыра	5
при повороте конец	5
листки л	5
друга и дальше	5
запаковать его в	5
что ты имеешь в виду	5
текста на экране	5
по признаку владельца утверждение	5
объект одна	5
надо все комментарии	5
бы не получилась	5
ни одним способом не продолжается до	5
у коммутативность	5
отображений морфизмов для	5
темы тема	5
битых ссылок имена чисты	5
это правильный вопрос	5
дракона из	5
дёшев ядро	5
про сколько слоёв	5
поместить на один	5
документацию не	5
вставка шенстеда	5
типографику подбирает солвер математика	5
сюжет л	5
проверено для всех	5
делаем для него материалы	5
элемента опять у тебя слишком большая	5
она рисуется	5
пугает а считается	5
одна теневая цена ёмкости	5
у каждой способности	5
это одна мысль	5
внедрение ось легенда весь	5
зависимостей размерность после базиса координаты введены	5
курс были	5
знание битом	5
парадокс задачка	5
сейчас из за	5
объяснять не надо на слайде	5
то что виды живут на	5
см идеал кассовая	5
выглядит провал	5
морфизмы которые	5
слайд собранные лентой каждый раздел ниже	5
слайдов можно	5
первый запрет	5
самый недооценённый	5
у мостеллера	5
иначе во всю	5
владелец решения и курация	5
стрелки гомоморфизмы без этого пара	5
и идём	5
схема диаграмма график слайды и	5
мы сейчас точка	5
лекция прочитана	5
читать первым когда работаешь	5
категории при	5
печ с даёт	5
числа каталана как	5
разделителя слайд	5
вот эти пункты	5
не даром нужно чтобы луч	5
полоску сначала один раз половины	5
одну все	5
изоморфны ли функторы	5
печ за словарём	5
у тебя слишком большая	5
изоморфизмы сохраняются всегда а отражаются	5
лестница пакетов	5
определение коммутативная	5
очков оказалась	5
для медиа	5
изображением схема	5
что виды живут на	5
у тебя четыре элемента опять	5
тема сферический	5
проверено у всех драконов рангов	5
до гейта	5
для каждой транспозиции	5
геом з	5
группоид конечномерных	5
и есть сложение	5
шаг шаг шаг шаг	5
его пропускают луч упирается в саму	5
смещение печ сверено	5
кругом поллака	5
войди в активную арку	5
не гоняйся за	5
прямо здесь должно	5
на окружность существует	5
принято и	5
не требуется ничего этим	5
тот же ход что в	5
дальше складываются	5
ситуация дом работаешь с	5
складывания он же	5
есть сюжет	5
что у тебя четыре	5
линейная операция	5
с весом по площади	5
пишем какую то	5
несущая конструкция а не	5
арка блока	5
подписи на рисунках	5
не приклеить копию а удвоить	5
очень важная её	5
пик многогранники	5
длина звена	5
можно жирным выделять мы не пишем	5
которые весь курс были	5
нет категория	5
констр называем	5
и нужно это	5
ранг из	5
не формулируем задачи у нас	5
не подстановка	5
интересы калибровка по темам как делаем	5
автор тянет	5
раз половины легли друг на друга	5
этой папке	5
группы посылает	5
глазами по	5
шень з печ с вне	5
читается как нарастание всегда	5
слов с орлами	5
что ты имеешь	5
средней проверено для	5
не спрятать	5
не существует поле	5
обыденное понятие	5
меняется ломаная вдвое	5
размерность после базиса координаты введены	5
хаб скобочные	5
вид слайды	5
этим ходом	5
копределы и	5
ни одной находки без	5
тождество якоби о тройном	5
листок как задача не	5
весь курс были	5
цитаты сноски	5
давать как обсуждение не	5
шесть строк	5
шахматисты и музыканты	5
высоцкий кружок по теории	5
композиции тождественны	5
где мы сейчас точка	5
вот и тут	5
предлагаешь дождись	5
определений на	5
на голову выше	5
раза одноцветные склеить попарно четыре	5
ложную мораль надо было сузить класс	5
решается одним	5
изящная раскраска	5
порядок зависимостей размерность после	5
по обмоткам с весом	5
контроль запрет не запрещает лишнего	5
а не равенством	5
смысле не то	5
единственно правило совпало на всех	5
эквивалентность обратный	5
про хорошую	5
в каждой сессии	5
подстановка порождающего объекта	5
одно лицо под	5
курс курс	5
темам как делаем	5
и пусто иначе	5
чётностей а	5
слайде что я сам объясню	5
работает в песочнице	5
лемма как	5
сцены приходит	5
хорошо что ты это	5
у машины и у	5
у композиция	5
растёт ровно в за	5
пер трип корзина	5
ломаная вдвое	5
на каждом элементе оба элемента	5
дополнительное свёрнуто	5
инструмент тривиален	5
и произносится	5
должен быть какой то	5
сумма чётностей а	5
деки не	5
вернулись на место значит	5
стр гл	5
формат объяснения	5
заземлён на	5
место на слайде	5
сброшены в	5
уровень строгости формат	5
четырёх пар три проверяются	5
сложить раз сложить раз	5
ум на бумаге	5
же слово задом наперёд с заменой	5
никто текст не	5
были про сколько слоёв	5
команда выше	5
меняется пока	5
определение утверждение доказательство источник	5
дальше работают	5
до дна это жуткость	5
обратно возвращающая	5
ты пытаешься объяснить	5
про треугольник	5
сложить раз сложить	5
класса изоморфных	5
выделять мы не пишем	5
и пусто иначе композиция	5
у брауэра	5
информация криптография случайность	5
с й сцены	5
одно лицо под восемью масками задачи	5
состав не	5
документ вид слайды	5
тождества о	5
категория корзина уровень зал берёт	5
способ вырастить ранг не приклеить	5
этого пара живёт в	5
через пару то	5
уже написано на полоске	5
ну во	5
график слайды и тексты	5
точечные кодовые файловые	5
внизу здесь	5
эквивалентность переносит	5
как проектное	5
листок з гл уровень требует приручения	5
ценообразования каршеринга	5
при конечномерном это изоморфизм	5
из одной точки каждый	5
не скачаны	5
бензоколонки на кольцевой дороге	5
красное ниже	5
из слайда	5
сквозная нить	5
выделять мы не пишем какую	5
между парой объектов и	5
полноте для некоторого	5
если на макете	5
сумма по обмоткам с весом	5
одной точки каждый повернув	5
заново по	5
той длины	5
которого у нас	5
пусть правило задано только на объектах	5
и таковы что тогда ретракция сечение	5
живёт в инварианте	5
потом какая то	5
больше будет дышать	5
путь дика путь	5
показывает почему это	5
опять у тебя	5
и таковы что тогда ретракция	5
не формулируем задачи	5
ложна скажи с доказательством не гоняйся	5
в точности ориентированный граф	5
говорим что в	5
слайде давай мы	5
два цвета произведения	5
это провал	5
границы на примере	5
одной причине не надо это	5
друга и дальше складываются совершенно	5
у тебя слишком большая симметрия	5
потом называем	5
файле заходе	5
спрятанное в замечании при определении	5
множество с рефлексивным	5
та же теневая цена ёмкости	5
арку закрытой	5
тип сменён на	5
его отдельным	5
как обсуждение	5
не выдавать за	5
на объектах и на	5
перестройка акта по разбору владельца подблоки	5
л да	5
нужно доказательство	5
это не считается	5
по темам как делаем	5
без комментариев что	5
сама лента	5
язык что то запрещает	5
то что виды живут на биекциях	5
курса целиком	5
референс уровень строгости формат события	5
по на каждый	5
единственность обратного	5
сутки при	5
одно лицо под восемью	5
утверждение доказательство источник	5
путь впервые	5
хороших слов с	5
панорама мин	5
скелет несёт	5
упражнение это	5
обычно его пропускают луч упирается в	5
перенесена в замену	5
а факт	5
плата за км в пакетах	5
подействовать то же что	5
как задача не идёт	5
хотите почитайте самостоятельно	5
очень точно ложится на	5
одной находки	5
повороте конец растёт ровно в за	5
под ответом	5
для любого функтора объект ретракт	5
упирается в саму верно	5
полностью объясняет	5
общий слой	5
явно иначе полгруппы	5
формулировки владельца	5
чекпоинт фазы	5
функция ценности беллмана	5
не тот же	5
арка блока из	5
есть дорога обратно возвращающая	5
на двойственном матрица	5
проговорить явно иначе полгруппы сложит	5
это задача мини л на	5
источники понятие моно	5
привести пример двух неэквивалентных категорий	5
перенесена в замену базиса	5
ворота лекции	5
я сам объясню	5
в л не	5
а где граница ещё	5
функтор один	5
зоне это	5
это жуткая	5
то что словами объяснять	5
текста который мы вообще не	5
соседними сгибами	5
и чего нет	5
словами объяснять	5
да нет двоичная запись	5
друга и дальше складываются	5
складывание не создаёт повторов	5
править файлы	5
текста который мы	5
гейте та	5
композиция покомпонентная	5
жирным выделять мы	5
не гипотеза	5
что часть конструкции	5
из шапки	5
с д е ф	5
точки каждый повернув	5
второй способ вырастить ранг не	5
владельца подблоки жирным	5
обход в глубину	5
определение функтор для	5
признаку владельца утверждение	5
комбинаторный вид по определению	5
половины легли друг на друга и	5
в кольцо и	5
залитый узел	5
словами что то что словами	5
утверждение спрятанное в замечании при определении	5
тексты отдельная фабрика ядро читать	5
есть сумма чётностей а	5
понять о чём	5
непрерывное имеет неподвижную	5
скажу хорошо	5
каждый сюжет	5
берутся не с	5
задача тип	5
стоп я закончил	5
полностью через	5
и веди	5
в гейте по формулировке	5
и дальше складываются совершенно одинаково	5
стороны формат	5
напоминание из	5
на разбор	5
диска ретракция бы не	5
складываются совершенно одинаково	5
и вышло плохо	5
идеал кассовая	5
пример как раз	5
и гейты	5
слово уже написано	5
про сопряжённые	5
пометить арку закрытой	5
отражение цикл лемма	5
тема сферический избыток	5
совпадает со словом	5
то куда	5
список из одного	5
фундаментальная группа функтор из	5
предлагаешь дождись слова	5
в его матрицу	5
давать как обсуждение	5
наценка на издержки	5
одно продолжение и зал вправе	5
отображение диска на окружность существует всегда	5
объяснить словами что то что	5
приходит с й	5
гомотопия можно не	5
в бот	5
часовой вокруг белых клеток	5
группы функтора нет	5
лернер по сегменту эвристика	5
не ломать	5
с явными числами	5
лицо под	5
кноп взвешивания и алгоритмы	5
тремя независимыми источниками	5
функтор работает	5
конструкция это	5
доказательство обе аксиомы	5
мостеллер пятьдесят занимательных вероятностных	5
слово гомотопия	5
оговоркой об общем	5
шаг разлиновки	5
мост во второй	5
источник ошибки	5
та же теневая	5
прямые ссылки	5
а формула полной вероятности	5
своему скелету	5
выполняются по одной причине не надо	5
одно понятие одно обозначение	5
ли арка	5
в саму верно	5
множеств поле	5
снята с	5
копию а	5
три столбика	5
двойки которые весь курс были	5
пер трип издержки подача уборка поддержка	5
гомоморфизмы без этого	5
чтобы луч уходил из диска а	5
со скаляром	5
категория корзина уровень зал берёт адрес	5
неотриц конец в	5
из отображения объектов отображений морфизмов для	5
нужно обозначить	5
без двух соседних	5
не спрашивает	5
в части из	5
у нас все работает но это	5
зал вправе	5
когда функтора не существует	5
как сопряжённые	5
естественности обратимую стрелку объекта в себя	5
владелец поправил	5
не заказывали	5
конечномерно мало	5
если чётно буква та	5
словарь вопросов к незнакомой категории	5
формулируем задачи у нас в лекции	5
как делаем для него материалы	5
и зал вправе спросить а другое	5
в книге нет	5
шириной не меньше	5
имеешь в	5
продолбаю лекцию	5
кажется она	5
естественности обратимую стрелку объекта	5
с инъекциями	5
у морфизм из терминального	5
явно иначе полгруппы сложит не то	5
никто текст не будет	5
ходовой доли	5
текст никто	5
приходит с й сцены	5
в картотеку	5
это я сам скажу хорошо	5
по одному объекту из каждого класса	5
перегибать в	5
есть дорога	5
меняется ломаная	5
огромное количество текста который мы	5
р гейт	5
ниже за	5
что это функтор	5
трип корзина	5
но вот это	5
м пн	5
интересы калибровка по темам как	5
схема диаграмма график слайды	5
сложить раз а потом	5
функтор состоит из	5
в конце лекции	5
пусть ретракт	5
слово со своей вчерашней бумажки	5
понятий нет	5
диска ретракция бы не получилась и	5
что инструмент тривиален	5
издержки подача уборка поддержка	5
элементе оба элемента	5
сумма выпавших очков оказалась равна	5
обе про	5
арку по	5
определение маржи выручка наценка	5
отражение в линии рекордов	5
она у тебя	5
на слайде не было	5
переносит произведения и замкнутость	5
мотивации зачем	5
тождество якоби о	5
битых ссылок имена	5
которые можно жирным выделять	5
чебышёва второго	5
не видно что	5
для автора	5
курса введение в теорию	5
меняется ломаная вдвое длиннее	5
построчно что	5
драма и	5
пер дековый	5
на друга и дальше	5
центр не продолжается	5
список потерь	5
упёрся в предел	5
пиши как в книжке	5
написано на полоске	5
не делает арка	5
сопоставляет множеству	5
чек минутной ставки	5
я сейчас из за этого	5
и он прав	5
ответом на категорный	5
обратим по полноте для	5
ровно про	5
оба элемента вернулись на	5
их надо сказать	5
на ёлку а	5
деревьями кэли	5
луч упирается в саму верно	5
стабильное кто ученик	5
подстановка порождающего	5
гейт источник закрыт	5
из амортизации	5
у райгородского	5
шапке листка	5
границы возможного и	5
морфизмов между парой	5
всегда ползёт по	5
не получилась и брауэр	5
у естественность по	5
красивые объекты	5
введены на двойственном матрица	5
перед сборкой	5
утверждение спрятанное в	5
владельцу что понял	5
средней проверено для всех слов	5
три места где	5
слово уже написано на	5
складываются совершенно	5
проверено перебором всех слов рангов	5
поле порядок	5
подблоки жирным зачином правило разделителя слайд	5
тут понятно что	5
кругов правок	5
удаляешь сжимаешь	5
чтобы было понятно где	5
содержание утверждения	5
канон закрыто у маклейна	5
ровно один доминирующий	5
новые геометрии	5
и рыночной практикой	5
у нас действительно есть	5
задачи у нас в	5
слово гомотопия можно	5
л информация л	5
у правой	5
да нет не знаю	5
не короче см идеал	5
а удвоить каждое звено	5
же что на месте если	5
брауэр был бы неверен	5
матрица перенесена в замену базиса	5
машины и у	5
гибрид источник линчпин	5
класса объектов множества морфизмов между парой	5
не переделывать	5
размер полоса около четверти ширины слайда	5
класс утверждение спрятанное	5
таргет маржа мин	5
можешь поместить	5
как обсуждение не как докажите	5
работаешь с изображением схема диаграмма	5
карточный граф котлы	5
и сильная	5
согласованные наборы	5
мостеллер пятьдесят занимательных	5
на решки	5
декартова замкнутость задаётся	5
набор тем	5
совместная оптимизация цены	5
внутри файла	5
мотивация перед	5
открытыми данными	5
введены на двойственном матрица перенесена в	5
четыре главные ломаные ранга	5
факта на	5
строится а	5
в школьных задачах	5
отражение цикл	5
пример потом изоморфизм потом	5
проверено для всех слов	5
этим ретракт	5
и переносится	5
мы не формулируем задачи у	5
которого у нас нет	5
ли тема	5
по четвергам	5
читал не читан целиком есть	5
потом общее	5
по развилке	5
в разные объекты не изоморфны	5
но вход	5
потому что иначе это	5
разделение репозиториев	5
сцены на	5
находка связи уровень	5
график слайды и тексты отдельная	5
приклеить копию а удвоить	5
адрес к	5
не делает арка границы на	5
хорошая она	5
новых доков	5
инъективен на каждом	5
как рабочий инструмент	5
изоморфизмом не	5
видит что инструмент тривиален	5
объект ретракт через пару	5
двойки которые весь курс были про	5
числа каталана как интеграл	5
отражение не	5
я закончил	5
тебя слишком большая симметрия	5
двумя старыми	5
композицию на каждом элементе оба	5
ты понимаешь	5
скажи владельцу что понял и	5
ты выбрал	5
курс были про	5
то комментарии ко мне	5
будут написаны	5
отвечает ровно на	5
что понял и	5
единое окно	5
линейные порядки циклические порядки	5
ретракт через пару доказательство	5
обсуждение не как	5
математические рифмы	5
изображением схема диаграмма график	5
сохраняет тождества	5
я просто не вывезу	5
эпистемика вычисление теория	5
кривая ранга	5
отображение диска в себя	5
длина звена не	5
радикально правки	5
путей дика по числу	5
сохраняет тождества других свойств	5
по сегменту эвристика	5
кассовая лента	5
ну на этом	5
от ровно одной буквой	5
какую то приставку	5
интересы калибровка по темам	5
результаты которые позволяют	5
видно где вычисление	5
своей вчерашней бумажки	5
пусть функтор существует	5
прямому требованию владельца	5
и со звёздочкой	5
это очень сложно	5
восьмого слайда	5
зал видит что	5
час у	5
легли друг на друга	5
жуткая заголовок	5
что естественные	5
читан целиком есть	5
владельцем тз	5
легко задать нельзя	5
обе стрелки гомоморфизмы	5
есть или нет	5
не читан целиком есть	5
часть слайды	5
то ты	5
не грепом по	5
не нравится что у	5
как придумали	5
что изоморфизма	5
в заполнить состав	5
колмогоров винер	5
даром нужно чтобы луч уходил	5
шапка где мы сейчас точка восстановления	5
произведения категорий абзац	5
из соображений связанных с их	5
которые весь курс	5
границы возможного и у машины	5
продолжение дало бы	5
с и поле	5
не переписывают	5
в лимит	5
целиком это	5
композиция и тождества существуют	5
объектов множества морфизмов	5
а удвоить	5
придумать как запаковать его	5
средней проверено	5
площадь ровно	5
есть сумма чётностей а сложение	5
везде ровно	5
не конспект	5
новая сторона	5
гомоморфизмы без этого пара	5
читает слово со	5
у вопроса	5
оптимизация цены	5
надо про	5
всегда а отражаются только строгими	5
не решаю	5
пусто иначе композиция и тождества	5
естественный изоморфизм поле	5
остальные лекции	5
вот эти пункты везде	5
не зависящий от выбора	5
сюръективен на	5
пометить арку	5
и связи курса	5
диска на окружность существует всегда	5
на друга и дальше складываются совершенно	5
нас все работает	5
и у машины и у человека	5
единицу сейчас	5
сюжет а	5
есть дорога обратно	5
обе дороги на	5
число оборотов целое и	5
ретракт слабее	5
где напечатано лента	5
мост во второй курс	5
у сюжета	5
письмо куклева	5
образцу слайс	5
как измеримый	5
живого визуала	5
не выписана	5
которые зал уже	5
школьно утверждение задача	5
четыре копии	5
такие вещи не	5
с экспоненты	5
как препятствие	5
интерактивность высокая	5
не пишем какую то приставку	5
есть гауссов бином	5
на выпавшей грани	5
пугает а считается в	5
первая ось	5
три проверяются даром потому что	5
то есть обе стрелки сохраняют	5
части до	5
трёх колонок	5
но разворот	5
по моему не той	5
это войди	5
владельца я	5
и обе половины	5
средние издержки	5
функтор сохраняет тождества других свойств	5
темам как	5
свой собственный гостинец	5
нельзя в источниках прямым	5
гипотеза о якобиане	5
глазами а	5
книжке бурбаки	5
если совпадений	5
раздела нет	5
легли друг	5
задачи статьи	5
правило задано только на	5
давай так	5
сверен по	5
никакого скаляра	5
саму верно не даром нужно чтобы	5
что у тебя четыре элемента опять	5
бывают вопросы	5
размерность после базиса координаты	5
словаря это	5
материал референс уровень строгости формат	5
с изображением схема	5
топос в	5
естественного изоморфизма не существует	5
это очевидное утверждение	5
а не одно	5
как нарастание	5
верификатор другим проходом	5
мы не формулируем задачи у нас	5
раз сложить раз а потом ещё	5
часть издержки часть стратегия	5
условию шмалензее	5
как бы был	5
которые можно жирным выделять мы	5
через парковки	5
верно не даром нужно	5
висеть на все четыре	5
цель владельца	5
но не изоморфные	5
анимацией без	5
ну только	5
читан целиком есть назначение	5
на каждом звене как	5
красных пунктов	5
амортизация межарендных	5
звене как	5
четверти ширины слайда	5
стрелки хода	5
переписывать с	5
он же средняя вершина	5
да нет двоичная	5
обратимую стрелку объекта в	5
понятие категория корзина уровень зал	5
объектов множества морфизмов между парой объектов	5
все хорошие слова	5
освободившееся место	5
а если резать	5
вместе выглядят плохо	5
не короче см идеал кассовая лента	5
б вне	5
р фабрика	5
ни у колмогорова	5
школьных задачах	5
тип мат идея	5
курса владелец	5
в следующей сессии	5
из единицы приходят	5
лекции просто бывают вопросы	5
базиса фаза текст слайдов	5
дракона выпустить из одной точки	5
гистограмма явки	5
не моя	5
задача условие	5
гомоморфизмы без этого пара живёт	5
надо на слайде что	5
полоска чтобы после	5
и путаницы	5
то что виды	5
кость бросают шесть	5
утверждение о функциях на путях	5
около четверти ширины	5
резерв на	5
транспозиции то есть берём	5
кл есть	5
всё значит	5
не отличает	5
источники понятие моно эпи ретракт корзина	5
сохраняет тождества других	5
модулярное преобразование	5
слайды и тексты отдельная	5
ссылок имена	5
это утверждения	5
часа слайда	5
про то что виды живут на	5
за одну арку	5
максимум подряд	5
кассовая лента м шириной не меньше	5
всякое непрерывное имеет неподвижную точку доказательство	5
прямое требование владельца	5
квадрат естественности обратимую стрелку	5
одна сцена	5
базовые цены тестирование	5
шпернер охрана музея	5
начало конец	5
ровно в за	5
пишем какую	5
этого продолбаю	5
мотив побочный	5
печ с все задачи дословно	5
для триангуляций	5
не единствен	5
вычислимость сложность информация криптография	5
прямому решению владельца	5
учебник не	5
четыре элемента опять у	5
в документ курса не	5
саму верно	5
определение маржи выручка	5
классический вход	5
пример потом изоморфизм	5
пусть обратим по полноте для	5
гоняйся за	5
видит что инструмент	5
в источниках прямым текстом	5
самодостаточна не	5
рефлексивным транзитивным отношением считается	5
находка а	5
просто не вывезу и	5
не появляется ни один блок	5
пусть обратим по	5
пределы в предпорядке	5
тем же приёмом что	5
основной тур	5
полоска чтобы	5
пер трип издержки подача уборка	5
из отображения объектов	5
кирби и	5
перенос переименование	5
на них всё	5
и у машины и у	5
элементов больше одного	5
впервые служит	5
владельца порядок зависимостей размерность после базиса	5
оставить висеть на все четыре	5
вообще было	5
резать материал референс уровень строгости формат	5
у машины и	5
ранга и они	5
что не входит	5
тут должен	5
проверяем на	5
складывание не	5
инструмент из	5
метод ресёрча	5
форма текста	5
слайды и тексты	5
с целиком	5
из пространств в	5
код числа	5
при зелёных	5
без этого пара	5
прямыми скобками	5
что нарастает	5
не формулируем задачи у нас в	5
том что владелец	5
берём целиком	5
гейт в	5
то же уравнение	5
в строгий слой	5
размер горизонтальная	5
у точки экспоненты	5
проверено у всех драконов	5
измеримый следующий	5
называем сопоставление	5
что аксиомы выполняются по	5
что не делает арка границы	5
лемма шпернера через	5
правило задано только	5
она полностью объясняет	5
не открывается	5
рядом стоит	5
никто текст	5
разбору владельца подблоки жирным зачином правило	5
определение двойственное	5
не приклеить копию а удвоить каждое	5
множество с рефлексивным транзитивным	5
режь словарь	5
топологию не	5
кирби и париса	5
включение исключение	5
е звено	5
словами что то что словами объяснять	5
уровень строгости формат события	5
оставить висеть	5
тождества существуют и единственны по	5
ресёрча задач	5
на каждом элементе оба элемента вернулись	5
прочитанное в	5
в пустое множество	5
чтобы луч уходил из	5
функтор естественный изоморфизм	5
не зафиксирована	5
количества сцен как бы это чит	5
слайда по	5
операции над видами	5
при конечномерном это	5
владельцем до внесения	5
лектора поле	5
с печ	5
изоморфизмы видов	5
веди владельца	5
класс утверждение спрятанное в замечании при	5
посмотреть глазами	5
мёртвую ссылку	5
зал вправе спросить а	5
бешеного количества	5
процессы ведёт к	5
признаку владельца	5
из соображений связанных с их программированием	5
ретракция бы не получилась и брауэр	5
обмотки волны	5
разбиения числа в сумму	5
каталана как	5
прайор арт	5
биективных доказательств формулы	5
почему курс	5
где напечатано	5
читал веб	5
сложить раза одноцветные	5
значит красивая	5
ретракция расщепляется	5
надо достраивать в уме	5
пбд с	5
координаты введены на двойственном	5
класса объектов множества	5
шапка занятия	5
легли друг на друга и	5
четыре занятия	5
предпорядке инфимумы	5
речь про	5
у т печ	5
сначала один раз половины легли	5
на объектах есть	5
опять у тебя слишком большая	5
этого пара живёт	5
изображением схема диаграмма график слайды	5
интуиция врёт	5
десять минут	5
второй независимый	5
не нужно в	5
определение впервые служит орудием	5
кодовые файловые	5
файл в папке	5
подкатегория полная подкатегория	5
это энтропией	5
но смысл	5
не заведено	5
весь курс были про сколько	5
тождества существуют и	5
пишем какую то приставку	5
больше места будет	5
каждой своя	5
лестница вопросов	5
уровень школьно утверждение задача	5
а не отдельной	5
цвета произведения	5
объекту из каждого	5
живёт на биекциях	5
которые весь курс были про	5
не нравится что у тебя четыре	5
первым когда работаешь	5
образцу слайс категории	5
у каждой своя	5
задача о кирпичах	5
сначала должно	5
если ретракт через пару то	5
в статье нет	5
владелец решения	5
отражаются только	5
справа вот	5
его на самом деле	5
выделять мы не пишем какую то	5
сессия прочитай это войди в	5
да ну давай	5
любого функтора объект ретракт через пару	5
естественное преобразование между функторами	5
дорога обратно возвращающая	5
каталановскому кластеру	5
базис в базис	5
вот куда	5
понятие категория корзина уровень зал берёт	5
речь что	5
морфизм по полноте имеет	5
это про то	5
правило строк	5
может быть больше места будет больше	5
кружок по теории вероятностей	5
требуется ничего этим ретракт	5
явно иначе полгруппы сложит не	5
что ты это заметил	5
последней ссылкой	5
количество текста который	5
у тебя слишком	5
зависимостей размерность после базиса координаты	5
двумя слайдами	5
корни из единицы приходят	5
ранг не приклеить	5
трип издержки подача уборка	5
все траектории из	5
сам скажу хорошо	5
единственность терминального объекта	5
на доске ранги крупно	5
взвешивания и алгоритмы	5
не твоя	5
инварианты задач	5
требуется ничего этим	5
зачем и что дальше инструмент	5
мета рифма	5
единственно правило	5
теорема а не	5
человек два	5
вдоль пути определена однозначно	5
а мораль	5
по памяти не	5
признанные и	5
и тождества существуют и	5
рыночная фирменная эластичность	5
вот там	5
соответствие задач	5
весь курс были про	5
что я сам объясню	5
квадратом а не	5
быть какой	5
лекцию про	5
нас в лекции	5
оставить висеть на все	5
весом по	5
только код	5
оба запрета	5
с этого слайда	5
вообще работаем	5
нас все работает но это	5
без доказательства красный флаг	5
единицы приходят	5
комментариев что ламбек	5
комментарии ко мне для меня	5
а утверждения	5
сейчас из за этого	5
одно продолжение и	5
правое множество	5
пусть естественно	5
множество с рефлексивным транзитивным отношением считается	5
б с д	5
наполняет арка	5
сам объясню	5
что надо все	5
базис другой	5
не лернер по	5
возможного и у машины	5
является ретрактом диска	5
имя тому что уже	5
выделять мы не	5
ретракция сечение а	5
здесь остаётся	5
прочитай это войди	5
будет больше будет	5
композицию на каждом элементе оба элемента	5
от ровно одной буквой средней проверено	5
одно ядро	5
пути определена	5
это просто вопрос	5
что естественного	5
и единственно правило	5
приёмка зритель	5
чем закрывается	5
целиком свёрнуто	5
а разрез	5
структура и связи курса	5
вот этого	5
петля даёт	5
вырастить ранг	5
нарративная арка	5
котором у нас все работает	5
ретракт слабее изоморфизма	5
как каркас	5
доказательство источник уровень	5
зависимая функция	5
дз по номерам пул задач	5
комментариев что ламбек показал	5
из не из памяти и	5
ответов не	5
моноид категория с	5
вид по определению есть функтор	5
честный проход	5
лекции не прозвучала	5
отражаются только строгими и полными	5
коротко изложен	5
обязательно иначе	5
гео эксперимент	5
изображением схема диаграмма	5
листок з гл уровень требует	5
объяснить словами что то что словами	5
и одним языком	5
м инвариант	5
операционных исследований	5
если ретракт а	5
по прямому решению владельца	5
просто бывают	5
тождество якоби о тройном произведении	5
перехода есть	5
заход гейт	5
гёдель крипто	5
идеал кассовая лента м шириной	5
на вот эти пункты	5
вероятности даёт уравнения	5
на все отображения	5
владелец при	5
короче см идеал кассовая	5
эндоморфизмы тождественного	5
подблоки жирным зачином	5
не лернер по сегменту	5
криптография цезарь биткоин	5
берутся не с потолка	5
даром нужно чтобы	5
отношением считается категорией	5
поэтому биекция	5
мы не пишем какую то	5
ситуация дом работаешь с изображением схема	5
базиса координаты введены на	5
этим заходом не	5
копию а удвоить	5
спроса не	5
в гауссовы	5
мехмат цпм	5
только при повороте конец	5
традиционного проката	5
нужны два	5
аксиомы выполняются по одной причине не	5
издержки стратегия в	5
не меняется пока петлю шевелят	5
есть иначе	5
по полноте для некоторого	5
слайда нет решение владельца	5
стрелки сохраняют отмеченные точки	5
бы один момент	5
очень точно ложится на реальность	5
как проверил	5
разбор для владельца	5
чёт нечёт	5
следующий слайд ну тут	5
виды живут на биекциях и	5
сопряжения йонеда	5
категория с единственным объектом	5
плата за км в	5
единичной группы посылает	5
проверить точная	5
рынок дешевле таргета	5
замкнутость задаётся	5
это главная	5
восемью масками задачи	5
не нужен он	5
надзаголовок утверждение рекуррента смотрим на	5
показываем на	5
утверждение о функциях на	5
базиса фаза	5
план на лекций	5
формат и	5
ни там ни	5
формула через факториалы	5
что проверено	5
сложить раз сложить раз а	5
дом работаешь с изображением схема диаграмма	5
ровно последовательностей	5
неё не видно	5
от равняется от	5
и процессы ведёт	5
утверждение о функциях	5
отдельных рассказа	5
состоит из отображения объектов	5
график слайды и	5
ранг не приклеить копию	5
хорошо что ты это заметил	5
не содержание	5
из класса объектов множества	5
с весом по	5
преобразования между функторами	5
каждой способности	5
мост к каталановскому	5
надо это я	5
одной средней буквой	5
одноэлементно при и пусто иначе композиция	5
это не супер	5
пол цены	5
и париса	5
подсчёт рёбер	5
то же что подействовать	5
после базиса координаты введены	5
морфизмов между парой объектов	5
язык что то	5
на слайд собранные лентой каждый	5
кегль прозы	5
этим ретракт слабее изоморфизма утверждение	5
отношением считается	5
не вот	5
нужно чтобы луч уходил из диска	5
ван ден эссен	5
хороших путей	5
звене как на	5
без й	5
линейность матожидания	5
референс уровень строгости формат	5
у конечных	5
правило разделителя слайд изоморфизм отделён	5
даёт уравнения	5
у тебя четыре элемента опять у	5
а не теорема	5
диаграмма график слайды и тексты	5
за этого не и	5
руке жив	5
поровну орлов	5
одном месте на	5
нужно чтобы луч	5
короче см идеал	5
правило ни одним способом не	5
категория в которой мы	5
даёт но	5
жирным выделять мы не пишем какую	5
категорией объекты	5
на слайд это	5
машины где	5
класс утверждение спрятанное в	5
разбору владельца подблоки	5
квадрат естественности обратимую	5
а естественность	5
форма того	5
четырёх пар три	5
единственны по	5
находки из	5
ретракт через пару то	5
об общем шоке	5
а считается в	5
категорий печ	5
нужен я	5
система сцен	5
перенесена в замену базиса фаза	5
утверждение доказательство источник уровень	5
маршрут через	5
с диапазоном чувствительности	5
что не делает арка границы на	5
лучшие источники	5
жанр стал программой	5
дало бы такую пару	5
терминального объекта в начальный изоморфизм	5
у пределы	5
часть про то	5
то что аксиомы выполняются по одной	5
тебя четыре элемента опять	5
без разворота	5
владельца порядок зависимостей	5
по полноте для	5
среднее равенство	5
всё оттуда и	5
найдётся с и	5
есть обе стрелки сохраняют отмеченные точки	5
планирует сравнивает	5
то что виды живут	5
держать как	5
порядок зависимостей размерность после базиса координаты	5
там должны	5
между ними изоморфизм	5
при нужде строку в	5
л л не	5
комментарии ко мне для	5
ради экзотики	5
во весь кадр	5
цитата дословно таймкод слайд	5
за пределы диска	5
рефлексивным транзитивным отношением считается категорией	5
объекта в начальный	5
что виды живут на биекциях и	5
ровно тот класс	5
найдено но в	5
нужен прицельный	5
снято командой	5
при нужде строку	5
двери наружу	5
деревья кэли	5
через один файл	5
запись по	5
не даром нужно чтобы	5
к концу которой	5
веб разведка	5
обе ветки	5
динамически функция	5
только классом	5
объяснить словами	5
стр нет проверено	5
марков шеннон	5
почему сложить раз сложить	5
сухой разбитый на вот эти пункты	5
повороте конец растёт	5
хороших слов с орлами	5
складывай как	5
полоса около	5
для курса это	5
не дубль	5
ситуация дом работаешь	5
от ровно одной буквой средней	5
канон выверено владельцем тз	5
тест вычёркивания	5
и дальше складываются совершенно	5
выход оптимизации	5
это не нужно для	5
пару то для любого функтора объект	5
до нового года	5
это видит	5
хвост не	5
функтора объект ретракт через пару доказательство	5
есть обе стрелки сохраняют	5
закрывающая сессия	5
число есть сумма четырёх квадратов	5
последнего складывания	5
о с реш	5
иначе композиция и	5
й сцены	5
конкурентный бенчмарк	5
пересечёт линию раз	5
на группе из одного элемента в	5
заметил но не	5
морфизмы образуют	5
что то что словами	5
обе диаграммы	5
каждом звене как на	5
акта по разбору владельца	5
сторона пересечёт линию	5
все функторы из	5
ли естественный изоморфизм	5
тот же аппарат	5
сюда с	5
где мы сейчас точка восстановления	5
убывающие с длительностью	5
одна буква сгиб	5
впервые доказал д	5
и потом подействовать	5
лекции просто бывают	5
формула сопряжения	5
в строка	5
отражение циклическая лемма	5
не зависящий от выбора координат	5
модель в один	5
олимпиадный задачник не	5
свежий верификатор другим	5
только ссылка	5
изображением идёшь	5
красиво а	5
как запаковать его в	5
то комментарии ко	5
солвер математика	5
закрыто у маклейна	5
из четырёх пар	5
потом изоморфизм потом	5
теория информации шеннон	5
эталонно на	5
этим ретракт слабее	5
совпадение до	5
в частности элементов в	5
печ стр	5
класс утверждение спрятанное в замечании	5
визитка визитка пропала	5
рождается на	5
определение путь	5
держим как	5
не значит что надо	5
владелец их	5
ложна скажи с доказательством не	5
же что подействовать	5
только на объектах	5
частности элементов в	5
не даром нужно	5
в предпорядке инфимумы	5
за этого продолбаю лекцию	5
нотация единообразна	5
жирным зачином правило разделителя слайд	5
шапка где мы сейчас точка	5
бар крючок в	5
у тердракона	5
пометки для	5
подействовать и потом	5
й сцены приходит	5
эпистемика вычисление	5
конструкции в линейной	5
сказать предположим	5
группе из одного элемента в элементов	5
них ни	5
каталог без	5
бешеного количества сцен как бы это	5
планирует сравнивает с	5
с рефлексивным транзитивным отношением	5
не переписано	5
из биекции	5
скажу хорошо что	5
видео владельца	5
категорий абзац	5
я сам скажу хорошо что	5
честно это	5
и пишешь	5
читаемый лекция	5
обратный функтор строится	5
маржа это	5
что на месте если нечётно противоположная	5
стр нет	5
задача мини л на словах	5
одноэлементно при	5
каждом элементе оба элемента	5
ранги крупно оставить висеть на все	5
нужен на	5
да как показать	5
если в категории есть	5
руками поле	5
требуется ничего этим ретракт слабее	5
раз половины легли друг на	5
отображения объектов отображений	5
ретракция бы не получилась	5
канале среди	5
категорий определение	5
дуга не накрывает	5
где что ломается	5
приходят из геометрии	5
первого складывания он же средняя	5
источник линчпин	5
хорошую конструкцию	5
ровно в за ранг	5
единицы приходят из геометрии	5
всплывает в	5
одним способом не продолжается до	5
реальный прогон	5
копроизведение произведение	5
объектов отображений морфизмов	5
признанные и пока	5
объекту из каждого класса	5
скан мб	5
у машины и у человека	5
текста который мы вообще	5
с файл	5
повороте конец	5
были про	5
и есть предмет	5
по времени внутри	5
надо на слайде что я сам	5
принцип отбора	5
адрес правки	5
какие то комментарии	5
координаты введены	5
вправе спросить а	5
множества и векторные пространства	5
что ты это заметил но не	5
единственный факт	5
текст сжато	5
весом по площади	5
самый раз	5
й сцены приходит на й и	5
не в памяти	5
форма того же	5
легенда весь	5
алгебры фробениуса	5
в линейной алгебре это	5
справа количество	5
множество с рефлексивным транзитивным отношением	5
скобок ни	5
оба применён	5
визитка визитка	5
поле граница размытая	5
коротко это	5
ты это заметил	5
доске ранги крупно	5
отдельная рубрика	5
гомоморфизмы без этого пара живёт в	5
в предупорядоченное множество	5
бы ну не	5
продержится шагов	5
легли друг на друга и дальше	5
этого не и ещё	5
ко мне для	5
имя того что	5
его пропускают луч упирается в	5
на два слайда я	5
у естественность	5
процессы ведёт	5
что то более	5
лекции а не	5
будет больше будет дышать	5
в скилл	5
складывания он	5
в чёрный ящик	5
поле надиктовка	5
картинку не	5
из за этого не и ещё	5
проговорить явно иначе	5
что вести у доски	5
и есть дорога обратно	5
и нечётные места	5
лента м шириной не	5
внизу тот	5
строгости формат события лекция курс	5
на каждом звене как на	5
делает арка границы	5
давай разбираться да	5
я прочитал	5
строку в выдай	5
подблоки жирным зачином правило	5
которые ты	5
пять условий	5
пар три проверяются	5
задано только	5
сначала один раз половины легли друг	5
спросить а другое	5
с рефлексивным	5
ты можешь поместить	5
ретракция бы	5
вторую вершину	5
тождества как	5
больше я просто не вывезу и	5
спуск первого	5
счёт по обмоткам	5
проходит по одному	5
стена гёделя	5
что естественное преобразование	5
это жуткость	5
в замену базиса фаза	5
если внизу	5
половина вопроса	5
доказал д	5
чебышёва второго рода	5
функтор сохраняет тождества других	5
слева у правой	5
нужно чтобы луч уходил из	5
ряд от до	5
что тогда ретракция сечение а	5
всегда по условию надо	5
просто вопрос	5
и пусто иначе композиция и тождества	5
идеал кассовая лента	5
строковые замены	5
это работало	5
нужен слайд	5
и есть дорога обратно возвращающая	5
каждом элементе оба	5
элемента в элементов больше одного	5
саму верно не даром	5
выпустить из одной точки каждый повернув	5
дом работаешь	5
жирным зачином правило	5
не значит что надо все	5
и объекты и	5
читать нужно	5
взял примитив	5
четыре строки	5
в прошлый раз мы	5
впервые доказал д э кнут	5
с функторы с	5
не финальный	5
формат что есть	5
правки владельца порядок зависимостей	5
изоморфизмы сохраняются всегда а отражаются только	5
открытом канале среди	5
тут должен быть	5
единственность терминального	5
утв выводим пусть	5
сюжет стр	5
элемента опять у тебя слишком	5
задачи входы	5
складывание не создаёт	5
не приклеить	5
концу которой	5
от и она	5
про базис	5
монотонных путей	5
картинка та же что	5
подано как	5
для минутной базы	5
собранные лентой каждый раздел	5
одной буквой средней проверено для всех	5
с две	5
перенесена в замену базиса фаза текст	5
только строгими и полными	5
есть обе стрелки сохраняют отмеченные	5
по той же рекурренте	5
в саму верно не даром	5
плюс цена	5
сцен от	5
категория матриц	5
свёрточная рекуррента	5
ровно одной буквой средней	5
спросим иначе	5
не тело	5
сохраняются всегда а отражаются	5
полон если	5
приручение идея	5
слабее изоморфизма утверждение	5
естественно изоморфные	5
по номерам пул	5
система и это	5
доказательством не гоняйся за	5
не обоснована	5
элемента в элементов больше	5
тебя слишком	5
по одной причине не	5
всегда ползёт по стрелкам	5
обложка визитка финал	5
и есть то что	5
может быть больше места	5
сцену не	5
продолжение дало бы такую	5
кружок листок	5
конец растёт ровно в	5
квадратами и доминошками	5
категория категория состоит из класса	5
опционная издержка стратегия	5
оттуда и одним языком	5
рубрики эйлеровы гамильтоновы	5
вычислимость сложность информация	5
оказывается сильнее	5
тексты отдельная	5
из роста	5
владельца утверждение без	5
не цитата	5
непонятно в	5
информации шеннон	5
нейросети согласованный	5
состоит из отображения	5
чётностей а сложение	5
зачином правило	5
конце на л	5
ровно по одному объекту из	5
композицию не требуется ничего этим	5
аудитория и	5
категория моноид категория	5
только сначала	5
сложение чётностей	5
я просто не вывезу и	5
честный финал	5
из за этого не и	5
в биекцию	5
одним способом не	5
и пока не внесённые	5
биекцию не	5
ретракция сечение а ретракт объекта	5
на третьем слайде	5
определение впервые	5
это наша	5
квадрат естественности обратимую стрелку объекта в	5
или курс	5
разговоре про	5
дописать в	5
когда работаешь	5
разном материале	5
и они одинаковые	5
ссылки не	5
наверху пара	5
в шапке листка	5
функторная категория	5
и это единственный	5
построчной раскладкой	5
из листка	5
сферический избыток	5
мы не пишем какую то приставку	5
с ценами	5
фабрики что	5
про блуждание	5
решения р р	5
этого не и	5
сюръективен на нём же	5
в элементов больше одного	5
правило разделителя слайд изоморфизм	5
быть больше места	5
не стартует	5
есть функториальность	5
как средний таргет	5
а предсказать	5
машинного гейта на	5
слово задом наперёд с заменой	5
ломаная не	5
сирот битых ссылок имена чисты	5
доске ранги	5
по моему не той длины	5
донор для	5
пятиугольник узлом	5
это путь дика	5
преобразований не более одного	5
направление от к и	5
лентой каждый раздел	5
в фикс	5
один раз половины легли друг	5
целиком есть назначение	5
впервые служит орудием	5
утверждение строгий и полный	5
из терминального объекта в начальный изоморфизм	5
произведения и замкнутость	5
на слайде с	5
функтор состоит из отображения объектов отображений	5
складываются совершенно одинаково значит	5
свободных путей	5
почему сложить	5
алгоритмы и правила вывода	5
возраст уровень	5
то для любого функтора объект	5
же назвал	5
буквой средней проверено	5
прочитай это войди в активную	5
подблоки жирным зачином правило разделителя	5
стрелки сохраняют	5
и единственны по транзитивности и	5
комбинаторно тоже	5
приходит с й сцены приходит	5
терминален и	5
считаем пути	5
диска ретракция	5
гипотезой на	5
объектов множества морфизмов между	5
форма вырождается	5
канвас надзаголовок утверждение рекуррента смотрим на	5
как бы просто	5
два цвета произведения категорий	5
есть сумма чётностей а сложение чётностей	5
где теория	5
вырастить ранг не приклеить копию	5
в захода	5
читать на	5
единственность из	5
такой фразы	5
а тем что	5
не надо это я сам скажу	5
одним куском	5
не учебник не	5
кость бросили	5
утилизация в	5
войди в	5
существует и единственно правило	5
в разговоре про	5
динамически функция ценности	5
не олимпиадный задачник не	5
тогда ретракция сечение а ретракт	5
половины легли друг	5
это арка	5
карта как	5
в разные объекты	5
что надо все комментарии убрать	5
понадобится через	5
сложить раза одноцветные склеить	5
м шириной не меньше	5
есть гауссов	5
в контракте	5
без текста и	5
десяти пунктов	5
и слайды	5
порядок зависимостей	5
звеньев ранга	5
ранг здесь	5
вот почему это	5
в самый раз	5
акта по разбору владельца подблоки жирным	5
видов ну	5
у гейзенберга	5
тогда ретракт	5
правки признанные и пока не внесённые	5
иллюстраций у слайда нет решение владельца	5
гомотопия можно	5
захода под	5
оттуда и одним	5
скажу хорошо что ты это	5
на двойственном матрица перенесена в замену	5
шапка где мы сейчас	5
четырёх пар три проверяются даром потому	5
за этого не и ещё	5
в конце файла	5
источники понятие моно эпи ретракт	5
слайде стоит	5
бы такую пару	5
сохраняются всегда	5
точечные кодовые	5
и тождества существуют и единственны по	5
с внешним призом	5
словарь обозначений	5
согласуются с владельцем до	5
из четырёх пар три проверяются даром	5
раз здесь	5
чётностей а сложение чётностей	5
же рекурренте	5
состояние живёт	5
издержки подача	5
из не из памяти и не	5
равенство двух способов счёта	5
пятью кругами	5
слайдам и	5
поле кандидат на	5
не калька	5
классификационные результаты	5
масками задачи	5
есть стр	5
рамки которую	5
арку не	5
ворота набора	5
очень много всего лишнего	5
ты пытаешься	5
бы неверен	5
механизм что	5
не канон	5
почему работает	5
на месте если нечётно	5
ни одной формулы	5
л криптография л	5
разбираться да	5
лекцию про сопряжённые	5
вид по определению	5
выбор изоморфизма	5
каждую сложить раза	5
ничего этим ретракт слабее изоморфизма	5
выбор допущение провенанс	5
арка границы на примере не	5
фразы не	5
композиции из	5
конце лекции	5
ничего этим ретракт слабее изоморфизма утверждение	5
объясняется не	5
т ввести	5
стр категорификация	5
каждый повернув на	5
правый слой	5
в выдай	5
юнит экономикой	5
совпало на всех местах	5
дождись слова	5
алгебра логика	5
это какие то комментарии ко	5
в конце на л	5
на каждом элементе оба	5
единственно правило совпало на всех местах	5
доске ранги крупно оставить висеть	5
проверено для всех слов рангов	5
а отражаются только строгими и полными	5
формулируем задачи	5
в лекции просто бывают	5
финал за	5
не получилась и брауэр был	5
на месте если нечётно противоположная	5
доказательством не гоняйся	5
выбор допущение	5
последовательность гудстейна	5
пределы диска ретракция бы	5
нас в лекции просто	5
существуют и единственны по транзитивности	5
зачином правило разделителя слайд изоморфизм отделён	5
каждую вторую	5
соображений связанных с их программированием	5
ну типа	5
такой функтор есть	5
категория с единственным	5
есть ли естественный изоморфизм	5
передача репозиционирование	5
и функционал	5
этим делать	5
з бильярд	5
элементе оба	5
доказательство источник	5
ни в одном скилле	5
обе стрелки сохраняют	5
размерность после базиса	5
же теневая	5
склеивается с	5
в других категориях	5
и морфизмами	5
стоит это	5
то что аксиомы выполняются по	5
котёл математика	5
из класса объектов множества морфизмов	5
ли функторы	5
пер трип издержки подача	5
как бы ну не	5
пар три проверяются даром	5
единственным объектом	5
лекции л	5
сюжет который	5
опирается на это	5
то комментарии	5
ретракция сечение а ретракт	5
по условию надо изобретать	5
вход в модулярность	5
половина то же	5
я бы делал	5
поймал гейт	5
слово задом наперёд с	5
задано только на объектах	5
универсальность сводимость	5
бы то есть	5
только утверждение потом рассуждение	5
заходе только	5
из четырёх пар три	5
про хорошую конструкцию	5
имя под	5
котором держится	5
объяснять не надо на слайде что	5
машины и у человека	5
один поворот	5
суточный кап против	5
шеня дословно	5
окно памяти	5
складывание бумаги	5
привести пример двух неэквивалентных	5
звена не меняется ломаная	5
комментарии ко мне	5
проверьте на	5
эталонно на голову	5
арка границы	5
и исполнитель	5
без доказательства красный	5
ящик доказательство	5
эквивалентность переносит произведения и	5
картинка хорошая она полностью	5
потерь пуст	5
ответ ни одного	5
сложить раз а	5
дом работаешь с	5
любыми лекциями	5
можно рисовать	5
транзитивности и рефлексивности	5
функтора центра	5
состоит из отображения объектов отображений морфизмов	5
общий на	5
считается командой	5
растёт ровно в за ранг	5
же самое что с	5
продолжение и зал вправе спросить	5
ранга почему	5
эквивалентность переносит произведения и замкнутость	5
сейчас репетировать	5
теорема на каждом звене	5
блок доказательство	5
болтянский ефремович	5
непрерывное имеет	5
и эквивалентности	5
для каждой транспозиции то	5
спрятанное в	5
нас все работает но	5
были про сколько	5
лекция на доске	5
обе стрелки сохраняют отмеченные	5
советская линия	5
линейной алгебре это	5
листок дословно	5
ретракт объекта про обратную композицию	5
нет двоичная запись	5
сумма чётностей а сложение чётностей	5
без этого пара живёт в	5
сколько левых	5
строгости формат события	5
значит смотри	5
полная постановка	5
размер полоса около четверти	5
под тему	5
каждое из этих слов	5
как обсуждение не как	5
не нравится что у тебя	5
категорией объекты элементы	5
и тексты отдельная фабрика	5
цвета произведения категорий	5
сложить раз а потом ещё раз	5
сверена с	5
обсуждали что мы не хотим	5
мы не пишем какую	5
схема диаграмма график слайды и тексты	5
да как показать руками	5
иначе композиция и тождества существуют и	5
эквивалентна своему	5
второй способ вырастить	5
по на каждый из	5
шрифт и	5
структура курса	5
наверное надо	5
слайда нет решение владельца в части	5
пример утверждения	5
уходит не	5
линейные порядки циклические	5
готовый листок	5
делает руками	5
непрерывное имеет неподвижную точку	5
их нету то	5
аналитик не	5
на слайде что я	5
пара живёт в	5
на слайде что я сам	5
надо на слайде	5
требуется доказывать	5
котлы математика	5
ординал гидры	5
одной находки без	5
элемента в элементов	5
дано задачей	5
направление от к	5
запуск фабрики	5
и тексты отдельная фабрика ядро	5
нас в лекции просто бывают	5
есть естественность	5
множество со структурой	5
в ничего	5
это два отдельных рассказа	5
дуги как в сериале	5
полоски не короче см	5
лента м шириной	5
раздела поле	5
подбирает солвер математика	5
вырезает прямоугольник	5
способ вырастить	5
то есть берём	5
км в пакетах	5
это самая дешёвая	5
упирается в саму верно не даром	5
делать вот	5
писать это	5
буквально то же	5
базиса координаты введены	5
подействовать то же что подействовать и	5
стержень курса	5
без навязанной	5
на выпавшей	5
на новый слайд	5
потому что у них	5
сначала категория потом	5
причине не надо это	5
уровень приручение идея	5
брауэр был бы	5
все вот и	5
разбитый на вот эти	5
транспозиция нечётна	5
отличается от ровно одной буквой	5
от нижнего	5
функтор определение функтор	5
с монадами	5
порядок задан владельцем	5
в гейте та	5
метод прогон	5
ровно одной буквой	5
своей вчерашней	5
по условию надо	5
бросают шесть раз	5
не надо это я	5
протокол звонка	5
путей с общим	5
не требуется ничего этим ретракт слабее	5
задана единообразно	5
тестирование тарифов	5
опять у тебя слишком	5
транспозиции то есть	5
замену базиса фаза текст слайдов написан	5
утверждение второй	5
статус на	5
со слайда не	5
лёгкий вход	5
каждую сложить раза одноцветные склеить	5
пункты везде	5
печ с в гейте та	5
пусть обратим по полноте	5
правится в месте	5
дублируется в	5
здесь курс	5
часть одно лицо под восемью масками	5
сирота не	5
объекту объект	5
слайд должен быть про	5
обратим по полноте для некоторого	5
его пропускают луч	5
который мы вообще не	5
не поместилось	5
точно ложится на реальность	5
объектов отображений морфизмов для	5
сказано и	5
размер на поле	5
у объектов не	5
тур задача	5
псевдокод верификация	5
точка передачи	5
малый мехмат цпм	5
следующего курса	5
нибудь нарисует	5
в предупорядоченное	5
русскими словами	5
мотивации зачем залу	5
на доске ранги крупно оставить	5
мы сейчас точка восстановления хроника	5
на машине владельца	5
меняется пока петлю шевелят	5
на вот эти	5
три проверяются даром	5
лестница а б	5
работаешь с изображением идёшь	5
который мы вообще	5
третьей лекции	5
существует и единственно правило совпало	5
состоит из отображения объектов отображений	5
адрес из	5
корни из единицы приходят из геометрии	5
на открытом канале среди	5
только при повороте конец растёт ровно	5
все работает но это не	5
чтобы было видно	5
номерам пул	5
одна теневая цена	5
здесь нет и	5
задачник не	5
это решение а не дыра	5
одному объекту из каждого	5
уходил из диска	5
есть естественный изоморфизм	5
к каталановскому кластеру	5
стрелки гомоморфизмы без	5
нужде строку в	5
ровно неравенство	5
сквозное правило	5
бешеного количества сцен	5
ход что в	5
сам скажу хорошо что ты	5
тут понятно	5
изоморфны ли функторы и	5
сухой разбитый на вот эти	5
преобразований не более	5
лента м	5
мост к узлу	5
нет ни в одном скилле	5
приём тот же	5
лягут на слайд собранные лентой каждый	5
каноническая кружковая	5
у слайда нет решение	5
дракона на	5
про то что виды	5
слайд должен быть	5
живёт в поле	5
сторону потому что	5
же теневая цена	5
крупно оставить висеть на все	5
полоса около четверти ширины слайда источник	5
все тождества	5
урок фабрике	5
поле блок поле	5
и брауэр был бы неверен	5
рыночная фирменная	5
рамка два часа	5
сопоставление биекция между	5
там у тебя	5
луч уходил из	5
поле надиктовка второй половины	5
их нету	5
ум на	5
источники скрыть	5
точка восстановления хроника	5
слева два	5
мне не нравится что у	5
не перегибать в	5
поле раскладка текст слева	5
строковые замены если совпадений	5
издержка а	5
объём как	5
в листок как задача не идёт	5
координаты введены на двойственном матрица	5
моё представление	5
печ нового для	5
пьяница стоит на	5
одном скилле	5
что вести у	5
я бы просто	5
продолжение и зал вправе	5
поле единственный тонкий	5
языком что	5
на чётных местах стоит целиком слово	5
модуль карта	5
не идёт только	5
транзитивным отношением считается категорией	5
из одного элемента в элементов больше	5
говорим хорошо	5
всегда ползёт	5
какие то комментарии ко мне для	5
и отдельный	5
м шириной не	5
перестройка акта по	5
с последней ссылкой	5
продолжает л	5
уже разобран	5
внизу тот же	5
а формула полной	5
способ вырастить ранг не	5
делает арка	5
разделителя слайд изоморфизм	5
окружность существует	5
слито заходом	5
шары ш	5
уже написано на	5
ретракт а пары	5
это и есть способ	5
связи курса	5
состояние живёт на	5
одна база	5
приходит с й сцены приходит на	5
не получилась и	5
и все вот и все	5
у нас действительно	5
сессия прочитай это войди в активную	5
с доказательством не гоняйся за фантомом	5
дом работаешь с изображением	5
множество инъекций	5
обе стрелки сохраняют отмеченные точки	5
не доказывается у	5
биекция утверждение	5
формат что	5
задано только на	5
не обзор	5
шмалензее для	5
не надо на слайде что я	5
с якорями	5
обычная композиция	5
по образцу слайс	5
даром нужно чтобы луч уходил из	5
а не дыра	5
с построчной раскладкой	5
поездок на	5
нужде строку в выдай	5
ситуация дом	5
до лекций	5
это мини курс	5
получилась и брауэр	5
для захода	5
для него материалы	5
определение эквивалентность	5
ретракт через пару то для	5
слайд был	5
надо на слайде что я	5
курса где	5
жанр стал	5
соображений связанных с их	5
замены если	5
не образец	5
потом изоморфизм потом определение	5
л на словах	5
из отображения объектов отображений морфизмов	5
определение естественное	5
только короткий вход	5
в элементов больше	5
биекция кнута	5
прежде чем спрашивать	5
в уровень школьно	5
печ сверено	5
в жёлобе	5
концепта в	5
хорошие пути	5
в этой арке	5
луч упирается в саму верно не	5
на красоту	5
косы и танглы	5
бы не получилась и	5
слайда идёт	5
и все вот и	5
в телефоне держится всё	5
владелец ни	5
за задача	5
на готовое	5
одно продолжение и зал вправе спросить	5
цитаты дословные что поправить слайд	5
в одном месте на	5
формат арка	5
в саму верно не	5
как в книжке	5
мини л на	5
и единственны по транзитивности	5
отмеченных множеств	5
таковы что тогда ретракция	5
тут ничего не	5
с рефлексивным транзитивным отношением считается категорией	5
лекции без	5
суть функторы	5
оба элемента	5
половины две	5
запрещает одно продолжение и зал	5
слово уже написано на полоске	5
слишком очевидный	5
нужный раздел	5
поднят до	5
антология с	5
одному признаку	5
всю линию	5
как трюк	5
пар три проверяются даром потому	5
а зал	5
первый живой	5
зависящий от выбора координат	5
издержки часть стратегия	5
способом не продолжается	5
акта по разбору владельца подблоки	5
загадка рынок дешевле	5
пул задач куда	5
нобель по экономике	5
эндоморфизмы тождественного функтора	5
обязан лежать в	5
до определения категории	5
оборотов целое и	5
ранг не приклеить копию а	5
по поле	5
хотя бы один момент	5
появляться не сразу	5
из единичной группы посылает	5
документ курса не	5
мой вкус	5
чтобы луч уходил	5
сотри его	5
ценности не	5
числовые входы и	5
в листок как задача не	5
не структура	5
ретракция бы не получилась и	5
внизу тот же чертёж	5
без палочки	5
сам владелец	5
четыре элемента опять	5
кэли леса	5
предельный язык	5
есть ассоциативность	5
прямому вердикту	5
живёт на диске	5
с все задачи	5
сноска на	5
повернув на	5
что на месте если	5
общий канон	5
одноцветные склеить попарно четыре	5
объектами есть	5
та же теневая цена	5
никто текст не будет читать	5
окружность не является ретрактом диска	5
разобрана по	5
одна вертикальная	5
цены ёмкости	5
объекты и стрелки	5
лента м шириной не меньше см	5
изоморфизмы сохраняются всегда а	5
потом рассуждение	5
все работает но	5
что функтора нет	5
что минуты	5
ровно доказательство	5
моему не той	5
то что словами	5
ни одного не	5
дало бы такую	5
источник стр	5
тебя четыре элемента	5
статус чёрный	5
координаты введены на	5
каждой есть	5
по разбору владельца подблоки жирным	5
владелец потребовал	5
то есть обе стрелки	5
тип истина	5
все гейты зелёные	5
сам скажу хорошо что	5
и музыканты	5
обе стрелки гомоморфизмы без	5
правило разделителя слайд	5
в преамбуле	5
смотри нужно	5
согласуются с владельцем до внесения	5
то для любого функтора объект ретракт	5
якоби о тройном произведении	5
уроки фабрике	5
какие то комментарии ко мне	5
нет плюс	5
функтор строится	5
прямое указание	5
из пространств в группы	5
то же самое что с	5
перевести и потом подействовать то же	5
при повороте конец растёт	5
в первом разборе	5
курса но	5
папка не	5
при отборе	5
звена не меняется	5
можно но это	5
критерий что	5
три проверяются	5
он есть только в	5
канал кроссворд	5
точке утверждение	5
способом не продолжается до функтора	5
оба элемента вернулись на место значит	5
контроль запрет не запрещает	5
с этого надо начать	5
замену базиса фаза текст слайдов	5
слайдах писать	5
не меняется ломаная	5
двойственном матрица перенесена в замену	5
одиночного дракона	5
стрелки гомоморфизмы без этого	5
и они разные	5
стрелки гомоморфизмы без этого пара живёт	5
меняется пока петлю	5
ретракт объекта про обратную	5
ни один не лучше другого	5
слайд собранные лентой каждый раздел	5
с изображением схема диаграмма	5
чтобы не искать	5
длина звена не меняется ломаная вдвое	5
жанра не	5
у упр	5
на утилизацию	5
сумма по обмоткам с	5
выше оси красное ниже	5
всего лишнего	5
же что на месте если нечётно	5
обсуждали что мы не	5
естественный изоморфизм определение	5
не встречаются ни	5
считается в строчку	5
разложение по первому возвращению	5
я сейчас из за этого продолбаю	5
дома уезжают	5
не получилась	5
совершенно одинаково	5
русский статус	5
до неё не	5
обратный и	5
размер полоса	5
флаг по	5
открытые аналоги	5
лекции курса	5
только осмысленные	5
мы всё время	5
порядок зависимостей размерность после базиса	5
дика путь	5
секунд на пункт	5
блуждание рекуррентно	5
проверены машиной	5
упирается в саму верно не	5
как задача не	5
зал уже видел	5
тексты отдельная фабрика ядро	5
вопрос и он	5
откуда писать с нуля	5
верно не даром	5
в математике и в	5
объекту сопоставляется объект	5
дом работаешь с изображением схема	5
и полоса	5
ставить близко к предельным	5
запрет в конце акта	5
по тактам	5
статус чёрный ящик	5
по разбору владельца подблоки жирным зачином	5
бензоколонки на кольцевой	5
нетранзитивные кости	5
ширины слайда источник строка	5
надо достраивать	5
ребёнок читает слово со	5
следующий слайд ну	5
биекций в	5
значит одинаковы	5
ничего не теряет	5
а что значит	5
т показать	5
две настоящие	5
не надо это я сам	5
стабильное кто	5
пределы копределы и	5
морфизмы изоморфизмы	5
ключевой ход	5
пусть правило задано только	5
с общим концом и	5
не единая	5
средний таргет маржа мин	5
рисунка не	5
ранги крупно	5
последовательность путь	5
пропускают луч	5
условие ретракта	5
блок как	5
функторов то есть	5
доказательство между	5
это заметил но не	5
находка связи	5
источник мцнмо кл	5
каждом звене как	5
как нарастание всегда	5
вынесет ложную мораль	5
мы говорим хорошо	5
биекция шина	5
появляется ни	5
подтверждение л	5
в тексте нет	5
есть весь	5
какие то комментарии ко	5
и потом подействовать то	5
надо изобретать инструмент	5
дети это	5
уже про	5
пропускают луч упирается в саму	5
читать на входе	5
лентой каждый раздел ниже один слайд	5
про раскраски	5
делаем на	5
больше места будет больше будет дышать	5
а сколько их	5
листы а	5
пока петлю	5
поместить на один слайд и	5
проверяется подстановкой	5
они стоят в	5
они не нужны	5
она такая	5
правильно сказать	5
наблюдение не	5
не гонять	5
комментариев что	5
выбора утверждение	5
что есть по	5
да и это	5
независимый источник	5
есть функтор из	5
одна передача репозиционирование	5
считать надо	5
или владелец	5
теневой цены ёмкости	5
можно даже заблюрить	5
показать план	5
класса объектов множества морфизмов	5
по остатку	5
нужно чтобы луч уходил	5
продолжается до функтора доказательство	5
скажи с доказательством не	5
у обратный морфизм	5
сегменту эвристика	5
и пусто иначе композиция и	5
ден эссен	5
дз по номерам пул	5
владельца подблоки	5
вопросы из пространств в	5
полоски не короче	5
доказать комбинаторно тоже	5
ребёнок читает	5
той же сессии	5
все работает но это не проблема	5
сделать лучше	5
просто не вывезу	5
и рекуррента	5
но в документ	5
поимённо не	5
то же слово задом	5
котором у нас все работает но	5
данными не	5
огромное количество текста	5
в нити	5
между соседними сгибами	5
перебором всех слов рангов	5
количества сцен как бы это	5
отображения а не	5
у нас в лекции	5
скажи владельцу что понял	5
единственны по транзитивности	5
идеал кассовая лента м шириной не	5
не проверен	5
дика по числу	5
что подействовать и потом перевести	5
ли функторы и	5
задачей про	5
группе из одного элемента в	5
с служебное	5
сохраняют отмеченные точки	5
нет формулировка	5
вопрос всё	5
раскладка текст слева	5
композиция обычная композиция	5
половины легли друг на	5
по образам	5
из класса объектов множества морфизмов между	5
вслух иначе	5
с диапазоном	5
зависимостей размерность после базиса	5
после базиса	5
это войди в	5
стоит без	5
категория состоит из класса объектов множества	5
то есть обе стрелки сохраняют отмеченные	5
то и изоморфизм	5
зависимость от выбора координат	5
читать браузером	5
размер полоса около	5
слайде давай	5
имеешь в виду	5
интуиционистскую логику	5
непрерывное отображение диска	5
две рамки	5
предельная ценность ёмкости из	5
конце арки	5
смысловая линия	5
лестница и	5
петлю шевелят	5
комбинаторный вид по определению есть	5
размер одного	5
нет их	5
у нас в лекции просто бывают	5
зачином правило разделителя	5
на из по	5
биекция та	5
зоны этого захода	5
функтор сохраняет тождества	5
берётся не	5
параллельные морфизмы	5
я сейчас из за	5
сцены приходит на й	5
как отсылка	5
типографику подбирает солвер математика развёрнуто	5
мало теории	5
к владельцу	5
внутрь р не	5
владельца подблоки жирным зачином правило разделителя	5
компонента есть	5
обязан лежать	5
на вводный курс	5
в кривой	5
по признаку владельца утверждение без доказательства	5
гоняйся за фантомом	5
нас в лекции просто бывают вопросы	5
а отражаются только строгими	5
сколько стрелок вырождается	5
теорему кнута	5
состоит из класса объектов множества	5
дифференцированная маржа	5
точки каждый повернув на	5
отображений морфизмов для которых и	5
б с д е	5
степени двойки которые весь курс были	5
пространства есть отражение	5
пределы диска ретракция бы не	5
где граница ещё	5
нет не знаю	5
арка мир	5
что здесь происходит	5
ложную мораль надо было сузить	5
крупно оставить висеть на	5
нет цена	5
кругами правок	5
согласие владельца	5
все они изоморфны	5
попытка не	5
больше я просто не	5
естественные эндоморфизмы тождественного функтора	5
при повороте конец растёт ровно в	5
счёт по волнам	5
задача про пути	5
глазами до	5
по темам как	5
без отдельного	5
не потерять	5
терминального объекта в начальный	5
вырастить ранг не приклеить	5
мостеллер пятьдесят занимательных вероятностных задач	5
история про то	5
что тогда ретракция	5
явными числами	5
это ровно неравенство	5
не иллюстрируется	5
номера утверждение	5
сюжетов линия	5
короче см идеал кассовая лента м	5
две темы	5
можно жирным выделять мы	5
точно ложится	5
даром нужно чтобы луч	5
из чужого вопроса	5
в квадрат естественности обратимую стрелку	5
здесь вообще	5
формат инвариант	5
пусть у нас будет	5
это жуткая заголовок	5
есть но его	5
это не изоморфизм видов	5
правки владельца порядок зависимостей размерность	5
функторы в предупорядоченное	5
ставить близко	5
больше места будет больше будет	5
я сейчас из	5
поверх диаграммы	5
встречаются ни	5
с понятной	5
бывают впервые	5
текст не будет	5
ставить близко к предельным издержкам	5
не объявлена	5
у начальный объект	5
висеть на все четыре занятия	5
акта по разбору	5
слайде не появляется ни один	5
только строгими и	5
таргет не	5
факт с картинкой	5
слайда нет решение	5
комбинаторный вид по	5
наверх в раскадровку	5
каждой транспозиции то есть	5
ранга ломаная	5
сейчас из за этого продолбаю лекцию	5
кл да как показать	5
статус в	5
самый честный	5
функторы не	5
источниках прямым текстом	5
нет изоморфизма	5
пиши как в книжке бурбаки	5
не короче см идеал кассовая	5
правило ни одним способом не продолжается	5
отсюда берётся	5
сверено с	5
что спрашивать	5
разбитый на вот эти пункты везде	5
слова биекция	5
если чётно буква та же что	5
заметил но не надо	5
находки без	5
что тогда ретракция сечение а ретракт	5
живут на биекциях и	5
уровень строгости формат события лекция	5
свободной категории графа	5
ценность ёмкости из	5
центр как	5
шаг что	5
час убывающие с длительностью	5
собранные лентой каждый раздел ниже один	5
на доске ранги	5
что так нельзя	5
одноэлементно при и пусто	5
его пропускают луч упирается	5
всё остальное в	5
индекс один	5
нельзя поле	5
потом подействовать	5
рефлексивным транзитивным	5
нас действительно есть	5
внизу тот же чертёж после	5
по залу	5
зачином правило разделителя слайд	5
не делает арка границы	5
дождись слова потом	5
правок по	5
источники понятие моно эпи	5
буква сгиб первого	5
предлагаешь дождись слова потом	5
единый список	5
сделать лучше всего	5
нужна чтобы	5
этом заходе только	5
у объектов не бывает	5
замкнутость задаётся уравнениями	5
быть видна	5
а канон	5
написать это	5
отражение андре	5
изолированный судья	5
введены на	5
циферблат лекция курс	5
ищи раздел	5
оттера дуасса	5
всех проектов	5
он шагает	5
сначала категория потом функтор	5
не изобретай	5
вёрстка сцены	5
правило совпало на	5
диска а не входил	5
комментарии убрать	5
со спросом	5
второй способ вырастить ранг не приклеить	5
сказать вслух	5
с ним делать	5
полоска до луны	5
что значит красивая	5
определение категория категория	5
напечатано лента	5
не на глаз	5
ранг не приклеить копию а удвоить	5
тождества существуют и единственны по транзитивности	5
поле иначе во	5
идеал кассовая лента м	5
одной картинкой	5
быстро сказать	5
и решётка	5
должен быть какой	5
дословно на	5
вынесет ложную мораль надо	5
и замкнутость	5
гёдель шеннон колмогоров винер	5
честно как	5
не проверялась	5
ни одним способом	5
что словами	5
они по моему	5
не выпячиваем	5
считается руками	5
имена чисты	5
у нас все работает	5
перевести и потом	5
то приставку	5
разбиения числа в	5
на слайде не появляется ни один	5
пусть правило	5
алгоритмы и правила	5
выше оси красное	5
утверждение без доказательства красный	5
точно ложится на	5
иначе композиция	5
утилизация минутной базы эфф скорость	5
сказано на	5
владельцем как	5
про естественное преобразование	5
опять у	5
обе стрелки гомоморфизмы без этого пара	5
дословные что поправить слайд	5
и обычно его пропускают луч	5
три лица	5
способ вырастить ранг не приклеить копию	5
блинков гуровиц непрерывность	5
как везде	5
буквы на местах	5
шапка где	5
лист тарифы	5
двойственном матрица перенесена в	5
в документ курса не вошло	5
движковый вид	5
обратимую стрелку объекта	5
второй способ вырастить ранг	5
эталонно на голову выше	5
в квадрат естественности обратимую	5
сумма по образам	5
скажу хорошо что ты	5
каждой транспозиции то есть берём	5
хорошие слова	5
до функторов	5
и картинку	5
этого пара	5
моему не той длины	5
около четверти	5
с классификатор	5
естественные эндоморфизмы тождественного	5
запрещает одно продолжение и	5
это аргумент	5
з печ с вне	5
ранга одна	5
любого функтора объект ретракт через	5
ни одной строки	5
поэтому пятый	5
доказательство функтор	5
на вот эти пункты везде	5
сторону потому	5
должен увидеть	5
и это ровно неравенство	5
оба элемента вернулись	5
одного элемента в элементов больше одного	5
слайда владелец	5
лицо под восемью масками	5
ползёт по стрелкам	5
лента не	5
верно не даром нужно чтобы	5
дуализация контравариантна	5
как выглядит провал	5
равняется от	5
у обеих	5
по потолку	5
не переоткрываю	5
рекомендация василия	5
оригинал русский статус	5
самая красивая	5
гейт чист	5
одноэлементно при и	5
доказательство двойной подсчёт	5
средний таргет мин	5
дифф маржа	5
диаграмма график слайды и тексты отдельная	5
объектов отображений морфизмов для которых и	5
это честнее	5
отдельной сессией	5
калибровка по темам как	5
читай только	5
и править	5
уходил из диска а	5
с первого хода	5
пбд с внутренними	5
что слева что справа	5
элемента вернулись	5
проговорить явно иначе полгруппы сложит не	5
вокруг белых	5
трип издержки подача	5
изоморфизм по определению	5
по зоне	5
оригинал русский статус примечание	5
я сам скажу хорошо что ты	5
уголок достраивается	5
есть обе стрелки	5
спросовым шоком	5
элемента вернулись на	5
ранги крупно оставить висеть на	5
то что скажет	5
доске ранги крупно оставить висеть на	5
и закрывают	5
тождества на доске	5
остаётся отвергнутой	5
давать как обсуждение не как докажите	5
классика сколько путей	5
снят вместе	5
пул задач куда дальше	5
ровно два и	5
владелец решения и	5
законов степеней	5
пусть обратим	5
совпало на	5
добавь элемент	5
разобранным примером	5
это готовая	5
именно этих	5
сверху что	5
таковы что тогда ретракция сечение а	5
считаем композицию на каждом элементе	5
часовой вокруг белых	5
что надо все комментарии	5
опора тригонометрический угол	5
ним делать	5
идея хорошо	5
живут на биекциях	5
под восемью масками	5
слайд жуайаля	5
загадка рынок дешевле таргета	5
вокруг белых клеток	5
только утверждение потом	5
перестаёт быть видно	5
издержки подача уборка	5
это сильнее чем	5
есть естественное	5
функтор состоит	5
непонятно откуда	5
целиком поле	5
правило совпало на всех местах	5
находки без карточки	5
доказал д э	5
зал видит что инструмент тривиален	5
должно быть определение	5
из единицы приходят из	5
ранга согласованное с	5
со слайда идёт	5
не формулируем задачи у	5
зал вправе спросить	5
угол между звеньями	5
три проверяются даром потому	5
мини л на словах	5
подкатегория полная	5
сделать ну	5
они по моему не той	5
функтор но	5
раз сложить раз а	5
доминирующих сдвигов	5
по одной причине не надо это	5
между любыми лекциями	5
кружковая последовательность	5
утверждение вместо	5
на каждый из цветов	5
друга и дальше складываются совершенно одинаково	5
они по моему не той длины	5
при и пусто иначе композиция и	5
существуют и единственны по	5
места будет	5
первого складывания он же	5
из цилиндра	5
конструкции в линейной алгебре	5
у тебя на	5
около четверти ширины слайда	5
п расслоённое	5
каркас прочен	5
осторожно с	5
эквивалентность есть изоморфизм	5
считается категорией	5
транспозиции то	5
что это какая	5
про то что виды живут	5
видно где вычисление где	5
сразу про	5
ничего этим ретракт слабее	5
иллюстраций у слайда нет решение	5
и единственно правило совпало на	5
виды поэтому	5
матфак вшэ	5
элемента опять	5
а не то что	5
равенство функтор	5
что это упражнение	5
по очереди случайным образом	5
нравится что у тебя	5
сторона пересечёт линию раз	5
по условию шмалензее	5
в частности элементов	5
одного элемента в элементов больше	5
формулы числа	5
карта прикладной математики	5
базиса координаты введены на двойственном матрица	5
рекуррентным разложением	5
служит орудием	5
при и пусто иначе композиция	5
ложится на реальность	5
не подписываем	5
три темы	5
надо все комментарии убрать	5
отображений морфизмов	5
акта по	5
почему в первом	5
его останется	5
изоморфизмы сохраняются всегда	5
про ломаные	5
коммутативная диаграмма с	5
древесная версия	5
через пару то для	5
между двумя такими	5
один не лучше другого	5
файл не удалён	5
формулировку не	5
картинка хорошая	5
пусто иначе композиция и тождества существуют	5
количество текста который мы	5
читается первым	5
про теорию категорий	5
их программированием	5
же стена	5
выбираем капитана	5
ретракты в множествах	5
хаб и	5
как в книжке бурбаки	5
арка границы на примере	5
найдено но в документ	5
п уравнитель	5
оба элемента вернулись на место	5
для забывающего	5
ни одним способом не	5
больше нечего	5
интересы калибровка	5
в стороны	5
читает слово со своей	5
что подействовать и потом	5
каноническая кружковая последовательность	5
сохраняются всегда а отражаются только	5
оси красное	5
вторая четверть	5
определение потом	5
и я бы	5
комментарии ко	5
форма утверждения	5
когда читать первым когда	5
проговорить явно иначе полгруппы	5
виды живут на	5
курс были про сколько слоёв	5
не различает кто из	5
различает кто из	5
выпавших очков оказалась равна	5
создаёт повторов	5
раз половины	5
в скидке	5
авто хук	5
чистая культура	5
частица стоит в	5
внешним призом	5
из единицы приходят из геометрии	5
если ретракт через пару	5
статье нет	5
раз это не	5
одной причине не надо это я	5
против часовой вокруг белых клеток	5
за сколько шагов	5
одной находки без карточки	5
з гл уровень требует	5
лента м шириной не меньше	5
прототип уже	5
что делает с	5
нарратив отдельная	5
когда читать нужно	5
надо это я сам скажу хорошо	5
не выписано	5
источники понятие категория корзина трюк	5
объекта в начальный изоморфизм	5
гл печ нового для	5
якорь книги	5
оси красное ниже	5
при повороте конец растёт ровно	5
источников ни одной	5
котором у нас все	5
будет дышать	5
часовой вокруг	5
естественности обратимую стрелку	5
через пару то для любого	5
критерии готовности	5
одной буквой средней проверено для	5
одна теневая	5
лестница на	5
на мой вкус	5
нельзя в источниках прямым текстом	5
работаешь с изображением схема диаграмма график	5
крупно оставить	5
слайда источник строка	5
формулируем задачи у	5
аксиомы отдельной строкой	5
амортизация межарендных накладных	5
повтора все	5
заполнить состав	5
конус над диаграммой	5
теорема вычисление	5
же функтор	5
формула полной вероятности даёт уравнения	5
буквально то же самое	5
про строки	5
ничего этим	5
одноэлементно при и пусто иначе	5
группы потом	5
явно назван	5
папку арки	5
полоса около четверти	5
сюръективен на нём	5
звена не	5
когда две категории одно и то	5
там их	5
с оговоркой об	5
это я сам скажу хорошо что	5
й сцены приходит на	5
в саму верно не даром нужно	5
не надо на слайде	5
игры процессы	5
арка блока из а	5
ёмкость высокие фикс	5
потом какая	5
дисциплина сессии	5
конечномерном это изоморфизм	5
пути меняется	5
судит по	5
восстановления хроника	5
зал вынесет ложную мораль надо	5
сейчас точка	5
якоби о тройном	5
руками по	5
отображения объектов отображений морфизмов для которых	5
якорные строковые замены	5
со открыватель	5
формулировка без	5
вне школьного	5
около четверти ширины слайда источник	5
вправе спросить а другое	5
сечение а ретракт объекта про обратную	5
пусть и таковы что тогда ретракция	5
биекция та же	5
категории конечномерных векторных пространств	5
прямо здесь должно быть определение	5
у половина	5
частности элементов	5
полоса около четверти ширины	5
количество текста который мы вообще	5
левый слой	5
это ровно то что	5
общий кегль	5
бы делал	5
фишка забывает	5
поле единственный	5
тождества существуют и единственны	5
был бы неверен	5
проверено у всех	5
л война	5
значит что надо все комментарии	5
там где мы говорим	5
номерам пул задач куда дальше	5
конец растёт ровно	5
множества морфизмов между парой объектов и	5
двойственность двух	5
много всего лишнего	5
владельца порядок зависимостей размерность	5
нужно это не	5
сцепляются и закрывают плоскость	5
при любой точке	5
для которого не нужно	5
дома и колодец	5
отражение циклическая	5
не требуется ничего этим ретракт	5
то комментарии ко мне для меня	5
минутная ставка средний	5
звена не меняется ломаная вдвое длиннее	5
векторные пространства всегда	5
сухой разбитый на	5
утверждение задача для	5
квадрат естественности обратимую стрелку объекта	5
рекуррента есть	5
условию надо изобретать инструмент	5
стр есть	5
вопросы из пространств в группы	5
инженерный вынос	5
хорошая она полностью	5
поле откуда	5
всё оттуда	5
не накрывает	5
и рефлексивности	5
требуется ничего этим ретракт слабее изоморфизма	5
продолжение и зал	5
канторова форма	5
по на каждый из цветов	5
строгости формат события лекция	5
интересы калибровка по	5
три бывают впервые	5
что не делает арка	5
владельца порядок зависимостей размерность после	5
дневник арки	5
что не делает	5
порядок зависимостей размерность	5
дополнением тогда	5
что аксиомы выполняются по одной	5
ссылок имена чисты	5
скажу хорошо что ты это заметил	5
эквивалентность переносит произведения	5
утверждение без доказательства красный флаг	5
подробно объяснять почему	5
стрелку объекта в	5
слово не абстракция	5
порядок композиции	5
отражаются только строгими	5
которые можно жирным выделять мы не	5
сетка на	5
телефоне держится всё	5
владелец увидел	5
на каждой развилке	5
формулировки задач	5
кл л	5
вот такая мысль	5
бы не получилась и брауэр был	5
задача мини л на	5
строчные операции	5
с новой строки	5
семь тождеств лента	5
приём тот	5
на финал	5
мысль а	5
заметил но	5
доказательство квадрат	5
но в документ курса	5
и закон единицы для	5
веди владельца по стадиям	5
главное определение	5
разных понятия	5
сопоставляется объект	5
сухой разбитый	5
тем же днём	5
теоремой на	5
членские ы	5
границы возможного и у	5
таковы что тогда ретракция сечение	5
же ход что в	5
не той длины	5
три вещи которые	5
элементе оба элемента вернулись	5
резолвит каждый	5
сейчас из за этого продолбаю	5
надо это я сам скажу	5
влезло после	5
маржу собирать	5
это мини	5
точные пути	5
текст должен быть максимально	5
с оговоркой об общем шоке	5
этот слайд огромный	5
если человек знает	5
вход от задач	5
не по вкусу	5
не влезло после	5
пределы в предпорядке инфимумы	5
цены а	5
это йонеда	5
одной буквой средней	5
не из теории	5
вещь но это	5
если чётно буква	5
полоса около четверти ширины слайда	5
лицо под восемью	5
и потом перевести	5
полной вероятности даёт уравнения	5
рассказ дек	5
сначала один раз половины	5
отражение в линии	5
да нет не	5
противоречие пусть функтор	5
потолок и	5
канон рисунка	5
отношением считается категорией объекты	5
у объектов не бывает отрицательных	5
возможного и у машины и	5
отличается от ровно одной буквой средней	5
дальше следующая	5
дна это жуткость	5
замер на их	5
тогда ретракция сечение а ретракт объекта	5
в этом заходе только	5
у линии	5
три три	5
число лекций	5
тебя четыре элемента опять у	5
между актами	5
утверждении где	5
про сопряжённые функторы	5
пустая иллюстраций у слайда нет решение	5
заход назвал	5
понятие диаграммы	5
в разные объекты не	5
все вот и все	5
значит давай	5
не меняется пока	5
сайта не	5
не выписаны	5
игры графы	5
вход обязан	5
удвоить каждое звено	5
со своей вчерашней бумажки	5
когда функтора не	5
рекуррентное разложение	5
из трёх колонок	5
больше места будет больше	5
пригласительный тур	5
не пишем какую	5
предельные средние издержки	5
график слайды и тексты отдельная фабрика	5
нет и изоморфизм	5
по всем стр	5
пока путь	5
квантовых целых	5
назови это энтропией	5
перестройка акта по разбору	5
все четыре занятия	5
множества и векторные	5
а ретракт объекта про	5
категория определение категория	5
откуда писать с	5
формат нить	5
п чётные	5
с доказательством не	5
что виды живут	5
приходят в одну	5
статус примечание	5
выполняются по одной причине не	5
введены на двойственном матрица перенесена	5
композиция и тождества существуют и единственны	5
читается как нарастание	5
несбалансированные пути	5
функциональный граф	5
документ сирота не	5
не приклеить копию	5
это задача мини л на словах	5
множества морфизмов между парой	5
дерево путь дика	5
оракул печатает	5
приклеить копию а	5
быть какой то	5
свежая сессия прочитай это войди	5
контроль запрет не	5
матрица перенесена	5
не по умолчанию	5
ответ сколько	5
не вывезу	5
в замену базиса фаза текст	5
что объекту	5
четыре элемента опять у тебя слишком	5
слайд на котором	5
это самый дешёвый	5
согласуются с владельцем	5
разные области	5
которые зал	5
не меняется ломаная вдвое	5
гейте по формулировке	5
доске ранги крупно оставить	5
без подписей	5
работаешь с изображением схема	5
сирот битых ссылок имена	5
его на самом	5
часть одно лицо под	5
я сам скажу хорошо	5
пер лекция	5
диаг диаг	5
в листка	5
луч уходил из диска а	5
что это мини курс	5
четверти ширины	5
род суть	5
строковые замены если	5
за пределы диска ретракция бы	5
появляется ни один блок	5
слайде без	5
новый приём	5
каждой транспозиции	5
стоит там	5
пусть правило задано	5
подсчёт связей	5
задачи у нас	5
на вводный	5
проверено у	5
одна форма	5
полоска длины	5
вовсе решение	5
история про то что	5
не цель	5
оставить висеть на все четыре занятия	5
в проекте нет	5
виды живут на биекциях	5
за км в пакетах	5
в курс не входит	5
дальше складываются совершенно одинаково	5
и тут как бы	5
гёдель неполнота	5
определение впервые служит	5
пример три	5
подбирает солвер математика развёрнуто	5
обе стрелки гомоморфизмы без этого	5
когда две категории одно и	5
бросают шесть	5
ты имеешь в	5
и его надо	5
да вот это	5
сейчас точка восстановления хроника	5
потом перевести	5
ретракт объекта про обратную композицию не	5
эти пункты	5
один вопрос про	5
очереди случайным	5
про это а	5
базиса фаза текст слайдов написан	5
доков не	5
элемента опять у тебя	5
только при повороте конец растёт	5
урок про	5
источников ни одной находки	5
пропускают луч упирается в	5
обычно его пропускают луч	5
с й сцены приходит на й	5
источнике нет	5
оговоркой об	5
обратных морфизмов	5
построить изоморфизм	5
и зал вправе	5
мин с служебное	5
огромное количество текста который	5
проверяются даром потому что	5
считается категорией объекты элементы	5
как на гипотенузе	5
смысл сцен	5
здесь становится	5
любого функтора объект	5
в тв	5
скажи с доказательством	5
изоморфизм потом определение	5
теорией и рыночной практикой	5
ничего не добавляет к	5
функтором в	5
сложить раза одноцветные склеить попарно	5
не врёт	5
и единственны по транзитивности и рефлексивности	5
напиши слова	5
вопрос сколько стрелок вырождается	5
единственные морфизмы	5
пока петлю шевелят непрерывно	5
не понадобилось	5
вот не	5
считаем композицию на каждом элементе оба	5
нет решение владельца в части	5
совпадение двух	5
виден на	5
и как с ним работать	5
вертикальная стрелка	5
двойки которые весь курс	5
примере без	5
а долг	5
слайд собранные лентой каждый	5
пбд с внутренними вершинами	5
быть пример	5
в источниках прямым	5
здесь ещё не	5
вау проба	5
аналитика документация	5
длина звена не меняется ломаная	5
конец растёт ровно в за ранг	5
чётных местах стоит целиком слово	5
центры группа	5
курса теория категорий	5
л сложность л	5
причине не надо	5
обычно его пропускают луч упирается	5
знаков на кадр	5
только в тексте	5
первого слайда	5
звена не меняется ломаная вдвое	5
естественные преобразования между функторами	5
объектов отображений морфизмов для которых	5
применить биекцию	5
изображением схема диаграмма график слайды и	5
что нибудь нарисует	5
формат ровно	5
до функтора доказательство	5
одно тождество до дна это жуткость	5
ли естественный	5
это аргумент за	5
всякое непрерывное имеет неподвижную	5
одна реплика	5
линия выше	5
йонеда с	5
если хотите почитайте	5
теорема на каждом	5
обратимый с	5
чтобы луч	5
полоска до	5
посчитано в	5
придумать как запаковать его в	5
часть до	5
размерность после	5
ситуация дом работаешь с изображением	5
не надо достраивать в	5
часть одно	5
как стрелки	5
свойство мира	5
уровня конвейера	5
непик пол	5
греп мой по	5
естественности обратимую стрелку объекта в	5
из отображения объектов отображений	5
понятие категория корзина трюк	5
с й сцены приходит	5
отражаются только строгими и	5
ради которых	5
морфизмов между парой объектов и	5
себя не пересекает	5
живой борд	5
и единственно правило совпало	5
против часовой вокруг	5
главная поправка	5
зал вправе спросить а другое	5
транзитивным отношением считается категорией объекты	5
см часть	5
рекуррента смотрим на	5
доказал д э кнут	5
он есть только	5
как запаковать	5
то комментарии ко мне для	5
работа арки	5
того же файла	5
не сразу весь	5
у точки экспоненты это	5
опора тригонометрический	5
отсечение по	5
местах стоит целиком слово	5
объяснить словами что то	5
с все задачи дословно	5
возможного и у машины и у	5
измерительной части	5
важная её	5
это заметил но	5
построили в конечномерном	5
связи уровень	5
и есть сложение в	5
а имя	5
обсуждение не как докажите	5
зависимое произведение	5
кэли не	5
арка л до идеала	5
иллюстрация в	5
пространства заявлены	5
термины по	5
с изображением схема диаграмма график	5
выглядеть общего положения	5
ретракт через пару то для любого	5
якорные строковые	5
комбинаторный вид по определению есть функтор	5
сечение а ретракт объекта про	5
тождество до дна это жуткость	5
в теорвер	5
слайда нет решение владельца в	5
список потерь пуст	5
замены если совпадений	5
слайды и тексты отдельная фабрика	5
то же что подействовать и	5
при всех то есть	5
любого функтора объект ретракт	5
ядро руками	5
объект ретракт через	5
разбитый на вот	5
главные ломаные ранга	5
цена а	5
нет двоичная	5
уезжают из	5
слово канонический	5
см идеал кассовая лента	5
ограничимся на	5
у обратный	5
второй сквозной	5
эквивалентна своему скелету	5
язык подводки	5
правки признанные	5
вторым ходом	5
дракона выпустить из	5
последовательность путь дика	5
то же слово задом наперёд	5
матрица перенесена в	5
изобретать инструмент	5
с в гейте та	5
категория эквивалентна своему	5
проекте нет	5
заголовок ретракты	5
мы не формулируем	5
буквой средней проверено для	5
объект ретракт через пару доказательство	5
выход чек лист	5
доказывается у	5
как запаковать его	5
первого складывания он же средняя вершина	5
если ретракт через пару то для	5
полосок по	5
у категорная	5
поле единственный тонкий шаг	5
при сдутии	5
пока не внесённые	5
половину курса	5
категория корзина уровень зал	5
ни одной находки	5
как измеримый следующий	5
это войди в активную	5
но в документ курса не	5
читал не читан целиком есть назначение	5
введены на двойственном	5
пиши как в	5
ничего не надо достраивать в уме	5
зависимостей размерность	5
вне канона	5
не называть	5
двухставочный цена	5
чётные и нечётные места	5
сцепляются и закрывают	5
состояние живёт на диске	5
естественна по	5
шпернер охрана	5
композицию не требуется ничего этим ретракт	5
доказать ну	5
и все это	5
ответом на категорный вопрос	5
на языке триангуляций	5
количество текста	5
ложна скажи с доказательством	5
объектах есть	5
декомпозиция понятия	5
по шмалензее	5
потом про	5
крипто натяжка	5
верно не даром нужно чтобы луч	5
внутрь не	5
тогда то есть обе стрелки	5
определение ретракта	5
кассовая лента м шириной	5
сохраняются всегда а отражаются только строгими	5
тебя четыре	5
не код	5
цена одна	5
карточного графа	5
уходил из диска а не входил	5
считаем композицию на	5
не зависит от координат	5
даёт слева	5
строгими и полными	5
объект объект	5
в транспозицию	5
служебных слайда	5
прочитай это войди в активную арку	5
упёрся в собственный предел	5
то что аксиомы	5
половины легли	5
не существует и это	5
к общим определениям	5
стратегия в скидке	5
каждую сложить раза одноцветные склеить попарно	5
якорные строковые замены если совпадений	5
канал к	5
признаку владельца утверждение без	5
всегда по условию надо изобретать	5
матрица перенесена в замену	5
декартова замкнутость задаётся уравнениями	5
то что аксиомы выполняются	5
элемента опять у	5
же аппарат	5
не надо на	5
объектов не бывает	5
всё оттуда и одним языком	5
совершенно одинаково значит	5
одной точки каждый повернув на	5
этим детям	5
чекпоинт владельцу	5
по одной причине не надо	5
ну во первых	5
конструкция задана	5
не получилась и брауэр был бы	5
один раз половины легли друг на	5
разделителя слайд изоморфизм отделён	5
складывания он же средняя	5
полоски не короче см идеал кассовая	5
равняется вот	5
что это мини	5
выверено владельцем тз	5
первом деке	5
доказательство программа	5
в одном скилле	5
ты это заметил но	5
утверждение спрятанное в замечании при	5
заголовок может быть	5
честный финал не	5
сумма выпавших очков оказалась	5
функтор если	5
высоцкий кружок по теории вероятностей	5
номерам пул задач куда	5
нет брауэр	5
легли друг на	5
экзотика ради	5
из четырёх пар три проверяются	5
координаты введены на двойственном матрица перенесена	5
пару то для	5
у исполнителя	5
кноп взвешивания и	5
здесь неправильная	5
из одного элемента в элементов	5
арка при	5
клетчатые листы а	5
по одному объекту из каждого	5
по номерам пул задач куда дальше	5
в документ курса	5
тут ничего	5
тексты отдельная фабрика	5
оба факта	5
с й сцены приходит на	5
тождеств лента	5
функтора объект ретракт через	5
утверждение строгий и	5
здесь должно быть определение	5
трип издержки подача уборка поддержка	5
тексты отдельная фабрика ядро читать перед	5
всему потоку	5
дальше складываются совершенно одинаково значит	5
сухой разбитый на вот	5
это вообще нужно	5
дословно надо	5
в нужный раздел	5
причине не надо это я сам	5
числа не поехали	5
упёрся в собственный	5
легко задать нельзя обратить	5
рабочий материал	5
один файл в папке	5
по разбору владельца подблоки	5
источники понятие категория корзина уровень	5
а слайды	5
рабочий документ	5
базиса фаза текст	5
тогда ретракция	5
опора не	5
научпоп контекст	5
формулировка постройте	5
примеры видов	5
нравится что у тебя четыре	5
закрывают плоскость	5
кросс темы тема	5
источник язык	5
ложную мораль	5
слабые стороны формат	5
круг треугольник	5
элементе оба элемента вернулись на место	5
с нуля что	5
не даром нужно чтобы луч уходил	5
в лекции просто бывают вопросы	5
он же назвал	5
зал его знает	5
а добавить	5
появляться не	5
менять сильно	5
сложить раз а потом ещё	5
сжать защитить	5
гейт проверяет	5
просто не сформулировать	5
элемента вернулись на место	5
можно жирным выделять	5
в разбор	5
запрет в конце	5
одной средней	5
на двоичную запись	5
не является ретрактом диска	5
финальных постов	5
где то же самое	5
с рекуррентным разложением	5
каждую сложить раза одноцветные	5
сброшены в заполнить	5
на час у	5
свой файл	5
морфизмы которые сохраняют	5
пределы диска ретракция бы не получилась	5
пусто иначе композиция и	5
иначе во всю строку	5
тип мат	5
несущая ситуация	5
множества морфизмов между парой объектов	5
копию а удвоить каждое звено	5
фраза ужасная	5
матрица перенесена в замену базиса фаза	5
самостоятельная лекция	5
окружность существует всегда	5
входы модели	5
морфизм по	5
скажи с	5
слайд есть	5
владелец математик	5
и разговор	5
не даром	5
что аксиомы выполняются	5
они по моему не	5
при нужде строку в выдай	5
пятью кругами правок	5
слайда сцена	5
сцена где	5
уровень строгости формат события лекция курс	5
чтобы луч уходил из диска	5
называются одной фразой	5
совпало на всех	5
тождественный на	5
вдоль пути определена	5
час убывающие	5
про конечномерные	5
оказались адресами	5
до функтора не	5
пол ниже	5
один файл в	5
и колодец	5
это два отдельных	5
есть причина	5
разбитый на вот эти пункты	5
зал может	5
каждый повернув	5
при и пусто	5
инъекции из	5
национальных традиций	5
половины легли друг на друга	5
есть сложение в	5
можно жирным выделять мы не	5
функтор доказательство обе аксиомы	5
рынок дешевле	5
аксиом функтора	5
оговоркой об общем шоке	5
одно продолжение и зал	5
для любого функтора объект	5
быть определение	5
нет решение владельца в части сняты	5
финальное имя курса	5
захода как	5
единственный доминирующий сдвиг	5
скажи владельцу что	5
критерий приёмки	5
давай разбираться	5
владельца подблоки жирным зачином правило	5
композиция вдоль пути определена	5
функтор это конструкция	5
с дизъюнктным	5
по прямому требованию владельца	5
пара функторов	5
и тексты отдельная	5
канал кроссворд тьюринга	5
этого продолбаю лекцию	5
конец растёт ровно в за	5
раз сложить раз	5
без комментариев что ламбек показал	5
по одному признаку	5
приведён к	5
нового для	5
не меняется пока петлю	5
не из теории чисел	5
состоит из класса объектов множества морфизмов	5
пример объекты	5
пример потом изоморфизм потом определение	5
курса не вошло	5
якорные строковые замены если	5
стоп я	5
шесть рукопожатий	5
на слайдах писать	5
ну опять	5
русский статус примечание	5
теперь значит	5
слайде вот	5
изоморфизм потом	5
на биекциях правило	5
хаб скобочные последовательности	5
не приклеить копию а	5
у свободной	5
меняется редко и	5
у морфизм из	5
слайд изоморфизм отделён	5
пар три	5
сюжета это	5
в пути дика	5
буквально то есть	5
веди владельца по	5
что слева что	5
роста утилизации	5
зачином правило разделителя слайд изоморфизм	5
мы сейчас точка восстановления	5
центр группы функтора нет	5
предыдущий ранг	5
признаку владельца утверждение без доказательства	5
в активную арку	5
идём дальше	5
собранные лентой каждый	5
функтора объект ретракт через пару	5
не надо достраивать в уме	5
одному объекту из каждого класса	5
единственно правило совпало	5
на место значит	5
ретракт слабее изоморфизма утверждение	5
и как с ним	5
человек не может проверить	5
тебя слишком большая	5
раз половины легли	5
всегда а отражаются	5
множество одноэлементно	5
математика руками	5
быть больше места будет	5
ровно одной буквой средней проверено для	5
вместе с последней ссылкой	5
картинка хорошая она	5
времени внутри	5
у тебя было	5
него материалы	5
аксиомы отдельной	5
знает знает	5
не спойлерить	5
одной причине не надо	5
понять о	5
попарно четыре	5
уже дважды	5
транзитивным отношением считается	5
скидка а б	5
не помеха	5
на элементе а	5
способ вырастить ранг	5
композиция в	5
каждом элементе оба элемента вернулись	5
я не понимаю что	5
формулы эластичности	5
вовсе проверено	5
произносится поле	5
новый сквозной	5
только короткий	5
понятие одно	5
ровно одной буквой средней проверено	5
тождества существуют	5
все работает но это	5
у объектов	5
любой пример должен	5
на л и	5
не может без	5
придумали компьютер	5
слабее изоморфизма	5
на она проходит	5
слово гомотопия можно не	5
вкладка модель	5
хотите почитайте	5
жирным зачином правило разделителя слайд изоморфизм	5
разбор случаев	5
шириной не меньше см	5
напомнить прямо	5
у точки экспоненты это морфизмы	5
дальше только	5
планарность формула	5
лекцию про сопряжённые функторы	5
поправить слайд	5
к разбору	5
таймкод слайд	5
одной точки каждый	5
крупно оставить висеть	5
слайда нет на	5
двойственном матрица перенесена в замену базиса	5
слишком большая симметрия	5
а не множество	5
чётность графы игры	5
пространства общего	5
моноид категория с одним	5
окажется через секунду	5
ни одной находки без карточки	5
тот же что в	5
машинного гейта	5
навязанной истории	5
сторона тождества	5
парковки и	5
тут как то	5
картинка объясняет	5
условие листок	5
приклеить копию а удвоить каждое	5
пар три проверяются даром потому что	5
например там где	5
это не значит что надо	5
не создаёт повторов	5
печатает команда	5
оператор замыкания	5
плотнее энтропии не	5
и зал вправе спросить	5
примерами а	5
между каждыми двумя старыми	5
же теневая цена ёмкости	5
ретракция бы не	5
гомоморфизм из единичной группы посылает	5
час убывающие с	5
сумма чётностей а сложение	5
карта прикладной	5
обмоткам с	5
условием работы	5
с владельцем до	5
у обратный морфизм единствен	5
каждом звене как на гипотенузе	5
почему сложить раз	5
на содержащие	5
четырёх пар три проверяются даром	5
даром нужно	5
убывающие с	5
пространств в группы	5
не средний	5
не показать	5
кл да как показать руками	5
ни у высоцкого	5
выпавших очков оказалась	5
про сколько	5
задачи мцнмо	5
владельца подблоки жирным зачином	5
так смотри	5
уходил из	5
найдено но в документ курса не	5
группа из двух элементов	5
с изображением схема диаграмма график слайды	5
категории графа	5
неотриц конец	5
структура деплой	5
а не порядок	5
категории конечномерных	5
рынок подтверждает	5
словарь вопросов к незнакомой	5
со свободной группой	5
не как докажите	5
количества сцен	5
та же стена	5
же слово задом наперёд	5
лекции лекция	5
слово противоречие	5
задача а б	5
иначе композиция и тождества	5
где мы говорим	5
правки владельца порядок	5
свежая сессия прочитай это войди в	5
теорией и рыночной	5
первого складывания он	5
выглядят плохо	5
два цвета произведения категорий абзац	5
источников курса	5
тема оригами	5
равняется из по	5
же фраза	5
нет у нас	5
ниже заход	5
делаем для него	5
алгоритмы шмк	5
оба акта	5
печ с все задачи	5
ключевая развязка	5
не отсекает	5
проверено перебором всех слов	5
по поворотам	5
окружность не является ретрактом	5
не гоняйся	5
собственный предел	5
шпернер через	5
объяснить словами что	5
нужно на слайдах	5
слайды и тексты отдельная фабрика ядро	5
ними изоморфизм	5
препятствия нет и	5
есть сумма четырёх квадратов	5
откуда писать	5
предсказание сжатие	5
интервью по	5
зависимостей размерность после	5
закрыто у	5
активную арку	5
точности ориентированный	5
пару то для любого	5
стрелка процесс	5
из объекта	5
подсчёт степени	5
по очереди случайным	5
перебор даёт	5
при проверено	5
отображение диска в	5
доказывать ну	5
в корпусе нет	5
которого не нужно	5
на одну сцену	5
каталана как интеграл	5
три ремонта	5
не заводим	5
выпавшей грани	5
порядки циклические порядки	5
рус маклейн гл	5
критерия эквивалентности	5
параметрическая модель	5
под восемью масками задачи	5
не достаётся	5
выдавать за	5
выход чек	5
все комментарии убрать	5
пространство измерений	5
всё оттуда и одним	5
было понятно где	5
владельца утверждение без доказательства	5
скелет не	5
запаковать его	5
хорошая она полностью объясняет	5
с первых лекций	5
дика по числу пиков	5
слово со своей вчерашней	5
и тут как	5
из со звёздочкой	5
ничего не надо достраивать в	5
и единственно правило совпало на всех	5
на котором держится	5
пройдёт ровно	5
рефлексивным транзитивным отношением	5
ранги крупно оставить висеть	5
правки признанные и пока не	5
ёмкость высокие фикс косты	5
дуги как	5
придумать как запаковать	5
файл вне	5
из неё не видно	5
в модели только	5
двойной подсчёт степени	5
это не значит что надо все	5
называются одной	5
планарность формула эйлера	5
к лернеру	5
восемью масками	5
каждая сторона тождества	5
сохраняют отмеченные	5
оба суть	5
кто в зале	5
равенство двух формул	5
условию надо изобретать	5
есть сумма четырёх	5
источников ни одной находки без	5
скажи с доказательством не гоняйся за	5
правая полоса	5
приклеить копию а удвоить каждое звено	5
не с потолка	5
естественности обратимую	5
в подпись	5
раз половины легли друг	5
колмогоров александров	5
одну реплику	5
не делает арка границы на примере	5
на выпавшей грани есть	5
через пару доказательство	5
всегда а отражаются только строгими и	5
хорошо давай	5
с путями дика	5
карта связей	5
на двойственном матрица перенесена	5
найдено но в документ курса	5
см идеал	5
не пишем какую то	5
длинных пакетов	5
войди в активную	5
репозиторий не	5
измерить сжать	5
гомоморфизмы без	5
разбору владельца подблоки жирным зачином	5
уровень кл	5
номерам пул задач	5
и приём	5
ровно в одном месте	5
оставить висеть на	5
чёрный ящик доказательство	5
четыре элемента опять у тебя	5
стрелки сохраняют отмеченные	5
после базиса координаты введены на	5
функтор состоит из отображения	5
проверяются даром	5
готовые листки	5
и тексты отдельная фабрика ядро читать	5
часть стратегия	5
объект ретракт	5
л л л дано	5
что виды живут на биекциях	5
за этого продолбаю	5
пусть правило задано только на	5
палитра и	5
очень точно ложится	5
языке триангуляций	5
в квадрат естественности обратимую стрелку объекта	5
один узор	5
же правилом	5
вопросы из пространств	5
получилась и брауэр был бы неверен	5
тригонометрический угол	5
у начальный	5
по условию надо изобретать инструмент	5
до смены	5
математика котёл	5
математики компьютеров	5
по признаку владельца	5
одной строкой в	5
прямо здесь должно быть	5
слайде не появляется ни	5
нравится что у	5
если ретракт через	5
курс были про сколько	5
плохо плохо плохо плохо	5
проверен на	5
тебя было	5
вопрос поле	5
продолжение следует	5
упорядоченные разбиения числа	5
без комментариев что ламбек	5
виды живут	5
правило задано только на объектах	5
вывезу и	5
отображения объектов отображений морфизмов	5
каждую вторую вершину	5
форма условия	5
рефлексивным транзитивным отношением считается категорией объекты	5
про размерность	5
луч уходил	5
правки владельца порядок зависимостей размерность после	5
по руке жив	5
каждой транспозиции то	5
пусть обратим по полноте для некоторого	5
заходит через	5
поле кандидат	5
часть гл	5
в замену базиса	5
диаграмма график слайды и	5
уходил из диска а не	5
не меняется ломаная вдвое длиннее	5
меняется пока петлю шевелят непрерывно	5
чётные нечётные	5
чего стоит	5
что у тебя четыре элемента	5
утверждение рекуррента смотрим на	5
на чётные места	5
по всему потоку	5
й сцены приходит на й	5
наверх в	5
подействовать то же что подействовать	5
перестройка акта	5
заголовка нет	5
владельца п	5
буквой средней проверено для всех	5
проверено перебором до	5
короче см идеал кассовая лента	5
связь с деревьями	5
значит её	5
реальность чек минутной	5
тем же правилом	5
циферблат лекция	5
часть одно лицо под восемью	5
что сломано	5
обмоткам с весом	5
если в категории	5
двух соседей слева	5
диаграмма график слайды	5
места будет больше будет	5
тот же довод	5
с этим делать	5
текст порежется	5
дословно таймкод слайд	5
по транзитивности и рефлексивности	5
слайде что я сам	5
бы пример	5
множества её	5
повтора все рёбер	5
канон закрыто у	5
биекция доказательство	5
копию а удвоить каждое	5
одного элемента в элементов	5
потолка и	5
сложить раз сложить раз а потом	5
объектов множества морфизмов между парой	5
строится явно	5
из за этого продолбаю лекцию	5
клепцын квантик	5
делает арка границы на примере не	5
разговор первым	5
что это что	5
через сколько шагов	5
несущая конструкция а	5
быть такая	5
естественности и	5
нет короткого	5
одно понятие одно	5
построили в конечномерном случае	5
и единственны по	5
друг на друга и дальше	5
морфизм по полноте имеет вид	5
текст не будет читать	5
линейными порядками	5
задачи у нас в лекции просто	5
тоже и	5
убираем это	5
с построчной	5
между звеньями	5
надо сильно	5
кап против	5
сам счёт	5
одна асимметрия	5
сложить раза	5
пределы копределы в	5
примеры потом	5
с разобранным примером	5
вчерашней бумажки	5
два отдельных рассказа	5
орлами ровно	5
в зачем	5
места будет больше	5
связь двух	5
и это ровно то	5
у категорий	5
без неё зал	5
новых доков не плодить	5
только строгими	5
что вести	5
утверждение изоморфизм	5
стартовая точка	5
и опиши	5
сцены приходит на	5
а отражаются только	5
даже заголовка	5
по делимости	5
иначе композиция и тождества существуют	5
дают ровно	5
поле иначе во всю	5
слева что	5
на разном материале	5
референс уровень строгости формат события лекция	5
граница размытая	5
кноп взвешивания	5
утверждение вторая	5
гл отсечены	5
когда читать первым когда работаешь	5
за пределы диска ретракция бы не	5
нет реестр	5
не бывает отрицательных	5
они ну	5
кандидат что резать материал референс уровень	5
см запись	5
дальше вся	5
идеи на будущее	5
не выдуман	5
бьёт в	5
документе нет ни	5
редакций списка	5
не появляется ни один	5
кассовая лента м шириной не	5
мосты неотрицательные	5
это какие то комментарии ко мне	5
причине не надо это я	5
корни из единицы приходят из	5
тем же заходом	5
ничего этим ретракт	5
растёт ровно в	5
л л л дано раньше	5
не надо достраивать	5
пределы копределы в зоне	5
признанные и пока не внесённые	5
численная сверка	5
документ не	5
новых доков не	5
задачи у нас в лекции	5
бешеного количества сцен как бы	5
ребёнок читает слово со своей	5
ретракция сечение а ретракт объекта про	5
дракона выпустить из одной	5
функтором не продолжается	5
в арки	5
луч уходил из диска а не	5
что ламбек показал	5
все менять	5
зал работает	5
сложность информация криптография	5
триангуляции коридор	5
и танглы	5
маркер списка	5
граф котлы	5
чек минутной	5
лентой каждый раздел ниже	5
единственно правило совпало на	5
доказательства красный флаг	5
это йонеда на	5
ранга на нечётных	5
хорошо что ты это заметил но	5
в нём и	5
пределы диска	5
на доске ранги крупно оставить висеть	5
дракона выпустить	5
шахматисты и	5
минутная ставка средний таргет	5
они и есть	5
доказательства красный	5
жирным выделять мы не	5
якорь по	5
сцены приходит на й и	5
есть это просто	5
растёт из	5
само есть функтор	5
иллюстрации с	5
по номерам пул задач	5
считается категорией объекты	5
объяснять не надо на	5
вернулись на	5
источник листок з гл уровень требует	5
шаг уголок	5
м з з з	5
же сам	5
дика ровно	5
в этом весь	5
генератор не писать	5
стрелка ровно одна	5
поле иначе во всю строку	5
проверяются даром потому	5
длина звена не меняется	5
у нас в лекции просто	5
противоречие пусть функтор существует	5
форма на путях	5
обратимую стрелку объекта в себя	5
тебя четыре элемента опять у тебя	5
тз переписано	5
вернуться в ноль	5
дайджеста нет	5
виден из	5
мост к каталановскому кластеру	5
источника нет	5
понятие одно обозначение	5
цены тестирование	5
весь курс были про сколько слоёв	5
под восемью	5
то есть квадрат	5
полоску втрое	5
функтор состоит из отображения объектов	5
в шаблоне	5
через пару то для любого функтора	5
заходом на	5
всякое непрерывное имеет	5
целиком у нас	5
прежнее решение	5
и шень	5
ложна скажи с	5
ложную мораль надо было	5
а отражаются только строгими и	5
размер полоса около четверти ширины	5
ни там ни там	5
каждом элементе оба элемента вернулись на	5
на все четыре занятия	5
л функторы	5
ломается исключённое	5
и мы её	5
из одной точки каждый повернув на	5
вырастить ранг не	5
владельцу что понял и	5
все работает	5
что ламбек	5
солвер математика развёрнуто	5
что дальше инструмент	5
нет часть	5
огромное количество текста который мы вообще	5
ты имеешь в виду	5
собранные лентой каждый раздел ниже	5
не заменять	5
по актам	5
и в со	5
давать как обсуждение не как	5
не сюда	5
есть выше	5
заголовок если	5
буква сгиб первого складывания	5
одним способом не продолжается	5
ночной заход	5
зоны этого	5
средней проверено для всех слов рангов	5
высоцкий кружок по	5
часть одно лицо	5
весь кадр	5
ни одним способом не продолжается	5
утверждение биекция	5
и пометка	5
что запрещено	5
стрелку объекта в себя	5
вслух не	5
это конкретное	5
с доказательством не гоняйся за	5
отрицательный вывод по	5
общим концом и	5
весь раздел	5
потом подействовать то же	5
вместе с последней	5
а функторы	5
сказать предположим что	5
про естественное	5
почему именно так	5
у слайда нет решение владельца в	5
правок а	5
не обязан лежать в	5
и закрывают плоскость	5
много языков	5
луч уходил из диска	5
них остаётся	5
о с реш с	5
стрелок вырождается	5
категория категория состоит из класса объектов	5
самое что с	5
где мы сейчас точка восстановления хроника	5
тема мосты	5
из соображений связанных	5
и есть дорога	5
же приёмом что	5
тоже пример	5
это прикольно	5
один длинный	5
в один элемент	5
выпавшей грани есть	5
каждый из цветов	5
без навязанной истории	5
на двойственном матрица перенесена в	5
пусто иначе композиция	5
жирным выделять	5
как обсуждение не	5
утилизация минутной базы эфф	5
после базиса координаты введены на двойственном	5
способом не продолжается до	5
владельцем цитаты дословные что поправить слайд	5
не перегибать	5
этим словарём	5
между парой объектов	5
на печ с	5
этим ретракт слабее изоморфизма	5
задним числом не	5
про сам	5
замену базиса фаза	5
петля с	5
таблица цепочек	5
и есть способ	5
слева что справа	5
прошлый заход	5
непрерывное имеет неподвижную точку доказательство	5
задача стоит	5
а текст	5
единицы приходят из	5
ужасный абзац	5
и тождества существуют	5
со сноской	5
просто бывают вопросы	5
единственность сопряжённого	5
сильно все менять	5
картинки диаграммы	5
владельца по стадиям	5
больше я просто	5
справа она	5
после хиросимы	5
в каждом непустом	5
лекция или курс	5
слайдов кандидат что резать материал референс	5
сюжетов порядок	5
только при повороте	5
сразу за которым	5
же средняя	5
композиция и тождества существуют и	5
тыс знаков	5
за потолок	5
чтобы после складываний	5
все хорошие слова длины	5
источник раскадровка	5
обратимо то есть	5
искали дыра	5
относительно друга на	5
делает арка границы на	5
та же что на месте если	5
стрелка подписана	5
при и пусто иначе	5
вести у доски	5
линию раз	5
то есть обе	5
очков оказалась равна	5
ровно по одному объекту	5
есть утверждение что	5
частица стоит	5
вести у	5
точка едет по	5
конечном случае	5
проверено перебором для	5
число сцен от	5
рекурсия и	5
поместить на один слайд	5
в этой папке	5
карточки клепцына	5
дуги как в	5
о турнирах	5
сопряжения с	5
доказательств формулы каталана	5
функторы в предупорядоченное множество	5
лекции просто	5
композицию на каждом элементе	5
это какие то комментарии	5
рыночной практикой	5
темам не	5
не утверждается	5
владельца можно	5
экспонента произведение	5
вопросом про	5
что есть у	5
одно пополам	5
кость бросают шесть раз	5
один раз половины	5
два дома и колодец	5
отображений морфизмов для которых	5
с их программированием	5
слайде с	5
гейт слоями	5
добавлена одна	5
по одному звену	5
зал вынесет ложную мораль надо было	5
вынесет ложную мораль надо было сузить	5
сам скажу хорошо что ты это	5
из соображений связанных с	5
нравится что у тебя четыре элемента	5
словами что то что	5
препятствия нет и изоморфизм	5
реальность чек минутной ставки	5
фазы вход	5
это заметил но не надо	5
под неё	5
курса есть	5
вырастить ранг не приклеить копию а	5
пропускают луч упирается	5
экстремальные запреты	5
прошлый раз мы	5
оживёт на их	5
по обмоткам с	5
не осмыслен	5
определение утверждение доказательство источник уровень	5
на чётных местах стоит целиком	5
для единого	5
а сложение чётностей	5
очереди случайным образом	5
про ничего	5
почему сложить раз сложить раз	5
новых файлов не	5
произвол а	5
жирным зачином правило разделителя	5
пропал по	5
разбиения в коробке	5
что аксиомы выполняются по одной причине	5
теорию комбинаторных видов	5
что ты имеешь в	5
граница ещё	5
не продолжается до функтора доказательство	5
вопрос бизнесу	5
правило совпало на всех	5
диска ретракция бы не получилась	5
утверждение строгий и полный функтор	5
друг на друга и дальше складываются	5
как делаем для	5
нужны те же	5
значит что надо все комментарии убрать	5
п расслоённое произведение	5
строгими и	5
новый генератор не писать	5
существует и единственно правило совпало на	5
ты это заметил но не надо	5
уровня он	5
связанных с их программированием	5
а ретракт объекта	5
с рефлексивным транзитивным отношением считается	5
буквой средней	5
лицо под восемью масками задачи	5
а ретракт объекта про обратную	5
не надо на слайде что	5
почитайте самостоятельно	5
функторов а	5
арка л до	5
за фантомом	5
значит смотрите	5
делает арка границы на примере	5
разбору владельца подблоки жирным	5
сейчас точка восстановления	5
а не результат	5
значит что надо все	5
получилась и брауэр был бы	5
дистилляция сцены илл	5
есть та самая	5
с в гейте по	5
дз по номерам пул задач куда	5
чётных местах стоит целиком	5
это ну	5
зал вынесет ложную мораль	5
сверено численно	5
а не по вкусу	5
ты это заметил но не	5
к чёрту	5
ровно доминирующий	5
склеить попарно четыре	5
размер горизонтальная полоса	5
у тебя четыре элемента	5
не вывезу и	5
что ты это заметил но	5
первый слайд не	5
выглядеть общего	5
утверждение спрятанное	5
одной буквой средней проверено	5
раз сложить раз а потом	5
продолжение и зал вправе спросить а	5
сказать конструкция	5
диапазоном чувствительности	5
а ретракт объекта про обратную композицию	5
на слайде что я сам объясню	5
снято со	5
линия курса	5
сам инструмент	5
ассоциативность композиции и	5
категории конечномерных векторных	5
слово задом	5
где среднее равенство	5
перевести и потом подействовать	5
путям дика	5
его читают	5
тогда ретракция сечение	5
не нужно и	5
проверь что	5
пугает а	5
нет л	5
диска на окружность существует	5
не значит что надо все комментарии	5
ранги крупно оставить	5
и только теперь	5
новые связи	5
шевелят непрерывно	5
один раз половины легли	5
цена из	5
шень з печ с вне гейта	5
объектов не бывает отрицательных	5
слово задом наперёд	5
от нижнего края	5
кандидат что резать материал референс	5
каждыми двумя старыми	5
оказывается сильнее чем	5
не грепом	5
в книжке бурбаки	5
саму верно не даром нужно	5
ковариантный функтор переводит	5
складывания он же средняя вершина	5
множества морфизмов между	5
бросают до	5
где что то	5
тождество до дна это	5
гл с гл с	5
изоморфизм есть и он	5
цвета произведения категорий абзац	5
это закрывает	5
которые весь курс были про сколько	5
запиши в	5
и что дальше инструмент	5
степени двойки которые весь курс	5
биекция а биекция	5
что не нужно	5
пределы диска ретракция	5
тогда то есть обе стрелки сохраняют	5
документ курса не вошло	5
замечание владельца	5
граф с циклом	5
слайде не появляется ни один блок	5
изоморфизмы сохраняются	5
закон единицы для	5
не формулируем	5
дешевле таргета	5
издержки стратегия в скидке	5
мне не нравится что	5
источников ни одной находки без карточки	5
ранг потом	5
складыванием бумаги	5
реестр гейтов	5
жирным выделять мы не пишем	5
и процессы ведёт к	5
нас все работает но это не	5
и потом подействовать то же	5
пять конструкций	5
л всё	5
всякое непрерывное имеет неподвижную точку	5
структура деплой конвенции	5
нет вместо	5
складывай как хочешь	5
телом л	5
нужде строку	5
не потеря	5
в модулярность	5
определение диаграмма	5
листок как задача не идёт	5
а разбор	5
отношением считается категорией объекты элементы	5
з гл уровень требует приручения	5
акт что	5
известный объект	5
ложную мораль надо	5
нет решение владельца в	5
третьей четверти	5
лентой каждый	5
всё то есть	5
допущение провенанс	5
полоску сначала один раз половины легли	5
больше я просто не вывезу	5
бешеного количества сцен как	5
надо это я сам	5
утверждение строгий и полный функтор отражает	5
переносит произведения	5
банк сюжетов	5
спрятанное в замечании при	5
для всех слов рангов	5
утверждение сцена	5
удвоить каждое	5
мы не формулируем задачи	5
утверждение потом рассуждение	5
квадраты на звеньях	5
меньше машин	5
из роста утилизации	5
пару доказательство	5
явно иначе полгруппы сложит	5
не снят	5
доказательство три строки	5
половина есть	5
минутную ставку	5
места будет больше будет дышать	5
бывает отрицательных	5
слово ранга согласованное с	5
по ландшафту	5
правило ни одним	5
единое окно памяти	5
тогда ретракция сечение а	5
строгости формат	5
у морфизм	5
и брауэр был бы	5
базиса координаты введены на двойственном	5
не меняется пока петлю шевелят непрерывно	5
двойственном матрица перенесена	5
правило совпало	5
композиция вдоль пути определена однозначно	5
слово ранга согласованное	5
код бодо	5
упражнение к	5
любой пример	5
графовый язык	5
без цены	5
скидка а	5
магистральные линии	5
в источнике нет	5
это войди в активную арку	5
новый зверь	5
два слайда я	5
арка границы на	5
если резать не	5
это какие то	5
шапка где мы	5
что тогда ретракция сечение	5
число есть сумма четырёх	5
категория с одним объектом и	5
с дизъюнктным объединением	5
ко мне для меня	5
же слово задом	5
в язык подводки	5
прюфер кэли леса	5
выбор где гипотеза	5
шаг складывание	5
перевести и потом подействовать то	5
канон а	5
естественность на группоиде	5
определение вид	5
накладных а	5
сессия прочитай это войди	5
мне не нравится что у тебя	5
маржа выход	5
все пар	5
ёлку а	5
потом подействовать то	5
сейчас у тебя	5
упорядоченные разбиения числа в	5
появляется ни один	5
и у машины и	5
сирота не существует	5
со скалярами	5
зал вынесет ложную	5
возврат на	5
сцены приходит на й и уходит	5
сквозной вывод	5
получилась и брауэр был	5
ничего не надо достраивать	5
что на месте если нечётно	5
короткие тезисы	5
это функторы	5
у слайда нет решение владельца	5
с орлами ровно	5
за пределы диска ретракция	5
что ты это	5
и дальше складываются	5
перерисовка фаза	5
кружок по теории	5
же средняя вершина	5
обратимую стрелку	5
график слайды	5
то же слово задом наперёд с	5
есть ли естественный	5
это единственное место где	5
он же средняя	5
ключевых кадров	5
функтор естественный	5
сторона пересечёт	5
отображение диска на окружность существует	5
закрыт не	5
звене как на гипотенузе	5
для любого функтора объект ретракт через	5
всегда по условию надо изобретать инструмент	5
модели есть	5
ёмкости как	5
скелет категории	5
не нужно а	5
источник там же р	5
обзор по категориям	5
всем стр	5
всегда изоморфны	5
циклы связность	5
моноид категория с одним объектом	5
количества сцен как	5
стрелки подписаны	5
печ с в гейте по	5
по признаку владельца утверждение без	5
хорошие слова длины	5
потолок раскладка	5
пути дика с	5
морфизмах и	5
это перевернуло	5
владельца тема	5
здесь нет намеренно	5
объектов отображений	5
элементе оба элемента вернулись на	5
вернулись на место	5
которую владелец	5
парой объектов и	5
машине владельца	5
четверти ширины слайда источник	5
связанных с их	5
вынесет ложную	5
примере показать	5
здесь изоморфизм	5
после базиса координаты	5
каких групп	5
четверти ширины слайда источник строка	5
сцепляются и	5
м шириной не меньше см	5
см идеал кассовая лента м шириной	5
крупно оставить висеть на все четыре	5
ложна скажи	5
источник за	5
для каждой транспозиции то есть	5
у упр печ	5
её целиком	5
гора и	5
гл монады	5
на слайде стоит	5
сохраняются всегда а	5
не появляется ни	5
задать нельзя обратить	5
экзотика ради экзотики	5
же слово задом наперёд с	5
я не понимаю зачем	5
не третья	5
источниках прямым	5
из л и	5
это ранг	5
доказательством не гоняйся за фантомом	5
из одной точки каждый повернув	5
прежний пункт	5
п предел	5
функтора и есть	5
всегда а отражаются только	5
не сверены	5
около четверти ширины слайда источник строка	5
не внесённые	5
сквозная нумерация	5
реально считается	5
замену базиса фаза текст	5
большая симметрия	5
три проекции	5
может сделать только	5
не обязан лежать	5
вынесет ложную мораль надо было	5
источник идей	5
упорядоченные разбиения числа в сумму	5
ты имеешь	5
запрещает одно продолжение и зал вправе	5
сложите полоску сначала один раз половины	5
из терминального объекта в начальный	5
категория эквивалентна своему скелету	5
должно совпасть	5
переносит произведения и	5
спроса по км	5
что объекту сопоставляется объект	5
с кл	5
функтора объект ретракт	5
естественно изоморфные диаграммы	5
ребёнок читает слово	5
со своей вчерашней	5
продолжение дало бы такую пару	5
документ сирота не существует	5
там ни там	5
диск выпуклый	5
в замену базиса фаза текст слайдов	5
наценки по	5
у нас что то	5
даже заблюрить	5
формулируем задачи у нас в	5
в точности ориентированный	5
первом разборе	5
выпустить из одной точки каждый	5
биекциях правило	5
произведение тип	5
мотив побочный плод	5
элемента вернулись на место значит	5
постранично не читались	5
существуют и единственны по транзитивности и	5
издержка стратегия	5
категорий что	5
слово гомотопия можно не произносить	5
заменяется в	5
замыкается петля	5
что это какая то	5
петлю шевелят непрерывно	5
обратную композицию не требуется ничего этим	5
не читан целиком есть назначение	5
л л дано раньше утв	5
по конкретным	5
если хотите почитайте самостоятельно	5
с изображением идёшь	5
быть больше места будет больше будет	5
что иначе это	5
дословно а	5
определение естественное преобразование	5
л да нет	5
семь мостов кёнигсберга	5
по собственным числам	5
что видит	5
поимённо что	5
продолжение дало	5
размерность после базиса координаты введены на	5
мне для меня	5
же что подействовать и	5
лентой каждый раздел ниже один	5
внешний материал	5
скажи с доказательством не гоняйся	5
путей дика по числу пиков	5
пути определена однозначно	5
сначала должно быть	5
вторая мысль	5
опять у тебя слишком большая симметрия	5
объектах и на	5
смысле не то что	5
композицию на	5
когда читать на входе	5
эти пункты везде	5
ответ уже	5
измерить сжать защитить	5
одному звену	5
з печ с вне гейта	5
надо достраивать в	5
впервые доказал д э	5
главный урок	5
и числа каталана	5
нет замечание	5
композицию на каждом	5
саму верно не	5
по прямому вердикту	5
стрелку объекта	5
калибровка по темам как делаем	5
что поправить слайд	5
вне образа	5
из диска а не входил	5
линтер зелёный	5
считаем композицию на каждом	5
в педлитературе	5
скрининг уровни	5
нельзя в источниках	5
функтор из цилиндра	5
тождество через тривиальную группу	5
с готовой	5
конструкция задана единообразно	5
и не как	5
перерасход км	5
единственны по транзитивности и	5
это мост	5
доказательство двойной	5
выделять мы	5
только пустое	5
на каждом звене как на гипотенузе	5
последняя сцена	5
соответствие обратимо	5
нас что то	5
одно тождество до дна это	5
гора долина	5
категория потом	5
стрелка ровно	5
слайду и	5
доказательства поле	5
идея визуал	5
всё происходит	5
с рефлексивным транзитивным	5
буквой средней проверено для всех слов	5
одна передача	5
переход между ними	5
шеннон колмогоров винер	5
ранга и они одинаковые	5
по номерам пул задач куда	5
местах стоит целиком	5
уроков из	5
оно заканчивается	5
может быть больше места будет	5
его даёт	5
как делаем для него	5
текст поста	5
вычислимость л	5
пункт у	5
пока петлю шевелят	5
что краснеет	5
полоска чтобы после складываний	5
висеть на все	5
информация криптография случайность оптимизация	5
доков не плодить	5
з колмогоров гл	5
стал программой	5
функторов то	5
когда читать на	5
для каждой транспозиции то есть берём	5
