termin	predlog	padezh	chastota	logDice
год	в	Loc	21673	12.12
случай	в	Loc	9506	11.3
точка	в	Loc	3436	9.75
область	в	Loc	3400	9.94
год	с	Gen	3390	10.76
число	в	Loc	2276	8.78
пространство	в	Loc	2171	9.22
теория	в	Loc	1763	8.89
графа	в	Loc	1723	9.03
задача	в	Loc	1702	8.7
модуль	по	Dat	1685	11.09
время	в	Acc	1662	10.52
система	в	Loc	1653	8.82
число	для	Gen	1633	9.19
результат	в	Loc	1582	8.82
сила	в	Acc	1538	10.87
число	из	Gen	1527	9.08
вероятность	с	Ins	1476	10.29
смысл	в	Loc	1444	8.76
плоскость	на	Loc	1431	10.74
число	с	Ins	1422	9.03
основа	на	Loc	1416	10.8
язык	на	Loc	1407	10.56
год	по	Acc	1406	9.68
математика	по	Dat	1402	10.39
г.	в	Loc	1387	8.68
год	в	Acc	1381	9.19
конец	в	Loc	1348	8.64
работа	в	Loc	1330	8.53
время	за	Acc	1312	11.22
начало	в	Loc	1263	8.56
книга	в	Loc	1262	8.53
порядок	в	Loc	1259	8.51
часть	в	Loc	1246	8.46
рис	на	Acc	1223	10.95
момент	в	Acc	1212	10.56
вид	в	Loc	1149	8.31
вершина	из	Gen	1137	9.7
множество	на	Loc	1135	9.49
школа	в	Loc	1132	8.4
решение	для	Gen	1130	9.75
элемент	из	Gen	1091	9.68
коэффициент	с	Ins	1075	10.17
поле	над	Ins	1058	11.46
раз	в	Gen	1058	11.15
рисунок	на	Loc	1042	10.43
вопрос	на	Acc	1018	10.39
граф	для	Gen	1016	9.36
точность	с	Ins	979	10.15
математика	в	Loc	968	8.07
дело	на	Loc	966	10.17
множество	из	Gen	952	9.08
место	на	Loc	941	10.04
точка	из	Gen	940	9.17
функция	для	Gen	930	9.11
теория	по	Dat	908	9.61
число	на	Acc	905	8.51
точность	в	Loc	896	8.08
точка	с	Gen	880	9.69
пространство	на	Loc	877	9.63
шаг	на	Loc	851	9.98
условие	при	Loc	836	10.79
пример	в	Loc	826	7.88
формула	по	Dat	825	9.64
форма	в	Loc	822	7.91
век	в	Loc	820	7.95
раздел	в	Loc	791	7.91
город	в	Loc	784	7.89
множество	в	Loc	777	7.56
термин	в	Loc	776	7.88
мир	в	Loc	768	7.85
отрезок	на	Loc	763	9.88
направление	в	Loc	754	7.83
множитель	на	Acc	752	10.32
граф	в	Loc	750	7.58
класс	в	Loc	743	7.74
группа	в	Loc	736	7.63
год	до	Gen	716	8.65
сторона	в	Acc	710	9.58
год	в	Gen	697	8.53
доказательство	для	Gen	693	9.2
задача	для	Gen	684	8.64
правило	по	Dat	666	9.65
вычисление	для	Gen	666	9.42
множество	для	Gen	658	8.57
строка	в	Loc	651	7.59
определение	по	Dat	648	9.31
теорема	из	Gen	645	8.99
случай	для	Gen	613	8.8
номер	с	Ins	603	9.47
точка	в	Acc	601	8.68
задача	к	Dat	592	8.82
цвет	в	Acc	583	9.46
итог	в	Loc	577	7.47
поле	в	Loc	571	7.34
условие	в	Loc	564	7.34
задача	из	Gen	558	8.32
индукция	по	Dat	557	9.55
глава	в	Loc	550	7.36
процесс	в	Loc	535	7.31
геометрия	в	Loc	532	7.3
день	в	Acc	528	9.35
ряд	в	Acc	525	9.18
игра	в	Loc	522	7.28
точка	через	Acc	519	9.27
сумма	в	Gen	516	9.76
теорема	по	Dat	513	8.91
язык	в	Loc	506	7.19
дело	в	Loc	505	7.23
часть	на	Gen	505	10.25
точка	для	Gen	505	8.31
определение	из	Gen	501	8.68
язык	на	Acc	500	9.34
название	под	Ins	499	11.87
таблица	в	Loc	499	7.23
модель	в	Loc	498	7.19
параметр	с	Ins	493	9.15
сторона	с	Gen	487	9.86
вершина	в	Loc	486	7.03
конец	до	Gen	484	10.72
доска	на	Loc	481	9.34
единица	на	Acc	479	9.35
доказательство	в	Loc	474	7.05
день	со	Gen	473	11.76
поверхность	на	Loc	469	9.22
теория	в	Acc	466	8.61
определение	для	Gen	464	8.61
деление	при	Loc	463	10.7
место	в	Loc	455	7.05
раз	в	Acc	454	8.93
ситуация	в	Loc	454	7.12
буква	из	Gen	453	8.81
ряд	в	Loc	452	7.04
значение	для	Gen	442	8.45
пример	на	Loc	441	8.81
нуль	к	Dat	441	9.52
пара	для	Gen	441	8.71
система	для	Gen	440	8.42
базис	в	Loc	440	7.06
число	к	Dat	435	7.51
значение	при	Loc	434	9.42
формула	из	Gen	428	8.44
цвет	в	Gen	428	10.22
сумма	в	Loc	423	6.89
вершина	в	Acc	421	8.46
определение	в	Loc	420	6.88
вершина	для	Gen	417	8.3
уравнение	для	Gen	416	8.4
сторона	на	Loc	412	8.82
степень	в	Loc	409	6.86
деление	от	Gen	406	10.29
число	о	Loc	401	7.55
формула	с	Ins	400	8.47
предел	в	Loc	399	6.92
точка	от	Gen	394	8.6
случай	на	Acc	392	8.51
степень	в	Acc	389	8.6
последовательность	в	Loc	389	6.79
условие	из	Gen	388	8.41
запись	в	Loc	388	6.87
цель	с	Ins	388	8.88
свойство	с	Ins	386	8.53
часть	из	Gen	386	8.33
расстояние	на	Loc	385	8.91
слово	для	Gen	384	8.28
точка	с	Ins	379	7.95
единица	из	Gen	378	8.46
окружность	на	Loc	370	8.83
плоскость	в	Loc	369	6.78
текст	в	Loc	368	6.79
цифра	из	Gen	368	8.49
построение	для	Gen	367	8.62
нуль	в	Acc	363	8.7
решение	к	Dat	362	8.64
выбор	от	Gen	362	9.97
работа	на	Acc	360	8.64
нуль	от	Gen	358	9.74
место	на	Acc	355	8.92
соответствие	в	Acc	354	8.84
момент	на	Acc	353	9.13
решение	при	Loc	351	9.01
основание	на	Loc	349	8.85
класс	для	Gen	345	8.31
вершина	с	Ins	344	8.1
наука	в	Loc	344	6.62
функция	с	Ins	342	7.72
состояние	в	Loc	342	6.68
точка	между	Ins	340	8.62
число	между	Ins	337	7.35
основа	в	Loc	337	6.66
элемент	для	Gen	336	8.03
группа	для	Gen	333	7.98
элемент	с	Ins	333	8.09
поле	на	Loc	327	8.37
сумма	с	Ins	325	8.18
жизнь	в	Loc	324	6.61
последовательность	для	Gen	323	8.17
единица	с	Ins	323	8.39
половина	в	Loc	320	6.61
время	по	Dat	318	8.17
формула	в	Loc	316	6.46
слово	в	Loc	315	6.44
множество	в	Acc	312	7.61
список	в	Loc	311	6.55
число	по	Dat	308	6.87
число	от	Gen	306	7.12
квадрат	в	Acc	305	8.45
группа	из	Gen	303	7.8
остаток	с	Ins	301	8.49
граф	из	Gen	301	7.57
параграф	в	Loc	301	6.54
работа	для	Gen	298	7.95
сторона	со	Ins	296	9.9
очередь	по	Dat	296	8.68
год	за	Gen	294	7.44
сумма	в	Acc	293	8.11
задача	с	Ins	292	7.47
свойство	из	Gen	292	7.99
значение	со	Ins	287	9.12
геометрия	по	Dat	287	8.43
время	в	Loc	286	6.29
г.	в	Acc	284	8.36
год	на	Acc	283	7.02
множество	с	Ins	283	7.41
класс	из	Gen	283	7.97
описание	для	Gen	283	8.27
число	в	Acc	282	6.73
условие	по	Dat	280	8.22
значение	с	Ins	279	7.87
произведение	в	Loc	279	6.35
утверждение	из	Gen	277	7.96
уравнение	из	Gen	275	7.76
клетка	из	Gen	275	8.16
путь	на	Loc	272	8.2
граница	на	Loc	268	8.43
предположение	по	Dat	267	8.52
год	к	Dat	266	6.99
пространство	в	Acc	266	7.89
анализ	в	Loc	265	6.29
вопрос	по	Dat	264	8.2
группа	в	Acc	263	7.79
равенство	из	Gen	263	7.97
год	за	Acc	262	7.21
величина	для	Gen	260	7.85
условие	с	Ins	258	7.96
пример	в	Gen	257	8.93
исследование	в	Loc	257	6.25
треугольник	в	Loc	257	6.24
нуль	из	Gen	256	7.94
обозначение	для	Gen	256	8.15
конец	к	Dat	256	8.77
человек	из	Gen	255	7.94
разложение	в	Loc	255	6.27
пример	из	Gen	253	7.77
часть	по	Dat	252	7.97
вид	к	Dat	251	8.22
слово	из	Gen	251	7.62
год	через	Gen	249	7.22
количество	с	Ins	249	7.94
угол	под	Ins	248	10.4
существование	о	Loc	245	9.92
решение	в	Loc	244	6.05
время	к	Dat	243	8.14
день	на	Acc	243	8.57
группа	на	Gen	242	8.73
формулировка	в	Loc	241	6.2
год	на	Gen	240	7.11
произведение	в	Acc	239	8.04
скорость	с	Ins	237	8.12
неравенство	из	Gen	237	7.85
пункт	в	Loc	237	6.18
изучение	для	Gen	237	8.06
значение	от	Gen	236	8.44
способ	из	Gen	234	7.66
состояние	в	Acc	232	8.15
время	со	Ins	231	8.8
теория	к	Dat	231	7.97
алфавит	в	Loc	231	6.15
очередь	в	Acc	228	8.24
список	в	Acc	228	8.15
сфера	на	Loc	227	8.26
конец	с	Ins	226	7.94
пространство	для	Gen	226	7.5
анализ	для	Gen	225	7.81
клетка	в	Loc	225	6.09
пара	на	Acc	223	8.21
дело	по	Dat	222	8.08
книга	из	Gen	221	7.68
группа	с	Ins	219	7.45
область	из	Gen	219	7.63
вывод	к	Dat	218	8.78
ось	на	Loc	218	8.15
доказательство	к	Dat	217	8.12
алгоритм	в	Loc	215	5.91
точка	к	Dat	215	7.49
переход	при	Loc	215	9.64
построение	по	Dat	213	8.11
операция	с	Ins	212	7.84
начало	с	Ins	211	7.87
пара	из	Gen	210	7.58
распределение	с	Ins	208	7.76
скорость	со	Ins	207	10.22
состояние	по	Dat	207	8.04
ребро	из	Gen	207	7.53
граф	к	Dat	206	7.49
уравнение	к	Dat	205	7.95
время	от	Gen	205	8.24
теория	из	Gen	205	7.24
вариант	в	Loc	205	5.94
скобка	в	Loc	205	5.98
сумма	для	Gen	204	7.42
позиция	в	Loc	204	5.96
студент	для	Gen	202	7.85
вектор	для	Gen	202	7.6
теорема	согласно	Dat	200	8.89
свойство	со	Ins	200	9.09
рассуждение	в	Loc	200	5.93
закон	по	Dat	200	7.99
год	спустя	Gen	199	6.9
счёт	за	Acc	199	10.3
строка	из	Gen	197	7.58
оценка	для	Gen	197	7.65
исследование	для	Gen	196	7.63
выражение	в	Loc	196	5.89
действие	под	Ins	196	10.45
раз	по	Dat	196	7.77
матрица	для	Gen	194	7.54
начало	с	Gen	193	8.79
список	из	Gen	193	7.64
лемма	из	Gen	193	7.66
степень	с	Ins	192	7.49
отношение	в	Loc	192	5.84
нуль	с	Gen	192	8.67
обозначение	в	Loc	192	5.87
стрелка	по	Dat	192	8.04
язык	для	Gen	191	7.47
набор	из	Gen	191	7.55
цель	для	Gen	191	7.74
имя	по	Dat	191	7.9
группа	на	Acc	190	7.54
работа	за	Acc	190	8.6
курс	в	Loc	190	5.83
формула	в	Acc	190	7.48
часть	в	Acc	190	7.52
вершина	через	Acc	190	8.39
ограничение	без	Gen	190	10.54
функция	к	Dat	189	7.2
анализ	по	Dat	189	7.82
конец	с	Gen	189	8.69
состояние	из	Gen	188	7.57
множество	к	Dat	187	7.14
доказательство	при	Loc	187	8.41
вектор	из	Gen	187	7.44
плоскость	на	Acc	186	8.09
подмножество	для	Gen	185	7.56
функция	о	Loc	185	7.47
путь	по	Dat	185	7.67
распределение	для	Gen	185	7.49
направление	по	Dat	184	7.92
набор	для	Gen	184	7.55
пара	в	Loc	184	5.74
момент	с	Gen	183	8.83
вершина	на	Loc	183	7.28
круг	в	Loc	183	5.8
раз	на	Acc	183	7.91
вектор	на	Acc	183	7.96
граф	на	Loc	183	7.03
клетка	в	Acc	183	7.85
класс	на	Acc	182	7.85
предположение	в	Loc	181	5.79
момент	к	Dat	181	8.41
положение	в	Loc	181	5.79
функция	от	Gen	180	7.35
принцип	в	Loc	180	5.76
предел	за	Acc	179	9.76
изучение	при	Loc	179	9.44
программа	в	Loc	178	5.74
начало	для	Gen	177	7.52
число	у	Gen	176	6.44
область	в	Acc	176	7.55
г.	с	Gen	175	8.56
основание	по	Dat	175	7.89
основание	с	Ins	175	7.71
алгебра	по	Dat	175	7.76
ось	вокруг	Gen	175	10.86
результат	к	Dat	174	7.93
многочлен	для	Gen	174	7.47
уравнение	в	Acc	173	7.29
элемент	на	Acc	173	7.45
часть	на	Loc	173	7.41
построение	при	Loc	173	9.15
помощь	с	Ins	173	7.52
отрезок	из	Gen	173	7.44
объект	из	Gen	173	7.36
сфера	в	Loc	172	5.72
компьютер	на	Loc	171	7.88
круг	по	Dat	170	7.83
угол	на	Acc	170	8.0
цикл	в	Loc	169	5.65
курс	на	Loc	168	7.68
порядок	по	Dat	168	7.53
точка	до	Gen	168	7.55
класс	в	Acc	168	7.45
вершина	от	Gen	168	7.82
расстояние	на	Acc	168	8.03
уравнение	в	Loc	167	5.53
отображение	для	Gen	167	7.32
аксиома	из	Gen	167	7.51
функция	на	Acc	166	6.91
время	на	Acc	164	7.41
множество	на	Acc	164	6.85
представление	в	Loc	164	5.62
элемент	на	Loc	163	7.15
теория	с	Ins	163	7.02
соотношение	из	Gen	163	7.36
решение	с	Ins	162	7.03
школа	в	Acc	162	7.58
алгебра	в	Loc	162	5.59
объект	с	Ins	162	7.42
основа	в	Acc	162	7.65
вопрос	к	Dat	161	7.94
определение	при	Loc	161	8.18
определение	к	Dat	161	7.68
значение	из	Gen	161	6.95
множество	о	Loc	160	7.21
нуль	в	Loc	160	5.56
принцип	по	Dat	160	7.7
лекция	в	Loc	159	5.57
работа	к	Dat	159	7.63
алгоритм	с	Gen	159	7.91
ход	за	Acc	159	9.54
равенство	в	Acc	159	7.5
школьник	для	Gen	159	7.53
произведение	в	Gen	157	8.47
совокупность	в	Loc	157	5.6
ребро	для	Gen	157	7.19
решётка	на	Loc	157	7.75
число	над	Ins	156	6.26
представление	для	Gen	156	7.37
слово	на	Loc	156	7.16
случай	к	Dat	155	7.31
доказательство	без	Gen	155	8.53
функция	из	Gen	155	6.49
дорога	по	Dat	155	7.79
результат	из	Gen	154	7.06
символ	из	Gen	154	7.32
схема	в	Loc	154	5.54
год	около	Gen	153	6.52
понятие	с	Ins	153	7.41
система	к	Dat	153	7.44
вариант	из	Gen	153	7.28
город	в	Acc	153	7.61
число	среди	Gen	152	6.25
сторона	с	Ins	152	7.27
начало	до	Gen	151	9.15
часть	на	Acc	151	7.45
город	из	Gen	151	7.31
эксперимент	в	Loc	150	5.52
операция	относительно	Gen	149	9.5
лемма	по	Dat	149	7.63
упражнение	к	Dat	149	8.2
кость	на	Loc	149	7.69
сумма	на	Acc	148	7.38
последовательность	из	Gen	148	7.0
поле	для	Gen	148	7.03
выбор	при	Loc	148	8.87
линия	по	Dat	148	7.6
клетка	на	Acc	148	7.89
игра	для	Gen	147	7.25
параметр	от	Gen	146	8.71
движение	при	Loc	146	8.79
противоречие	к	Dat	146	8.33
картинка	на	Loc	146	7.65
работа	из	Gen	145	6.87
система	из	Gen	145	6.78
ящик	в	Loc	145	5.48
задача	на	Acc	143	6.67
случай	из	Gen	143	6.66
треугольник	из	Gen	143	7.08
работа	по	Dat	142	7.09
значение	к	Dat	142	7.37
степень	со	Ins	142	8.51
предел	за	Ins	142	10.33
год	после	Gen	141	6.37
пример	для	Gen	141	6.97
игрок	из	Gen	141	7.24
имя	с	Ins	141	7.3
метод	по	Dat	140	7.14
место	из	Gen	140	7.03
роль	в	Loc	140	5.42
класс	к	Dat	140	7.67
угол	в	Loc	140	5.38
система	в	Acc	139	6.91
константа	на	Acc	139	7.91
пункт	из	Gen	139	7.24
свойство	по	Dat	138	7.18
количество	в	Loc	138	5.31
время	с	Ins	137	6.84
формула	для	Gen	137	6.84
пара	между	Ins	137	8.72
столбец	в	Loc	137	5.39
графа	на	Loc	137	7.5
степень	на	Acc	136	7.35
набор	в	Loc	136	5.34
доказательство	из	Gen	135	6.79
сторона	из	Gen	134	6.94
квадрат	в	Loc	134	5.31
вопрос	в	Loc	134	5.28
схема	по	Dat	134	7.44
конец	на	Loc	134	7.31
величина	по	Dat	134	7.12
окружность	по	Dat	133	7.38
система	с	Ins	132	6.76
объект	для	Gen	132	7.02
ось	по	Dat	132	7.46
граф	с	Ins	132	6.48
сторона	в	Gen	131	8.16
определение	с	Ins	131	6.87
курс	к	Dat	131	7.86
теория	для	Gen	131	6.63
корень	с	Ins	131	7.19
плоскость	в	Acc	131	7.26
ограничение	с	Ins	130	7.3
матрица	с	Ins	130	7.06
метод	с	Gen	129	7.69
пара	в	Acc	129	7.12
угол	с	Ins	129	7.17
величина	на	Acc	129	7.29
понятие	к	Dat	128	7.82
умножение	при	Loc	128	8.69
доска	на	Acc	128	7.77
день	до	Gen	128	9.06
проблема	к	Dat	127	7.8
число	при	Loc	127	5.88
мера	по	Dat	127	7.23
цифра	с	Ins	127	7.11
наука	в	Acc	127	7.01
матрица	на	Acc	127	7.43
точка	о	Loc	126	7.05
вычисление	при	Loc	126	8.51
ход	по	Dat	126	7.36
код	в	Loc	126	5.25
член	из	Gen	125	6.83
применение	с	Ins	125	7.18
имя	под	Ins	125	9.45
ответ	в	Acc	124	7.13
шаг	за	Gen	124	9.34
математика	в	Acc	124	6.85
длина	по	Dat	124	7.04
часть	с	Ins	123	6.81
событие	из	Gen	123	6.91
граф	у	Gen	123	7.29
ящик	по	Dat	123	7.46
группа	к	Dat	122	7.05
знак	со	Ins	122	9.3
наука	по	Dat	122	7.0
группа	на	Loc	121	6.68
система	по	Dat	121	6.75
результат	с	Ins	121	6.85
поле	на	Acc	121	7.19
поле	из	Gen	121	6.69
ось	вдоль	Gen	121	10.35
алфавит	над	Ins	121	10.1
ребро	по	Dat	121	7.04
алгоритм	для	Gen	120	6.65
изменение	без	Gen	120	9.98
изменение	при	Loc	120	8.9
длина	с	Ins	120	6.86
игра	в	Acc	120	7.17
движение	в	Loc	120	5.17
объект	на	Loc	120	7.11
окружность	в	Acc	120	7.18
карта	на	Loc	120	7.29
сторона	по	Acc	119	8.75
отображение	при	Loc	119	8.15
длина	от	Gen	119	7.84
преобразование	при	Loc	119	8.49
код	с	Ins	119	7.12
угол	из	Gen	119	6.89
т	о	?	119	9.23
распределение	о	Loc	119	8.28
внимание	в	Acc	118	7.3
константа	для	Gen	118	7.07
раздел	из	Gen	118	6.96
цель	в	Loc	118	5.17
игрок	у	Gen	118	9.74
распределение	по	Dat	118	7.09
член	с	Ins	117	6.89
изучение	к	Dat	117	7.91
год	через	Acc	116	6.07
решение	из	Gen	116	6.43
работа	при	Loc	116	7.66
подмножество	из	Gen	116	6.83
математика	к	Dat	116	7.17
мера	в	Loc	116	5.1
пространство	из	Gen	116	6.49
проблема	из	Gen	115	6.83
число	на	Loc	114	5.43
метод	в	Loc	114	5.01
начало	в	Acc	114	7.09
курс	по	Dat	114	7.15
граница	с	Ins	114	7.06
равенство	в	Loc	114	5.07
день	в	Gen	114	8.37
проблема	по	Dat	113	7.12
метод	из	Gen	113	6.57
результат	по	Dat	113	6.89
путь	из	Gen	113	6.67
треугольник	для	Gen	113	6.79
начало	от	Gen	112	8.19
формула	с	Gen	112	7.4
дробь	в	Gen	112	8.6
шаг	из	Gen	111	6.76
работа	с	Ins	111	6.61
буква	для	Gen	111	6.83
размер	от	Gen	111	8.21
пересечение	на	Loc	111	7.16
утверждение	по	Dat	110	6.91
дерево	для	Gen	110	6.81
сторона	на	Acc	109	7.18
запись	для	Gen	109	6.89
количество	по	Dat	109	6.89
упражнение	в	Loc	109	5.05
таблица	в	Acc	108	7.04
часть	к	Dat	108	7.15
мера	с	Ins	108	6.85
вершина	к	Dat	108	6.87
количество	на	Acc	108	7.11
модель	для	Gen	108	6.71
число	с	Gen	107	5.56
доказательство	с	Ins	107	6.59
форма	с	Ins	107	6.79
точка	на	Acc	107	6.37
размер	в	Loc	107	5.0
сторона	по	Dat	106	6.89
начало	к	Dat	106	7.55
значение	о	Loc	106	7.42
значение	по	Dat	106	6.59
степень	для	Gen	106	6.55
таблица	из	Gen	106	6.75
точка	по	Dat	106	6.21
человек	у	Gen	106	8.79
человек	для	Gen	106	6.73
структура	в	Loc	106	5.0
величина	из	Gen	106	6.51
диаграмма	на	Loc	106	7.11
занятие	на	Loc	106	7.18
исследование	к	Dat	105	7.49
строка	в	Acc	105	6.93
набор	с	Ins	105	6.85
сложность	для	Gen	105	6.79
выбор	для	Gen	105	6.8
пространство	с	Ins	105	6.47
работа	в	Gen	104	7.42
элемент	между	Ins	104	7.54
исследование	по	Dat	104	6.98
набор	на	Loc	104	6.96
событие	для	Gen	104	6.72
количество	для	Gen	104	6.58
частота	с	Ins	104	7.01
лекция	на	Loc	103	6.97
остаток	без	Gen	103	9.46
линия	на	Loc	103	7.05
квадрат	на	Acc	102	7.19
момент	до	Gen	102	8.78
позиция	из	Gen	102	6.78
данных	на	Loc	102	7.02
ось	относительно	Gen	102	9.68
матрица	в	Loc	102	4.9
класс	на	Gen	101	8.22
граница	за	Acc	101	8.91
позиция	на	Loc	101	7.08
структура	с	Ins	101	6.87
стрелка	против	Gen	101	10.5
утверждение	в	Loc	100	4.85
ошибка	с	Ins	100	6.89
знак	с	Ins	100	6.84
путь	в	Loc	100	4.86
вероятность	по	Dat	100	6.53
вектор	с	Ins	100	6.69
решение	по	Dat	99	6.43
квадрат	из	Gen	99	6.58
время	через	Acc	99	7.61
алгоритм	из	Gen	99	6.33
слово	от	Gen	99	7.25
вершина	до	Gen	99	7.31
симметрия	с	Ins	99	6.89
форма	к	Dat	98	7.28
функция	с	Gen	98	6.41
коэффициент	для	Gen	97	6.6
число	до	Gen	97	5.54
форма	из	Gen	97	6.5
информация	с	Ins	97	6.8
класс	с	Ins	97	6.57
вычисление	в	Loc	97	4.85
вероятность	для	Gen	97	6.29
применение	для	Gen	97	6.7
дробь	в	Acc	97	7.01
раскраска	для	Gen	97	6.79
курс	на	Acc	96	7.18
форма	для	Gen	96	6.54
слово	по	Dat	96	6.48
выбор	на	Loc	96	6.91
путь	о	Loc	96	7.82
жизнь	о	Loc	96	8.44
грань	с	Ins	96	6.83
перестановка	в	Loc	96	4.85
порядок	с	Ins	95	6.57
язык	из	Gen	95	6.42
единица	к	Dat	95	7.23
мера	относительно	Gen	95	8.75
сложность	о	Loc	95	8.28
корень	от	Gen	95	7.96
остаток	об	Loc	95	9.75
уравнение	с	Ins	94	6.34
шаг	на	Acc	94	7.09
работа	на	Loc	94	6.47
последовательность	в	Acc	94	6.57
автор	из	Gen	94	6.58
выбор	в	Loc	94	4.82
глава	из	Gen	94	6.54
пространство	на	Acc	94	6.63
применение	в	Loc	94	4.83
грань	на	Loc	94	6.94
вид	из	Gen	93	6.18
число	за	Acc	93	5.48
отношение	с	Ins	93	6.68
анализ	при	Loc	93	7.97
исследование	при	Loc	93	8.02
базис	по	Dat	93	6.93
вершина	у	Gen	93	7.36
ход	после	Gen	93	9.37
отрезок	в	Loc	93	4.8
график	на	Loc	93	6.99
пример	с	Ins	92	6.44
ответ	с	Ins	92	6.6
сумма	из	Gen	92	6.23
шаг	после	Gen	92	8.83
элемент	к	Dat	92	6.7
значение	на	Acc	92	6.58
функция	в	Loc	92	4.5
знак	до	Gen	92	8.6
базис	с	Ins	92	6.75
движение	о	Loc	92	8.2
множество	по	Dat	91	5.86
очередь	в	Loc	91	4.8
ряд	для	Gen	91	6.45
день	за	Gen	91	9.31
число	через	Acc	90	5.47
математик	для	Gen	90	6.46
математик	из	Gen	90	6.4
курс	из	Gen	90	6.49
сила	в	Loc	90	4.75
алгебра	из	Gen	90	6.48
цепь	в	Loc	90	4.79
цвет	из	Gen	90	6.5
теорема	с	Ins	89	6.26
элемент	п	Gen	89	7.56
построение	к	Dat	89	7.39
цикл	из	Gen	89	6.44
действие	с	Ins	89	6.7
круг	в	Acc	89	6.84
позиция	с	Gen	89	7.95
равенство	к	Dat	89	7.19
упражнение	в	Gen	89	8.15
доля	в	Loc	89	4.77
проблема	с	Ins	88	6.61
решение	о	Loc	88	7.05
решение	на	Acc	88	6.45
элемент	в	Acc	88	6.25
подмножество	на	Loc	88	6.72
правило	из	Gen	88	6.42
слово	в	Acc	88	6.32
цикл	по	Dat	88	6.74
теорема	с	Gen	87	6.97
теорема	в	Loc	87	4.59
группа	по	Dat	87	6.23
буква	с	Ins	87	6.59
единица	в	Loc	87	4.67
место	с	Gen	87	7.42
ряд	в	Gen	87	7.62
цепочка	в	Loc	87	4.74
данных	для	Gen	87	6.54
вектор	на	Loc	87	6.61
площадь	на	Loc	87	6.82
уравнение	по	Dat	86	6.33
книга	к	Dat	86	7.08
пример	к	Dat	86	6.9
шаг	с	Ins	86	6.54
алгоритм	по	Dat	86	6.38
операция	для	Gen	86	6.44
цикл	в	Acc	86	6.65
игра	при	Loc	86	8.0
позиция	в	Acc	86	6.82
процесс	для	Gen	86	6.46
геометрия	к	Dat	86	7.19
вопрос	из	Gen	85	6.27
система	на	Acc	85	6.43
закон	из	Gen	85	6.43
умножение	с	Ins	85	6.61
шар	в	Loc	85	4.69
объект	на	Acc	85	6.9
грань	из	Gen	85	6.48
матрица	из	Gen	85	6.3
порядок	от	Gen	84	7.44
анализ	в	Acc	84	6.59
точка	без	Gen	84	6.65
многочлен	на	Acc	84	6.95
конец	в	Acc	84	6.61
граф	в	Gen	84	6.47
время	с	Gen	83	6.82
степень	по	Dat	83	6.42
формула	к	Dat	83	6.71
связь	в	Loc	83	4.64
окружность	к	Dat	83	7.22
комбинация	в	Gen	83	8.22
изучение	по	Dat	83	6.84
карта	в	Loc	83	4.65
программа	по	Dat	82	6.73
подмножество	в	Loc	82	4.61
функция	по	Dat	82	5.75
строка	по	Dat	82	6.63
мера	для	Gen	82	6.35
вершина	с	Gen	82	6.69
вероятность	о	Loc	82	7.1
объединение	в	Gen	82	8.13
угол	в	Acc	82	6.62
граф	по	Dat	82	5.89
день	за	Acc	82	8.49
число	на	Gen	81	5.31
сторона	к	Dat	81	6.95
теорема	к	Dat	81	6.62
вывод	для	Gen	81	6.49
единица	за	Acc	81	7.98
точка	через	Gen	81	6.69
точка	относительно	Gen	81	6.64
принцип	из	Gen	81	6.39
тип	из	Gen	81	6.31
вершина	на	Acc	81	6.31
дорога	на	Loc	81	6.82
треугольник	в	Acc	81	6.51
распределение	из	Gen	81	6.25
разложение	в	Acc	81	6.69
множество	в	Gen	80	6.15
поле	с	Ins	80	6.23
размер	по	Dat	80	6.65
корень	для	Gen	80	6.37
корень	из	Gen	80	6.32
вектор	между	Ins	80	8.02
положение	в	Acc	80	6.71
начало	после	Gen	79	8.77
подмножество	на	Acc	79	6.86
школа	для	Gen	79	6.34
математика	с	Ins	79	6.11
произведение	с	Ins	79	6.35
оценка	с	Ins	79	6.44
действие	в	Loc	79	4.58
ряд	с	Ins	79	6.35
геометрия	с	Ins	79	6.42
описание	в	Loc	79	4.58
величина	с	Ins	79	6.23
т	с	?	79	8.64
карта	из	Gen	79	6.38
факт	из	Gen	78	6.37
функция	через	Acc	78	6.39
количество	от	Gen	78	7.29
объект	между	Ins	78	8.1
сумма	о	Loc	77	7.14
работа	о	Loc	77	7.11
система	о	Loc	77	6.91
член	в	Nom	77	8.36
алгебра	в	Acc	77	6.52
вершина	по	Dat	77	6.05
объединение	в	Loc	77	4.56
область	с	Ins	77	6.26
ось	с	Ins	77	6.51
игрок	для	Gen	77	6.43
поверхность	для	Gen	77	6.37
время	до	Gen	76	7.08
доказательство	о	Loc	76	7.15
название	в	Loc	76	4.53
построение	в	Loc	76	4.52
умножение	для	Gen	76	6.34
оценка	в	Loc	76	4.5
возможность	о	Loc	76	8.14
дерево	из	Gen	76	6.22
мир	по	Dat	76	6.59
величина	от	Gen	76	7.14
перестановка	при	Loc	76	7.96
положение	из	Gen	76	6.35
решётка	в	Loc	76	4.54
коэффициент	на	Acc	75	6.75
задача	о	Loc	75	6.14
метод	о	Loc	75	7.2
язык	с	Gen	75	7.11
операция	с	Gen	75	7.35
принцип	на	Loc	75	6.58
конец	из	Gen	75	6.19
край	на	Loc	75	6.72
граница	по	Dat	75	6.62
объединение	в	Acc	75	6.63
элемент	по	Dat	74	6.04
значение	в	Loc	74	4.34
таблица	в	Gen	74	7.71
многочлен	из	Gen	74	6.18
произведение	для	Gen	74	6.16
возможность	по	Dat	74	6.62
преобразование	для	Gen	74	6.27
пространство	между	Ins	74	7.15
область	на	Loc	74	6.32
геометрия	в	Acc	74	6.42
треугольник	без	Gen	74	8.16
ящик	в	Acc	74	6.67
время	со	Gen	73	7.32
начало	из	Gen	73	6.18
порядок	до	Gen	73	7.63
система	от	Gen	73	6.71
изменение	с	Ins	73	6.49
предмет	по	Dat	73	6.66
предмет	из	Gen	73	6.3
произведение	на	Acc	73	6.63
пара	по	Dat	73	6.35
жизнь	из	Gen	73	6.25
позиция	на	Acc	73	6.95
модель	с	Ins	73	6.24
треугольник	внутри	Gen	73	8.44
подмножество	на	Gen	72	8.29
гипотеза	из	Gen	72	6.17
текст	с	Ins	72	6.36
направление	с	Ins	72	6.4
строка	для	Gen	72	6.18
слово	со	Ins	72	7.2
символ	с	Ins	72	6.39
цикл	без	Gen	72	8.33
жизнь	при	Loc	72	7.94
данных	из	Gen	72	6.21
доска	для	Gen	72	6.34
утверждение	с	Ins	71	6.14
слово	на	Acc	71	6.25
единица	от	Gen	71	7.3
операция	в	Loc	71	4.39
произведение	из	Gen	71	6.04
разбиение	для	Gen	71	6.29
равенство	о	Loc	71	7.6
график	к	Dat	71	7.22
изучение	в	Loc	71	4.44
век	в	Acc	70	6.44
ученик	из	Gen	70	6.24
граф	в	Acc	70	5.63
число	в	Gen	69	4.97
задача	от	Gen	69	5.94
параметр	по	Dat	69	6.48
форма	по	Dat	69	6.31
форма	в	Acc	69	6.25
направление	из	Gen	69	6.17
цикл	на	Acc	69	6.65
вычисление	к	Dat	69	6.91
наука	к	Dat	69	6.6
площадь	с	Ins	69	6.35
ожидание	с	Ins	69	6.39
смысл	по	Dat	68	6.46
шаг	за	Acc	68	7.95
порядок	на	Acc	68	6.47
школа	из	Gen	68	6.07
анализ	к	Dat	68	6.83
таблица	по	Dat	68	6.43
лемма	в	Loc	68	4.37
набор	по	Dat	68	6.38
цикл	с	Ins	68	6.21
цифра	для	Gen	68	6.1
количество	из	Gen	68	5.92
человек	с	Ins	68	6.19
состояние	для	Gen	68	6.16
ось	на	Acc	68	6.8
имя	от	Gen	68	7.5
кубик	на	Loc	68	6.56
вопрос	с	Ins	67	6.08
г.	по	Dat	67	6.33
идея	на	Loc	67	6.42
точка	у	Gen	67	6.32
место	в	Acc	67	6.21
знак	под	Ins	67	8.74
тип	для	Gen	67	6.09
размер	с	Ins	67	6.23
цикл	за	Acc	67	7.94
множитель	до	Gen	67	8.47
сложность	со	Ins	67	8.34
площадь	по	Dat	67	6.47
диаграмма	в	Loc	67	4.35
перестановка	из	Gen	67	6.11
ответ	в	Loc	66	4.28
результат	на	Acc	66	6.34
основание	в	Loc	66	4.33
математика	о	Loc	66	6.87
связь	с	Ins	66	6.24
единица	в	Acc	66	6.19
отображение	с	Ins	66	6.07
лемма	согласно	Dat	66	9.23
шар	из	Gen	66	6.13
клетка	на	Loc	66	6.4
доля	на	Acc	66	6.83
положение	от	Gen	66	7.74
сумма	к	Dat	65	6.37
определение	в	Acc	65	5.95
итог	по	Dat	65	6.53
тип	по	Dat	65	6.31
неравенство	по	Dat	65	6.3
возможность	с	Ins	65	6.26
дерево	по	Dat	65	6.3
ход	за	Gen	65	8.98
край	по	Dat	65	6.54
жизнь	на	Acc	65	6.71
окружность	из	Gen	65	6.03
применение	при	Loc	65	7.75
читатель	для	Gen	65	6.23
время	в	Gen	64	6.59
метод	на	Loc	64	5.99
функция	между	Ins	64	6.07
закон	с	Ins	64	6.18
схема	для	Gen	64	6.1
существование	для	Gen	64	6.16
неравенство	в	Loc	64	4.25
бит	из	Gen	64	6.11
вершина	п	Loc	64	7.01
движение	с	Ins	64	6.17
пересечение	в	Loc	64	4.28
пара	на	Loc	64	6.13
структура	о	Loc	64	7.8
мир	из	Gen	64	6.02
окружность	на	Acc	64	6.61
код	в	Acc	64	6.33
описание	при	Loc	64	7.78
комбинация	из	Gen	64	6.13
кубик	из	Gen	64	6.15
последовательность	к	Dat	63	6.46
половина	с	Ins	63	6.25
вывод	в	Loc	63	4.26
часть	для	Gen	63	5.76
точка	вокруг	Gen	63	6.34
сложность	с	Ins	63	6.16
количество	при	Loc	63	7.11
область	для	Gen	63	5.88
счёт	в	Loc	63	4.27
упражнение	из	Gen	63	6.06
поверхность	на	Acc	63	6.65
день	через	Gen	63	8.95
распределение	к	Dat	63	6.65
лекция	на	Acc	62	6.54
век	с	Gen	62	7.25
книга	в	Acc	62	6.09
метод	с	Ins	62	5.84
множество	между	Ins	62	5.96
программа	в	Acc	62	6.26
определение	с	Gen	62	6.57
утверждение	к	Dat	62	6.52
рассуждение	из	Gen	62	6.05
связь	о	Loc	62	7.71
предположение	при	Loc	62	7.9
расстояние	с	Ins	62	6.15
пара	к	Dat	62	6.57
модель	из	Gen	62	5.85
окружность	для	Gen	62	6.02
ребро	на	Acc	62	6.32
время	для	Gen	61	5.6
шаг	в	Gen	61	7.28
работа	в	Acc	61	5.83
степень	от	Gen	61	6.79
курс	в	Acc	61	6.19
текст	из	Gen	61	5.96
длина	на	Acc	61	6.25
выражение	для	Gen	61	6.05
способ	при	Loc	61	6.97
ряд	на	Acc	61	6.37
ряд	из	Gen	61	5.83
отрезок	по	Dat	61	6.26
граница	на	Acc	61	6.62
деление	с	Ins	61	6.18
модель	к	Dat	61	6.59
окружность	с	Ins	61	6.1
вектор	к	Dat	61	6.58
координата	от	Gen	61	7.47
треугольник	на	Gen	61	7.82
случай	в	Gen	60	6.26
шаг	по	Dat	60	6.18
условие	от	Gen	60	6.86
свойство	о	Loc	60	7.01
анализ	из	Gen	60	5.85
буква	по	Dat	60	6.21
слово	к	Dat	60	6.17
класс	на	Loc	60	5.99
константа	до	Gen	60	8.39
способ	от	Gen	60	6.82
оценка	при	Loc	60	7.43
путь	вдоль	Gen	60	7.89
корень	к	Dat	60	6.74
ограничение	при	Loc	60	7.84
количество	о	Loc	60	7.09
данных	в	Loc	60	4.18
столбец	из	Gen	60	6.03
вид	для	Gen	59	5.56
задача	по	Dat	59	5.25
задача	на	Loc	59	5.24
алгоритм	с	Ins	59	5.71
правило	с	Ins	59	6.0
материал	из	Gen	59	5.99
функция	у	Gen	59	5.99
вариант	для	Gen	59	5.96
строка	в	Gen	59	7.22
построение	на	Acc	59	6.54
набор	в	Acc	59	6.12
команда	в	Loc	59	4.18
вероятность	на	Acc	59	5.97
пересечение	без	Gen	59	8.55
дробь	с	Ins	59	6.17
стрелка	со	Ins	59	8.66
ответ	для	Gen	58	5.84
теорема	на	Acc	58	5.97
параметр	для	Gen	58	5.96
материал	в	Loc	58	4.15
курс	для	Gen	58	5.91
длина	для	Gen	58	5.72
предположение	из	Gen	58	5.97
дерево	в	Acc	58	6.09
вершина	в	Gen	58	6.31
цифра	на	Acc	58	6.4
граница	за	Ins	58	8.99
цепь	для	Gen	58	6.06
область	по	Dat	58	6.0
величина	к	Dat	58	6.33
перестановка	для	Gen	58	5.96
день	по	Acc	58	8.48
матрица	к	Dat	58	6.51
задача	с	Gen	57	5.59
тройка	для	Gen	57	6.03
ответ	к	Dat	57	6.54
множество	от	Gen	57	5.64
сложение	по	Dat	57	6.3
степень	до	Gen	57	7.04
язык	к	Dat	57	6.41
строка	к	Dat	57	6.6
единица	с	Gen	57	6.82
место	по	Dat	57	6.03
символ	для	Gen	57	5.94
схема	на	Loc	57	6.18
оценка	к	Dat	57	6.63
пара	с	Ins	57	5.85
глава	к	Dat	57	6.65
пространство	к	Dat	57	6.07
область	к	Dat	57	6.41
соотношение	к	Dat	57	6.69
соотношение	для	Gen	57	5.9
диаграмма	с	Ins	57	6.08
номер	по	Dat	57	6.23
треугольник	на	Acc	57	6.31
фигура	из	Gen	57	5.94
разложение	о	Loc	57	7.72
задача	в	Gen	56	5.65
книга	на	Acc	56	6.24
элемент	в	Gen	56	6.34
список	по	Dat	56	6.19
умножение	относительно	Gen	56	8.52
класс	по	Dat	56	5.91
оценка	из	Gen	56	5.78
конец	от	Gen	56	7.12
речь	в	Loc	56	4.11
разбиение	в	Loc	56	4.09
описание	к	Dat	56	6.76
карта	по	Dat	56	6.22
год	c	Gen	55	5.05
год	на	Loc	55	4.55
задача	в	Acc	55	5.12
множество	у	Gen	55	5.83
понятие	из	Gen	55	5.77
сложение	при	Loc	55	7.74
теория	на	Loc	55	5.55
последовательность	на	Loc	55	5.82
компьютер	в	Loc	55	4.08
изменение	к	Dat	55	6.84
роль	на	Acc	55	6.53
конструкция	в	Loc	55	4.07
тип	к	Dat	55	6.57
вершина	при	Loc	55	6.3
доска	у	Gen	55	8.71
поверхность	к	Dat	55	6.7
монета	из	Gen	55	5.88
сфера	в	Acc	55	6.18
решение	в	Acc	54	5.52
квадрат	от	Gen	54	7.02
сложение	со	Ins	54	8.58
г.	до	Gen	54	7.53
система	на	Loc	54	5.57
функция	в	Acc	54	5.12
последовательность	относительно	Gen	54	7.34
математика	для	Gen	54	5.48
умножение	по	Dat	54	6.12
многочлен	у	Gen	54	7.91
тип	с	Ins	54	5.88
круг	на	Loc	54	6.14
ход	на	Loc	54	6.11
структура	со	Ins	54	8.17
граф	о	Loc	54	5.91
представление	с	Ins	53	5.92
элемент	от	Gen	53	6.23
нуль	на	Acc	53	6.24
запись	при	Loc	53	7.5
операция	из	Gen	53	5.69
построение	о	Loc	53	7.52
алгебра	с	Ins	53	5.88
многочлен	в	Loc	53	3.98
дерево	с	Ins	53	5.85
действие	при	Loc	53	7.5
край	с	Gen	53	7.34
позиция	для	Gen	53	5.89
соответствие	в	Loc	53	4.01
описание	с	Ins	53	5.96
величина	между	Ins	53	7.07
номер	из	Gen	53	5.79
изучение	с	Ins	53	6.01
уравнение	у	Gen	52	6.78
работа	с	Gen	52	6.27
гипотеза	к	Dat	52	6.54
доказательство	на	Acc	52	5.89
название	с	Ins	52	5.94
отображение	к	Dat	52	6.33
символ	на	Acc	52	6.38
преобразование	из	Gen	52	5.7
край	от	Gen	52	7.57
геометрия	из	Gen	52	5.66
номер	под	Ins	52	8.56
раскраска	при	Loc	52	7.73
начало	через	Acc	51	7.93
представление	из	Gen	51	5.7
форма	о	Loc	51	7.04
образ	в	Loc	51	3.83
скобка	из	Gen	51	5.81
тип	на	Gen	51	7.79
игра	из	Gen	51	5.67
путь	на	Acc	51	6.05
движение	к	Dat	51	6.52
отрезок	для	Gen	51	5.74
деление	на	Loc	51	6.06
исход	из	Gen	51	5.79
коэффициент	из	Gen	50	5.59
метод	к	Dat	50	6.06
множество	над	Ins	50	5.69
подмножество	в	Acc	50	5.88
отношение	для	Gen	50	5.68
образ	с	Ins	50	5.47
композиция	в	Acc	50	6.06
предел	о	Loc	50	7.51
вершина	без	Gen	50	6.47
край	с	Ins	50	5.98
объект	к	Dat	50	6.35
соотношение	в	Loc	50	3.9
номер	в	Loc	50	3.92
граф	с	Gen	50	5.62
перестановка	до	Gen	50	7.75
лекция	с	Ins	49	5.77
решение	от	Gen	49	6.08
представление	к	Dat	49	6.5
система	в	Gen	49	6.16
формула	на	Acc	49	5.78
функция	в	Gen	49	5.49
многочлен	в	Gen	49	6.99
цикл	для	Gen	49	5.63
множитель	из	Gen	49	5.72
раз	по	Gen	49	7.6
состояние	от	Gen	49	7.07
граф	на	Acc	49	5.3
занятие	для	Gen	49	5.81
доля	с	Ins	49	5.91
вид	на	Acc	48	5.67
вид	с	Ins	48	5.35
множество	до	Gen	48	5.55
группа	между	Ins	48	6.35
сложение	относительно	Gen	48	8.9
формулировка	из	Gen	48	5.7
язык	по	Dat	48	5.72
результат	от	Gen	48	6.49
поле	в	Acc	48	5.58
часть	между	Ins	48	6.79
произведение	со	Ins	48	7.36
возможность	из	Gen	48	5.65
преобразование	после	Gen	48	8.11
прогрессия	в	Loc	48	3.89
ряд	к	Dat	48	6.24
пара	через	Acc	48	7.33
модель	на	Acc	48	6.03
плоскость	с	Ins	48	5.71
код	для	Gen	48	5.7
матрица	в	Acc	48	5.72
кость	в	Loc	48	3.88
год	спустя	Acc	47	4.82
решение	за	Acc	47	6.3
число	про	Acc	47	4.57
пример	с	Gen	47	6.31
квадрат	на	Gen	47	7.56
квадрат	для	Gen	47	5.55
сумма	от	Gen	47	6.28
представление	о	Loc	47	7.3
программа	из	Gen	47	5.59
работа	от	Gen	47	6.25
место	к	Dat	47	6.21
набор	от	Gen	47	6.89
алгебра	к	Dat	47	6.38
неравенство	к	Dat	47	6.33
вершина	п	Gen	47	6.53
путь	для	Gen	47	5.46
переход	для	Gen	47	5.71
область	на	Acc	47	5.93
цель	к	Dat	47	6.58
соотношение	с	Ins	47	5.73
ребро	через	Acc	47	7.19
т	к	?	47	7.9
исход	с	Ins	47	5.85
ящик	из	Gen	47	5.71
проблема	над	Ins	46	7.74
свойство	на	Acc	46	5.83
материал	по	Dat	46	5.98
ученик	среди	Gen	46	8.98
ученик	с	Ins	46	5.81
язык	в	Acc	46	5.61
закон	в	Loc	46	3.79
буква	на	Acc	46	6.1
строка	с	Ins	46	5.64
умножение	до	Gen	46	7.59
раз	за	Acc	46	7.05
вероятность	к	Dat	46	5.77
пересечение	с	Ins	46	5.76
состояние	к	Dat	46	6.4
плоскость	по	Dat	46	5.81
координата	с	Ins	46	5.74
счёт	на	Acc	46	6.33
отражение	при	Loc	46	7.57
число	после	Gen	45	4.49
случай	по	Dat	45	5.21
шаг	к	Dat	45	6.26
алгоритм	к	Dat	45	5.83
язык	с	Ins	45	5.48
теория	о	Loc	45	6.05
компьютер	с	Gen	45	7.04
дело	к	Dat	45	6.27
часть	от	Gen	45	6.28
знак	из	Gen	45	5.53
схема	в	Acc	45	5.81
модуль	для	Gen	45	5.59
набор	к	Dat	45	6.29
базис	от	Gen	45	7.05
прямоугольник	для	Gen	45	5.68
цикл	о	Loc	45	7.04
игра	к	Dat	45	6.32
процесс	к	Dat	45	6.29
модель	в	Acc	45	5.64
график	в	Loc	45	3.79
цвет	с	Ins	45	5.66
треугольник	на	Nom	45	7.83
доска	из	Gen	45	5.6
кусок	на	Acc	45	6.34
год	между	Ins	44	4.65
год	от	Gen	44	4.53
век	до	Gen	44	7.54
группа	у	Gen	44	6.29
последовательность	с	Ins	44	5.39
точка	вблизи	Gen	44	5.84
схема	из	Gen	44	5.5
цепочка	по	Dat	44	5.96
модель	в	Gen	44	6.65
пункт	в	Acc	44	5.88
остаток	на	Acc	44	6.18
линия	из	Gen	44	5.52
граф	от	Gen	44	5.52
распределение	от	Gen	44	6.63
распределение	в	Loc	44	3.69
ожидание	для	Gen	44	5.63
век	к	Dat	43	6.33
тройка	в	Loc	43	3.72
шаг	за	Ins	43	7.9
алгоритм	в	Acc	43	5.34
формулировка	с	Ins	43	5.72
формула	в	Gen	43	6.17
форма	от	Gen	43	6.58
функция	на	Loc	43	4.8
идея	к	Dat	43	6.36
последовательность	в	Gen	43	6.36
результат	о	Loc	43	6.51
направление	от	Gen	43	6.99
ошибка	к	Dat	43	6.41
таблица	с	Gen	43	6.68
часть	в	Gen	43	6.24
знак	в	Acc	43	5.73
модуль	с	Ins	43	5.64
константа	с	Ins	43	5.73
выбор	о	Loc	43	7.16
игра	в	Gen	43	6.87
цифра	с	Gen	43	6.55
отрезок	в	Acc	43	5.7
край	к	Dat	43	6.56
цель	в	Acc	43	5.81
разность	с	Ins	43	5.72
треугольник	с	Ins	43	5.5
клетка	по	Dat	43	5.82
эксперимент	для	Gen	43	5.61
предложение	в	Loc	43	3.72
лекция	из	Gen	42	5.39
число	вместо	Gen	42	4.41
метод	для	Gen	42	5.19
факт	по	Dat	42	5.83
теория	на	Acc	42	5.36
последовательность	по	Dat	42	5.46
компьютер	для	Gen	42	5.59
точка	в	Gen	42	5.39
знак	от	Gen	42	6.89
прямоугольник	в	Acc	42	5.81
оценка	на	Loc	42	5.66
бит	в	Loc	42	3.68
преобразование	относительно	Gen	42	7.92
событие	с	Ins	42	5.52
модель	на	Loc	42	5.56
мир	в	Acc	42	5.68
разбиение	о	Loc	42	7.32
разбиение	с	Ins	42	5.65
пункт	по	Dat	42	5.87
ось	к	Dat	42	6.37
счёт	со	Ins	42	8.38
занятие	на	Acc	42	6.19
город	по	Dat	42	5.81
параграф	из	Gen	42	5.56
многоугольник	для	Gen	42	5.59
решение	в	Gen	41	5.85
математик	у	Gen	41	7.26
задача	над	Ins	41	5.43
вопрос	на	Gen	41	7.05
значение	между	Ins	41	6.27
свойство	на	Loc	41	5.41
основание	при	Loc	41	7.23
исследование	за	Acc	41	7.23
предмет	п	Gen	41	9.21
поле	к	Dat	41	5.81
точка	на	Loc	41	4.82
длина	из	Gen	41	5.17
многочлен	в	Acc	41	5.59
предположение	на	Loc	41	5.78
базис	к	Dat	41	6.3
вершина	вокруг	Gen	41	6.33
вычисление	на	Acc	41	5.93
вероятность	от	Gen	41	5.96
событие	от	Gen	41	6.67
пересечение	при	Loc	41	7.14
граница	к	Dat	41	6.3
состояние	о	Loc	41	7.08
кусок	из	Gen	41	5.52
поверхность	по	Dat	41	5.74
разложение	из	Gen	41	5.43
многоугольник	из	Gen	41	5.49
автомат	в	Loc	41	3.65
уравнение	в	Gen	40	5.98
сторона	от	Gen	40	6.41
квадрат	с	Ins	40	5.42
программа	для	Gen	40	5.42
определение	об	Loc	40	6.69
нуль	до	Gen	40	7.05
студент	из	Gen	40	5.45
скорость	при	Loc	40	7.11
закон	о	Loc	40	7.05
закон	к	Dat	40	6.2
поле	с	Gen	40	6.05
точка	над	Ins	40	5.57
место	от	Gen	40	6.47
базис	до	Gen	40	7.49
выражение	в	Acc	40	5.66
способ	с	Ins	40	5.25
дерево	к	Dat	40	6.1
игра	об	Loc	40	7.9
переход	в	Loc	40	3.61
движение	для	Gen	40	5.38
пространство	над	Ins	40	6.34
человек	по	Gen	40	7.74
качество	по	Dat	40	5.63
окружность	относительно	Gen	40	7.86
применение	на	Loc	40	5.67
координата	из	Gen	40	5.37
диаграмма	для	Gen	40	5.46
клетка	для	Gen	40	5.44
предложение	по	Dat	40	5.82
разложение	с	Ins	40	5.56
проблема	о	Loc	39	6.9
тройка	из	Gen	39	5.42
начало	перед	Ins	39	8.07
множество	со	Ins	39	5.31
определение	на	Acc	39	5.46
элемент	в	Loc	39	3.41
гипотеза	с	Ins	39	5.45
алгоритм	на	Acc	39	5.45
идея	с	Ins	39	5.5
скорость	на	Acc	39	5.98
таблица	к	Dat	39	6.16
строка	на	Acc	39	5.82
единица	в	Gen	39	6.48
операция	при	Loc	39	6.75
построение	из	Gen	39	5.33
индукция	с	Gen	39	6.69
тип	от	Gen	39	6.61
мера	к	Dat	39	6.01
сложность	по	Dat	39	5.63
команда	в	Acc	39	5.71
вычисление	без	Gen	39	7.52
круг	внутри	Gen	39	8.63
отрезок	к	Dat	39	6.14
отрезок	с	Ins	39	5.46
область	над	Ins	39	6.96
данных	от	Gen	39	6.8
плоскость	к	Dat	39	6.07
применение	к	Dat	39	6.21
диаграмма	из	Gen	39	5.36
треугольник	у	Gen	39	7.21
клетка	на	Gen	39	7.82
поверхность	в	Acc	39	5.61
фигура	для	Gen	39	5.45
группа	о	Loc	38	5.81
следствие	из	Gen	38	5.36
степень	из	Gen	38	5.02
нуль	без	Gen	38	7.31
утверждение	на	Acc	38	5.62
вывод	при	Loc	38	7.13
скорость	о	Loc	38	7.12
запись	с	Ins	38	5.47
отображение	до	Gen	38	6.78
обозначение	с	Ins	38	5.51
выражение	к	Dat	38	6.2
размер	для	Gen	38	5.31
цикл	на	Loc	38	5.5
выбор	после	Gen	38	7.9
выбор	по	Dat	38	5.6
дерево	о	Loc	38	6.81
цифра	от	Gen	38	6.55
ряд	по	Dat	38	5.44
шар	на	Loc	38	5.64
объект	в	Acc	38	5.42
модель	о	Loc	38	6.61
равенство	с	Ins	38	5.33
плоскость	для	Gen	38	5.27
описание	по	Dat	38	5.65
угол	внутри	Gen	38	7.94
симметрия	из	Gen	38	5.34
город	между	Ins	38	7.71
положение	о	Loc	38	7.26
частота	на	Loc	38	5.7
сторона	в	Loc	37	3.43
шаг	для	Gen	37	5.23
множество	с	Gen	37	4.95
программа	с	Ins	37	5.41
сложение	для	Gen	37	5.38
доказательство	в	Gen	37	5.99
теория	от	Gen	37	5.65
последовательность	у	Gen	37	6.68
место	до	Gen	37	6.78
операция	в	Gen	37	6.55
длина	в	Acc	37	5.25
многочлен	с	Ins	37	5.34
выражение	из	Gen	37	5.27
способ	для	Gen	37	5.05
прямоугольник	в	Loc	37	3.5
неравенство	с	Gen	37	6.34
действие	в	Acc	37	5.55
путь	с	Ins	37	5.21
преобразование	с	Gen	37	6.43
ход	на	Acc	37	5.89
движение	в	Acc	37	5.48
цепочка	из	Gen	37	5.35
раздел	по	Dat	37	5.62
раздел	в	Acc	37	5.56
структура	для	Gen	37	5.31
описание	из	Gen	37	5.27
угол	для	Gen	37	5.26
площадь	для	Gen	37	5.34
линия	с	Ins	37	5.44
счёт	на	Loc	37	5.67
алфавит	по	Dat	37	5.71
изучение	в	Acc	37	5.61
уравнение	на	Acc	36	5.27
параметр	из	Gen	36	5.21
работа	благодаря	Dat	36	6.57
значение	в	Gen	36	5.76
ученик	для	Gen	36	5.34
теория	с	Gen	36	5.51
слово	между	Ins	36	6.16
единица	для	Gen	36	5.12
отображение	из	Gen	36	5.05
операция	после	Gen	36	7.46
базис	в	Acc	36	5.5
композиция	с	Ins	36	5.47
класс	от	Gen	36	6.15
прямоугольник	на	Acc	36	5.97
переход	с	Ins	36	5.44
край	до	Gen	36	7.84
пара	от	Gen	36	6.25
разбиение	при	Loc	36	7.02
величина	о	Loc	36	6.23
счёт	по	Dat	36	5.66
занятие	к	Dat	36	6.25
город	от	Gen	36	6.78
рисунок	из	Gen	36	5.27
матрица	в	Gen	36	6.35
куб	в	Acc	36	5.59
лекция	для	Gen	35	5.18
коэффициент	через	Acc	35	7.17
число	кроме	Gen	35	4.15
пример	на	Acc	35	5.41
представление	на	Acc	35	5.77
представление	по	Dat	35	5.48
элемент	у	Gen	35	6.04
значение	до	Gen	35	5.96
правило	согласно	Dat	35	7.53
условие	в	Acc	35	5.17
материал	на	Loc	35	5.55
текст	в	Acc	35	5.43
система	у	Gen	35	6.06
последовательность	на	Acc	35	5.42
автор	у	Gen	35	7.55
исследование	в	Acc	35	5.35
предмет	на	Acc	35	5.9
название	из	Gen	35	5.2
связь	на	Acc	35	5.77
слово	без	Gen	35	6.21
слово	с	Ins	35	4.91
сила	с	Ins	35	5.3
принцип	на	Acc	35	5.8
константа	в	Acc	35	5.54
способ	по	Dat	35	5.2
игра	с	Ins	35	5.29
основа	за	Acc	35	7.29
мир	о	Loc	35	6.84
геометрия	от	Gen	35	6.42
геометрия	для	Gen	35	5.14
угол	от	Gen	35	6.52
карта	с	Ins	35	5.37
раскраска	о	Loc	35	7.26
разложение	для	Gen	35	5.26
решётка	для	Gen	35	5.33
коэффициент	со	Ins	34	7.06
начало	на	Acc	34	5.67
шаг	через	Gen	34	7.6
понятие	на	Loc	34	5.36
формулировка	для	Gen	34	5.26
порядок	в	Acc	34	5.18
текст	по	Dat	34	5.45
доказательство	в	Acc	34	5.02
идея	из	Gen	34	5.14
последовательность	от	Gen	34	5.99
половина	на	Acc	34	5.84
исследование	с	Ins	34	5.21
высказывание	из	Gen	34	5.25
буква	с	Gen	34	6.26
связь	для	Gen	34	5.17
конструкция	из	Gen	34	5.19
длина	при	Loc	34	6.16
принцип	с	Ins	34	5.3
предположение	без	Gen	34	8.06
прямоугольник	из	Gen	34	5.22
неравенство	с	Ins	34	5.21
сложность	к	Dat	34	5.95
путь	в	Acc	34	5.18
преобразование	с	Ins	34	5.25
круг	для	Gen	34	5.23
расстояние	от	Gen	34	6.57
жизнь	к	Dat	34	6.03
жизнь	в	Acc	34	5.42
процесс	в	Gen	34	6.48
человек	среди	Gen	34	7.41
наука	для	Gen	34	4.93
качество	в	Loc	34	3.34
плоскость	относительно	Gen	34	7.44
вектор	от	Gen	34	6.23
координата	на	Acc	34	5.76
линия	к	Dat	34	6.03
ребро	в	Acc	34	5.16
картинка	на	Acc	34	5.9
кусок	на	Gen	34	8.33
монета	с	Ins	34	5.36
рис	из	Gen	34	5.15
матрица	на	Loc	34	5.25
распределение	при	Loc	34	6.41
вид	от	Gen	33	5.64
книга	над	Ins	33	6.87
время	спустя	Acc	33	6.25
метод	при	Gen	33	6.6
теорема	о	Loc	33	5.83
шаг	в	Loc	33	3.29
множество	на	Gen	33	5.08
определение	в	Ins	33	6.47
определение	в	Gen	33	5.81
степень	при	Loc	33	6.03
условие	к	Dat	33	5.56
отношение	по	Dat	33	5.34
нуль	о	Loc	33	6.53
порядок	для	Gen	33	4.95
текст	к	Dat	33	5.94
система	с	Gen	33	5.45
утверждение	для	Gen	33	4.94
лемма	с	Gen	33	6.42
длина	к	Dat	33	5.56
существование	из	Gen	33	5.14
предел	с	Ins	33	5.28
константа	от	Gen	33	6.8
мера	в	Gen	33	6.33
дерево	на	Loc	33	5.3
команда	из	Gen	33	5.17
путь	к	Dat	33	5.63
переход	после	Gen	33	8.21
движение	на	Acc	33	5.65
движение	из	Gen	33	5.05
событие	о	Loc	33	6.6
расстояние	с	Gen	33	6.32
состояние	с	Ins	33	5.23
пункт	к	Dat	33	6.11
код	по	Dat	33	5.44
соотношение	в	Acc	33	5.33
график	под	Ins	33	8.42
граф	среди	Gen	33	5.46
ребро	без	Gen	33	6.71
занятие	в	Loc	33	3.34
карта	для	Gen	33	5.18
день	с	Gen	33	6.33
ожидание	к	Dat	33	6.08
предложение	из	Gen	33	5.19
проблема	в	Loc	32	3.25
лекция	по	Dat	32	5.31
математик	с	Ins	32	5.06
книга	по	Dat	32	5.19
множество	про	Acc	32	5.12
группа	со	Ins	32	5.8
параметр	в	Gen	32	6.57
свойство	от	Gen	32	5.92
студент	среди	Gen	32	8.61
текст	для	Gen	32	5.09
форма	между	Ins	32	6.72
функция	об	Loc	32	5.17
половина	из	Gen	32	5.1
скорость	от	Gen	32	6.58
таблица	с	Ins	32	5.18
помощь	на	Acc	32	5.5
схема	к	Dat	32	5.92
неравенство	в	Acc	32	5.22
дерево	у	Gen	32	7.14
вычисление	о	Loc	32	6.6
конец	между	Ins	32	6.96
круг	на	Acc	32	5.72
граница	от	Gen	32	6.56
пространство	по	Dat	32	4.88
структура	в	Acc	32	5.32
окружность	внутри	Gen	32	7.77
применение	о	Loc	32	6.81
координата	для	Gen	32	5.11
совокупность	из	Gen	32	5.16
имя	на	Acc	32	5.6
монета	для	Gen	32	5.16
многоугольник	внутри	Gen	32	9.04
вид	по	Dat	31	4.84
сторона	по	Gen	31	6.98
случай	за	Gen	31	5.74
случай	с	Ins	31	4.56
множество	через	Acc	31	5.0
группа	относительно	Gen	31	5.86
программа	к	Dat	31	5.86
работа	после	Gen	31	6.22
определение	согласно	Dat	31	6.35
следствие	согласно	Dat	31	8.53
гипотеза	в	Loc	31	3.21
степень	на	Loc	31	4.97
свойство	к	Dat	31	5.45
студент	со	Ins	31	7.86
формула	согласно	Dat	31	6.32
теория	над	Ins	31	5.78
запись	из	Gen	31	5.01
строка	на	Loc	31	5.19
отображение	в	Acc	31	5.08
место	на	Gen	31	6.76
скобка	в	Acc	31	5.39
многочлен	к	Dat	31	5.74
выбор	с	Ins	31	5.14
возможность	на	Acc	31	5.66
действие	по	Dat	31	5.35
круг	с	Ins	31	5.2
отрезок	на	Acc	31	5.56
пара	на	Gen	31	6.67
процесс	в	Acc	31	5.19
деление	на	Gen	31	7.63
деление	о	Loc	31	6.88
шар	для	Gen	31	5.1
ось	из	Gen	31	5.03
применение	после	Gen	31	7.75
линия	вдоль	Gen	31	8.2
ребро	вдоль	Gen	31	6.9
карта	на	Acc	31	5.66
клетка	с	Ins	31	5.18
доска	с	Gen	31	6.43
распределение	между	Ins	31	6.7
предложение	с	Ins	31	5.28
положение	при	Loc	31	6.87
проблема	для	Gen	30	4.95
лекция	в	Acc	30	5.17
число	п	Gen	30	3.93
число	на	Nom	30	3.93
сторона	со	Gen	30	6.9
квадрат	на	Loc	30	5.13
метод	в	Acc	30	4.87
начало	на	Loc	30	5.19
шаг	с	Gen	30	6.03
группа	про	Acc	30	5.86
значение	в	Acc	30	4.73
условие	для	Gen	30	4.77
нуль	кроме	Gen	30	7.34
эквивалентность	до	Gen	30	7.42
функция	до	Gen	30	4.93
закон	согласно	Dat	30	7.71
поле	о	Loc	30	5.94
единица	по	Dat	30	5.1
знак	на	Acc	30	5.56
знак	в	Loc	30	3.17
произведение	о	Loc	30	6.25
класс	о	Loc	30	6.07
момент	для	Gen	30	5.01
способ	к	Dat	30	5.39
выбор	на	Acc	30	5.54
дерево	в	Gen	30	6.27
ряд	о	Loc	30	6.26
край	без	Gen	30	8.29
ситуация	к	Dat	30	5.97
позиция	на	Gen	30	7.74
пространство	о	Loc	30	5.63
деление	для	Gen	30	5.05
человек	между	Ins	30	6.82
человек	о	Loc	30	6.41
шар	в	Acc	30	5.27
геометрия	о	Loc	30	6.43
применение	на	Acc	30	5.57
столбец	для	Gen	30	5.09
диаграмма	в	Acc	30	5.26
маршрут	по	Dat	30	5.43
школьник	со	Ins	30	8.0
цвет	от	Gen	30	6.34
доля	из	Gen	30	5.03
автомат	для	Gen	30	5.09
коэффициент	от	Gen	29	6.12
математик	среди	Gen	29	6.99
задача	согласно	Dat	29	5.0
сторона	между	Ins	29	6.48
время	об	Loc	29	5.96
случай	от	Gen	29	5.19
определение	без	Gen	29	6.1
элемент	по	Gen	29	5.92
алгоритм	от	Gen	29	5.57
школа	к	Dat	29	5.66
основание	к	Dat	29	5.86
математика	на	Acc	29	5.0
операция	при	Gen	29	7.35
скобка	за	Acc	29	7.54
алгебра	для	Gen	29	4.91
индукция	по	Ins	29	8.42
произведение	к	Dat	29	5.51
момент	с	Ins	29	5.07
действие	о	Loc	29	6.71
конец	на	Acc	29	5.4
замечание	в	Loc	29	3.15
ситуация	из	Gen	29	4.98
количество	через	Acc	29	6.47
процесс	о	Loc	29	6.44
область	от	Gen	29	5.9
деление	после	Gen	29	7.9
структура	на	Acc	29	5.52
наука	о	Loc	29	5.95
делитель	на	Acc	29	5.64
вектор	через	Acc	29	6.69
соотношение	с	Gen	29	6.1
алфавит	для	Gen	29	5.06
алфавит	из	Gen	29	5.0
грань	среди	Gen	29	7.99
грань	между	Ins	29	7.32
картинка	с	Ins	29	5.18
карта	в	Gen	29	6.52
имя	в	Acc	29	5.13
разложение	при	Loc	29	6.66
триангуляция	в	Loc	29	3.17
сторона	для	Gen	28	4.73
тройка	в	Acc	28	5.23
метод	в	Gen	28	5.65
метод	на	Acc	28	5.04
ответ	из	Gen	28	4.73
случай	о	Loc	28	5.26
форма	относительно	Gen	28	6.82
вывод	с	Ins	28	5.07
рассуждение	с	Gen	28	6.25
закон	в	Ins	28	7.69
математика	от	Gen	28	5.49
математика	из	Gen	28	4.49
ошибка	без	Gen	28	7.57
буква	𝑛	Gen	28	7.55
буква	от	Gen	28	6.17
таблица	для	Gen	28	4.88
отображение	на	Acc	28	5.23
сила	по	Dat	28	5.14
многочлен	о	Loc	28	6.38
предел	в	Acc	28	5.15
сложность	на	Loc	28	5.12
действие	относительно	Gen	28	7.69
вычисление	с	Ins	28	4.95
преобразование	к	Dat	28	5.65
цепочка	в	Acc	28	5.25
пара	у	Gen	28	6.55
жизнь	для	Gen	28	4.93
процесс	на	Acc	28	5.37
область	внутри	Gen	28	6.75
модель	с	Gen	28	5.8
мир	с	Ins	28	4.99
данных	в	Gen	28	6.38
ось	от	Gen	28	6.42
окружность	в	Loc	28	3.07
плоскость	от	Gen	28	6.14
плоскость	из	Gen	28	4.78
остаток	из	Gen	28	4.89
координата	по	Dat	28	5.19
грань	на	Acc	28	5.52
ребро	от	Gen	28	5.82
планета	на	Loc	28	5.3
треугольник	от	Gen	28	6.0
раскраска	в	Loc	28	3.1
фигура	с	Ins	28	5.09
многоугольник	в	Loc	28	3.1
сфера	на	Acc	28	5.58
сфера	из	Gen	28	4.92
задача	у	Gen	27	4.82
задача	между	Ins	27	4.78
вопрос	в	Acc	27	4.86
случай	кроме	Gen	27	5.59
факт	на	Acc	27	5.49
значение	на	Loc	27	4.59
алгоритм	в	Gen	27	5.5
порядок	в	Gen	27	5.84
последовательность	о	Loc	27	5.83
половина	в	Acc	27	5.14
слово	среди	Gen	27	5.95
операция	к	Dat	27	5.52
умножение	к	Dat	27	5.65
алгебра	над	Ins	27	7.0
произведение	на	Loc	27	4.92
выражение	на	Acc	27	5.45
оценка	в	Gen	27	6.15
оценка	по	Dat	27	5.05
ход	из	Gen	27	4.81
ряд	на	Loc	27	4.92
аксиома	от	Gen	27	6.53
человек	на	Acc	27	5.28
разбиение	относительно	Gen	27	7.8
ось	до	Gen	27	7.01
вектор	по	Dat	27	4.95
применение	из	Gen	27	4.8
угол	о	Loc	27	6.4
граф	над	Ins	27	5.1
граф	между	Ins	27	5.05
город	для	Gen	27	4.89
поверхность	с	Ins	27	4.97
день	на	Gen	27	7.15
матрица	у	Gen	27	6.58
кость	из	Gen	27	4.9
уравнение	об	Loc	26	5.9
год	по	Gen	26	3.95
вид	в	Acc	26	4.54
решение	после	Gen	26	5.64
число	под	Ins	26	3.69
книга	с	Ins	26	4.74
сумма	на	Gen	26	5.89
следствие	в	Gen	26	6.48
подмножество	с	Ins	26	4.83
правило	в	Ins	26	7.17
правило	с	Gen	26	5.81
формулировка	к	Dat	26	5.75
порядок	на	Gen	26	6.36
ученик	со	Ins	26	7.5
форма	на	Acc	26	5.15
теория	между	Ins	26	5.46
половина	на	Loc	26	5.12
результат	в	Gen	26	5.64
дело	в	Acc	26	4.93
ошибка	от	Gen	26	6.32
символ	в	Gen	26	6.3
модуль	в	Loc	26	2.97
алгебра	на	Loc	26	4.98
способ	о	Loc	26	5.78
прямоугольник	на	Gen	26	7.7
сложность	из	Gen	26	4.72
бит	на	Acc	26	5.46
цифра	в	Loc	26	2.95
круг	к	Dat	26	5.68
круг	из	Gen	26	4.78
корень	в	Acc	26	4.96
событие	к	Dat	26	5.48
пара	о	Loc	26	5.98
аксиома	по	Dat	26	5.19
шар	с	Ins	26	4.95
объект	у	Gen	26	6.66
модель	от	Gen	26	5.85
модель	по	Dat	26	4.9
пункт	на	Acc	26	5.49
ось	над	Ins	26	7.41
делитель	по	Dat	26	5.17
код	к	Dat	26	5.64
площадь	к	Dat	26	5.66
линия	между	Ins	26	7.08
линия	в	Acc	26	5.03
линия	в	Loc	26	2.97
грань	в	Acc	26	5.06
изучение	на	Acc	26	5.47
имя	в	Loc	26	2.96
рисунок	с	Ins	26	4.97
перестановка	по	Dat	26	5.07
день	спустя	Gen	26	7.78
день	из	Gen	26	4.73
уравнение	о	Loc	25	5.41
математик	к	Dat	25	5.33
начало	о	Loc	25	6.28
шаг	на	Gen	25	6.71
группа	в	Gen	25	5.11
определение	за	Acc	25	5.73
элемент	без	Gen	25	5.57
гипотеза	для	Gen	25	4.7
понятие	для	Gen	25	4.69
отношение	об	Loc	25	7.13
г.	с	Nom	25	7.23
г.	за	Acc	25	6.48
доказательство	на	Loc	25	4.59
функция	при	Loc	25	4.57
анализ	с	Ins	25	4.75
результат	на	Loc	25	4.69
ошибка	по	Dat	25	5.06
ошибка	из	Gen	25	4.72
исследование	в	Gen	25	6.0
член	для	Gen	25	4.56
член	в	Loc	25	2.86
помощь	без	Gen	25	6.66
модуль	из	Gen	25	4.69
композиция	в	Gen	25	6.46
выражение	с	Ins	25	4.87
размер	на	Acc	25	5.25
действие	к	Dat	25	5.59
круг	с	Gen	25	6.04
ход	при	Loc	25	6.39
ряд	от	Gen	25	5.78
ситуация	с	Ins	25	4.94
ситуация	для	Gen	25	4.83
пара	над	Ins	25	6.38
жизнь	в	Gen	25	6.27
количество	на	Loc	25	4.73
процесс	на	Loc	25	4.91
объединение	с	Ins	25	4.93
структура	из	Gen	25	4.69
объект	в	Loc	25	2.88
мир	на	Acc	25	5.27
состояние	на	Acc	25	5.27
данных	при	Loc	25	6.36
равенство	при	Loc	25	6.03
вектор	в	Acc	25	4.78
номер	от	Gen	25	6.22
дробь	в	Loc	25	2.93
школьник	из	Gen	25	4.79
упражнение	согласно	Dat	25	7.9
клетка	до	Gen	25	6.81
матрица	через	Acc	25	6.47
отражение	после	Gen	25	8.22
положение	к	Dat	25	5.67
сфера	с	Ins	25	4.93
решение	на	Loc	24	4.36
число	за	Ins	24	3.6
число	со	Ins	24	3.55
сторона	относительно	Gen	24	6.48
ответ	от	Gen	24	5.8
группа	от	Gen	24	5.03
параметр	на	Acc	24	5.25
представление	на	Loc	24	4.91
определение	до	Gen	24	5.63
элемент	среди	Gen	24	5.61
алгоритм	об	Loc	24	5.92
условие	на	Loc	24	4.65
порядок	о	Loc	24	5.83
эквивалентность	об	Loc	24	8.26
скорость	по	Dat	24	4.99
закон	от	Gen	24	6.04
направление	вдоль	Gen	24	7.85
направление	к	Dat	24	5.53
строка	со	Ins	24	6.61
строка	от	Gen	24	5.88
слово	у	Gen	24	5.65
единица	на	Gen	24	6.41
точка	среди	Gen	24	4.91
длина	о	Loc	24	5.71
существование	в	Loc	24	2.87
базис	для	Gen	24	4.7
цикл	к	Dat	24	5.36
сложность	на	Acc	24	5.21
вершина	среди	Gen	24	5.51
преобразование	в	Loc	24	2.84
корень	на	Acc	24	5.18
пересечение	до	Gen	24	6.78
край	за	Acc	24	7.38
аксиома	без	Gen	24	7.72
количество	между	Ins	24	6.09
пространство	со	Ins	24	5.57
пространство	в	Gen	24	5.19
раздел	на	Acc	24	5.3
вектор	с	Gen	24	5.56
применение	по	Dat	24	4.96
угол	по	Dat	24	4.9
угол	на	Loc	24	4.87
номер	с	Gen	24	5.95
симметрия	при	Loc	24	6.46
линия	на	Acc	24	5.27
картинка	по	Dat	24	5.08
поверхность	от	Gen	24	6.12
сторона	до	Gen	23	6.02
ответ	на	Acc	23	5.01
множество	среди	Gen	23	4.63
группа	внутри	Gen	23	5.5
работа	до	Gen	23	5.52
элемент	со	Ins	23	5.4
факт	на	Loc	23	4.92
гипотеза	при	Loc	23	6.11
сложение	к	Dat	23	5.57
степень	о	Loc	23	5.56
условие	согласно	Dat	23	6.28
условие	без	Gen	23	6.09
свойство	для	Gen	23	4.37
отношение	из	Gen	23	4.5
нуль	для	Gen	23	4.52
школа	на	Loc	23	4.79
язык	о	Loc	23	5.74
формула	без	Gen	23	5.74
функция	относительно	Gen	23	4.68
идея	на	Acc	23	5.2
скорость	на	Loc	23	4.89
исследование	на	Acc	23	5.07
слово	с	Gen	23	5.03
точка	п	Gen	23	4.88
роль	о	Loc	23	6.53
роль	по	Dat	23	4.97
конструкция	с	Ins	23	4.8
модуль	к	Dat	23	5.44
набор	в	Gen	23	5.91
набор	с	Gen	23	5.68
многочлен	от	Gen	23	5.85
предел	из	Gen	23	4.59
тип	в	Loc	23	2.77
бит	с	Ins	23	4.81
игра	после	Gen	23	7.01
преобразование	до	Gen	23	6.47
раз	n	Acc	23	6.63
замечание	из	Gen	23	4.66
событие	на	Acc	23	5.07
событие	в	Loc	23	2.77
отрезок	внутри	Gen	23	7.3
жизнь	за	Acc	23	6.79
процесс	с	Ins	23	4.66
структура	по	Dat	23	4.9
объект	о	Loc	23	5.96
объект	в	Gen	23	5.78
разбиение	по	Dat	23	4.95
вектор	в	Gen	23	5.7
диаграмма	в	Gen	23	6.19
номер	на	Acc	23	5.22
читатель	у	Gen	23	7.7
график	из	Gen	23	4.65
грань	для	Gen	23	4.66
маршрут	из	Gen	23	4.69
рисунок	в	Loc	23	2.81
монета	на	Loc	23	4.94
стрелка	из	Gen	23	4.63
уравнение	с	Gen	22	4.97
проблема	на	Acc	22	5.04
лекция	на	Gen	22	6.68
решение	до	Gen	22	5.18
задача	в	Ins	22	4.61
книга	для	Gen	22	4.4
квадрат	внутри	Gen	22	6.86
квадрат	до	Gen	22	6.2
квадрат	к	Dat	22	5.2
метод	по	Ins	22	6.05
вопрос	с	Gen	22	5.38
группа	над	Ins	22	5.29
определение	от	Gen	22	5.19
формулировка	по	Dat	22	4.92
порядок	из	Gen	22	4.31
доказательство	за	Acc	22	5.56
формула	при	Gen	22	5.86
форма	у	Gen	22	6.32
анализ	на	Loc	22	4.68
скорость	для	Gen	22	4.58
направление	между	Ins	22	6.85
ошибка	об	Loc	22	7.62
буква	вместо	Gen	22	7.08
образ	на	Acc	22	4.62
слово	про	Acc	22	5.68
единица	до	Gen	22	6.05
место	для	Gen	22	4.41
построение	с	Ins	22	4.67
конструкция	на	Acc	22	5.21
помощь	к	Dat	22	5.18
принцип	согласно	Dat	22	7.45
схема	на	Acc	22	5.13
умножение	из	Ins	22	7.62
произведение	относительно	Gen	22	6.45
произведение	от	Gen	22	5.6
класс	между	Ins	22	5.93
возможность	для	Gen	22	4.59
дерево	с	Gen	22	5.6
корень	в	Gen	22	5.9
расстояние	для	Gen	22	4.55
процесс	из	Gen	22	4.44
цепь	из	Gen	22	4.6
человек	в	Gen	22	5.78
структура	к	Dat	22	5.37
объект	над	Ins	22	6.41
модель	между	Ins	22	6.18
равенство	на	Acc	22	4.95
ось	через	Acc	22	7.17
площадь	от	Gen	22	6.05
совокупность	для	Gen	22	4.68
столбец	в	Acc	22	4.87
симметрия	по	Dat	22	4.89
алфавит	с	Ins	22	4.78
дробь	на	Acc	22	5.24
разность	для	Gen	22	4.64
разность	из	Gen	22	4.58
изучение	после	Gen	22	7.77
картинка	из	Gen	22	4.6
цвет	по	Dat	22	4.79
треугольник	вне	Gen	22	6.79
перестановка	с	Ins	22	4.67
монета	по	Dat	22	4.91
фигура	в	Loc	22	2.75
разложение	с	Gen	22	5.83
проблема	на	Loc	21	4.67
коэффициент	к	Dat	21	5.14
число	по	Gen	21	3.41
число	об	Loc	21	3.4
число	без	Gen	21	3.37
время	о	Loc	21	5.09
теорема	в	Ins	21	5.66
сумма	по	Dat	21	4.35
смысл	о	Loc	21	6.18
элемент	𝑛	Gen	21	5.5
факт	с	Ins	21	4.65
подмножество	по	Dat	21	4.68
гипотеза	в	Gen	21	5.85
степень	в	Gen	21	5.29
материал	к	Dat	21	5.42
ученик	у	Gen	21	7.32
утверждение	с	Gen	21	5.27
последовательность	с	Gen	21	5.16
компьютер	в	Acc	21	4.82
автор	с	Ins	21	4.58
ошибка	на	Acc	21	5.11
слово	со	Gen	21	5.61
слово	в	Gen	21	5.04
отображение	относительно	Gen	21	6.33
точка	около	Gen	21	4.76
построение	с	Gen	21	5.7
помощь	за	Acc	21	6.15
принцип	к	Dat	21	5.32
умножение	после	Gen	21	7.11
умножение	в	Loc	21	2.66
предположение	с	Ins	21	4.68
класс	с	Gen	21	5.23
способ	в	Loc	21	2.58
выбор	без	Gen	21	6.84
возможность	в	Loc	21	2.67
игра	по	Dat	21	4.71
действие	в	Gen	21	6.01
действие	на	Acc	21	5.08
действие	для	Gen	21	4.51
действие	из	Gen	21	4.45
путь	в	Gen	21	5.47
путь	от	Gen	21	5.43
цифра	между	Ins	21	6.35
ход	в	Acc	21	4.72
край	в	Loc	21	2.69
граница	через	Acc	21	6.98
граница	в	Loc	21	2.67
пара	в	Gen	21	5.51
аксиома	с	Gen	21	5.92
позиция	от	Gen	21	6.1
процесс	между	Ins	21	6.4
человек	к	Dat	21	5.14
объект	от	Gen	21	5.61
объект	по	Dat	21	4.62
равенство	с	Gen	21	5.45
остаток	к	Dat	21	5.38
делитель	о	Loc	21	6.46
цель	из	Gen	21	4.49
координата	в	Gen	21	5.98
разность	в	Gen	21	6.19
ребро	в	Gen	21	5.45
клетка	с	Gen	21	5.74
поверхность	из	Gen	21	4.44
распределение	на	Acc	21	4.85
частота	от	Gen	21	6.18
исход	для	Gen	21	4.57
лекция	с	Gen	20	5.52
год	из	Gen	20	2.99
задача	об	Loc	20	4.45
книга	за	Acc	20	5.94
теорема	в	Gen	20	4.99
начало	вокруг	Gen	20	7.05
множество	относительно	Gen	20	4.41
группа	через	Acc	20	5.15
элемент	через	Acc	20	5.23
элемент	с	Gen	20	4.72
значение	через	Acc	20	5.31
понятие	на	Acc	20	4.9
алгоритм	при	Gen	20	5.72
свойство	об	Loc	20	5.99
отношение	в	Gen	20	5.72
отношение	от	Gen	20	5.67
отношение	на	Acc	20	4.89
нуль	с	Ins	20	4.42
курс	с	Gen	20	5.53
школа	со	Gen	20	6.88
система	через	Acc	20	5.25
формула	у	Gen	20	5.52
утверждение	в	Acc	20	4.4
половина	со	Gen	20	7.8
скорость	в	Loc	20	2.6
направление	о	Loc	20	6.18
запись	по	Dat	20	4.72
запись	в	Acc	20	4.66
основание	на	Acc	20	5.06
математика	между	Ins	20	5.39
вариант	с	Ins	20	4.51
исследование	об	Loc	20	6.72
информация	к	Dat	20	5.22
поле	до	Gen	20	5.53
поле	от	Gen	20	5.19
сила	о	Loc	20	6.01
операция	по	Dat	20	4.59
лемма	к	Dat	20	5.29
длина	на	Loc	20	4.38
член	среди	Gen	20	6.27
член	между	Ins	20	5.94
схема	со	Ins	20	6.75
набор	при	Loc	20	5.84
набор	на	Acc	20	4.88
умножение	с	Gen	20	5.61
базис	о	Loc	20	6.17
базис	в	Gen	20	5.94
предел	до	Gen	20	6.51
константа	без	Gen	20	7.41
способ	п	Ins	20	6.12
прямоугольник	внутри	Gen	20	8.26
тип	на	Acc	20	4.88
мера	из	Gen	20	4.26
вершина	между	Ins	20	5.07
вычисление	по	Dat	20	4.62
конец	под	Acc	20	6.93
преобразование	о	Loc	20	5.99
переход	о	Loc	20	6.31
движение	от	Gen	20	5.74
пересечение	на	Acc	20	5.02
пересечение	в	Acc	20	4.66
отрезок	вне	Gen	20	7.22
раздел	к	Dat	20	5.29
объект	об	Loc	20	6.52
мир	к	Dat	20	5.19
код	с	Gen	20	5.67
угол	к	Dat	20	5.15
стратегия	по	Dat	20	4.81
дробь	на	Loc	20	4.76
треугольник	около	Gen	20	6.63
клетка	через	Acc	20	6.91
матрица	с	Gen	20	5.3
эксперимент	к	Dat	20	5.39
стрелка	без	Gen	20	7.28
куб	из	Gen	20	4.45
сфера	к	Dat	20	5.37
лекция	к	Dat	19	5.07
вид	на	Gen	19	5.26
век	в	Gen	19	5.8
задача	к	Loc	19	4.43
задача	после	Gen	19	4.36
книга	в	Gen	19	5.42
квадрат	о	Loc	19	5.74
метод	от	Gen	19	5.06
ответ	в	Gen	19	5.51
вопрос	за	Gen	19	6.18
вопрос	над	Ins	19	5.97
теорема	на	Loc	19	4.13
начало	под	Ins	19	6.68
элемент	𝑘	Gen	19	5.36
гипотеза	о	Loc	19	5.91
понятие	от	Gen	19	5.62
понятие	с	Gen	19	5.43
условие	на	Acc	19	4.57
свойство	с	Gen	19	5.03
материал	с	Ins	19	4.53
г.	по	Acc	19	6.47
текст	над	Ins	19	6.69
формула	от	Gen	19	4.96
формула	на	Loc	19	4.18
закон	на	Acc	19	4.88
буква	между	Ins	19	6.29
таблица	на	Acc	19	4.87
отображение	у	Gen	19	6.03
список	в	Gen	19	5.83
точка	кроме	Gen	19	4.61
скобка	без	Gen	19	7.46
знак	с	Gen	19	5.54
знак	по	Dat	19	4.61
помощь	за	Ins	19	6.57
принцип	с	Gen	19	5.57
предположение	на	Acc	19	5.01
класс	после	Gen	19	5.97
бит	от	Gen	19	5.96
дерево	на	Acc	19	4.8
вершина	через	Gen	19	5.22
вычисление	из	Gen	19	4.23
путь	между	Ins	19	5.81
цифра	по	Dat	19	4.52
преобразование	при	Gen	19	7.03
ход	о	Loc	19	6.08
событие	после	Gen	19	6.57
аксиома	в	Gen	19	6.09
речь	с	Ins	19	4.58
количество	за	Acc	19	5.68
цепь	в	Acc	19	4.68
объединение	из	Gen	19	4.36
область	на	Gen	19	5.89
человек	до	Gen	19	6.0
человек	от	Gen	19	5.52
раздел	о	Loc	19	6.15
наука	от	Gen	19	5.16
код	из	Gen	19	4.31
координата	через	Acc	19	6.8
соотношение	по	Dat	19	4.59
номер	в	Acc	19	4.59
ребро	у	Gen	19	5.89
треугольник	в	Gen	19	5.48
клетка	в	Gen	19	5.86
распределение	на	Loc	19	4.43
кость	с	Ins	19	4.57
эксперимент	из	Gen	19	4.37
положение	на	Acc	19	5.0
разложение	к	Dat	19	5.21
стрелка	на	Acc	19	5.01
куб	с	Ins	19	4.56
куб	для	Gen	19	4.44
кубик	с	Ins	19	4.58
частота	при	Loc	19	6.28
вопрос	на	Loc	18	4.3
случай	со	Ins	18	4.83
работа	около	Gen	18	5.55
понятие	между	Ins	18	6.23
правило	от	Gen	18	5.46
правило	для	Gen	18	4.18
степень	между	Ins	18	5.48
г.	к	Dat	18	4.93
язык	на	Gen	18	5.8
система	между	Ins	18	5.02
доказательство	от	Gen	18	4.92
форма	в	Gen	18	5.36
форма	с	Gen	18	5.16
функция	при	Gen	18	4.37
анализ	в	Gen	18	5.48
результат	за	Acc	18	5.48
дело	от	Gen	18	5.49
вариант	на	Acc	18	4.8
изменение	для	Gen	18	4.35
буква	в	Acc	18	4.42
слово	под	Ins	18	5.31
слово	о	Loc	18	4.93
точка	на	Gen	18	4.41
сила	из	Gen	18	4.18
операция	на	Acc	18	4.7
символ	с	Gen	18	5.51
конструкция	для	Gen	18	4.33
член	без	Gen	18	5.93
набор	между	Ins	18	6.18
существование	к	Dat	18	5.18
индукция	к	Dat	18	5.16
момент	от	Gen	18	5.69
размер	о	Loc	18	5.84
мера	между	Ins	18	6.03
мера	на	Acc	18	4.67
множитель	на	Gen	18	7.02
множитель	с	Ins	18	4.45
сложность	между	Ins	18	6.35
выбор	к	Dat	18	5.05
игра	на	Loc	18	4.46
цифра	до	Gen	18	5.97
круг	о	Loc	18	6.09
ход	в	Loc	18	2.44
корень	через	Acc	18	6.44
ряд	над	Ins	18	6.0
ограничение	из	Gen	18	4.28
событие	между	Ins	18	6.14
пересечение	о	Loc	18	6.04
расстояние	из	Gen	18	4.2
количество	к	Dat	18	4.72
объединение	относительно	Gen	18	7.45
объединение	для	Gen	18	4.34
пространство	от	Gen	18	4.75
раздел	для	Gen	18	4.3
наука	с	Ins	18	4.11
основа	по	Dat	18	4.54
пункт	для	Gen	18	4.36
вектор	в	Loc	18	2.39
комбинация	в	Loc	18	2.47
соотношение	о	Loc	18	5.87
диаграмма	с	Gen	18	5.56
счёт	при	Loc	18	6.21
ребро	с	Gen	18	5.04
графа	о	Loc	18	6.14
треугольник	о	Loc	18	5.58
треугольник	с	Gen	18	5.2
поверхность	о	Loc	18	5.98
поверхность	с	Gen	18	5.49
день	после	Gen	18	6.86
матрица	от	Gen	18	5.31
ожидание	от	Gen	18	5.88
ожидание	в	Loc	18	2.46
отражение	с	Ins	18	4.49
фигура	на	Acc	18	4.93
разложение	на	Acc	18	4.87
кубик	на	Acc	18	5.0
сфера	о	Loc	18	6.22
ящик	в	Gen	18	6.1
проблема	-	Gen	17	6.84
проблема	за	Gen	17	6.61
проблема	от	Gen	17	5.45
лекция	в	Gen	17	5.52
год	с	Ins	17	2.81
вид	о	Loc	17	4.82
коэффициент	в	Gen	17	5.4
коэффициент	в	Acc	17	4.29
тройка	на	Acc	17	4.89
ответ	при	Loc	17	5.46
теорема	для	Gen	17	3.79
случай	с	Gen	17	4.33
начало	в	Ins	17	6.78
шаг	при	Loc	17	5.56
группа	с	Gen	17	4.43
представление	от	Gen	17	5.56
программа	от	Gen	17	5.59
программа	с	Gen	17	5.39
работа	за	Ins	17	5.43
подмножество	в	Gen	17	5.47
гипотеза	по	Dat	17	4.41
правило	на	Acc	17	4.62
условие	в	Gen	17	5.08
свойство	в	Loc	17	2.28
язык	на	Nom	17	6.08
анализ	с	Gen	17	5.18
идея	по	Dat	17	4.47
результат	для	Gen	17	3.93
направление	на	Loc	17	4.45
автор	от	Gen	17	5.56
предмет	с	Ins	17	4.38
слово	при	Loc	17	4.81
отображение	об	Loc	17	6.09
сила	от	Gen	17	5.52
место	с	Ins	17	4.13
операция	в	Acc	17	4.3
символ	до	Gen	17	6.24
символ	в	Loc	17	2.36
знак	в	Gen	17	5.64
конструкция	с	Gen	17	5.55
схема	о	Loc	17	5.89
предположение	согласно	Dat	17	7.64
предположение	от	Gen	17	5.8
момент	из	Gen	17	4.13
прямоугольник	к	Dat	17	5.17
цикл	в	Gen	17	5.45
мера	на	Gen	17	6.06
мера	до	Gen	17	5.8
оценка	на	Acc	17	4.65
дерево	в	Loc	17	2.33
команда	на	Gen	17	7.09
раз	за	Ins	17	6.07
раз	до	Gen	17	5.56
ход	в	Gen	17	5.69
прогрессия	для	Gen	17	4.31
ряд	с	Gen	17	5.07
вероятность	из	Gen	17	3.73
пересечение	относительно	Gen	17	7.0
граница	из	Gen	17	4.14
ситуация	в	Gen	17	5.9
термин	с	Ins	17	4.35
количество	в	Acc	17	4.16
позиция	по	Dat	17	4.54
область	между	Ins	17	5.64
область	в	Gen	17	5.16
структура	от	Gen	17	5.61
структура	на	Loc	17	4.43
основа	в	Gen	17	5.64
мир	от	Gen	17	5.53
качество	от	Gen	17	5.46
равенство	от	Gen	17	5.32
окружность	о	Loc	17	5.76
остаток	от	Gen	17	5.71
соотношение	от	Gen	17	5.53
столбец	на	Acc	17	4.88
стратегия	из	Gen	17	4.22
линия	в	Gen	17	5.7
график	с	Ins	17	4.39
рисунок	на	Acc	17	4.83
клетка	без	Gen	17	6.72
поверхность	в	Loc	17	2.36
распределение	в	Gen	17	5.3
многоугольник	в	Acc	17	4.52
год	для	Gen	16	2.69
вид	про	Acc	16	5.18
число	𝑛	Gen	16	3.02
число	за	Gen	16	3.01
книга	о	Loc	16	5.34
квадрат	в	Gen	16	5.31
вопрос	от	Gen	16	5.07
множество	вне	Gen	16	4.15
параметр	к	Dat	16	4.91
представление	с	Gen	16	5.27
представление	в	Acc	16	4.3
работа	помимо	Gen	16	5.4
правило	к	Dat	16	4.76
сложение	о	Loc	16	6.05
степень	к	Dat	16	4.45
свойство	согласно	Dat	16	5.7
курс	после	Gen	16	6.49
текст	без	Gen	16	6.48
система	над	Ins	16	4.93
функция	про	Acc	16	4.18
половина	на	Gen	16	6.8
рассуждение	к	Dat	16	5.01
основание	из	Gen	16	4.09
математика	на	Loc	16	3.91
изменение	в	Loc	16	2.29
предмет	об	Loc	16	7.5
предмет	о	Loc	16	6.05
название	по	Dat	16	4.41
поле	через	Acc	16	5.42
поле	по	Dat	16	4.04
связь	со	Ins	16	6.35
связь	из	Gen	16	4.03
слово	вместо	Gen	16	5.24
единица	без	Gen	16	5.88
внимание	с	Ins	16	4.31
точка	после	Gen	16	4.3
сила	к	Dat	16	4.86
лемма	на	Acc	16	4.71
лемма	на	Loc	16	4.38
длина	до	Gen	16	5.31
член	в	Gen	16	5.12
индукция	при	Gen	16	7.42
базис	на	Loc	16	4.36
композиция	в	Loc	16	2.29
тип	на	Loc	16	4.26
размер	к	Dat	16	4.84
неравенство	согласно	Dat	16	6.46
оценка	об	Loc	16	6.47
дерево	от	Gen	16	5.32
команда	с	Ins	16	4.31
путь	с	Gen	16	4.89
цифра	по	Gen	16	6.49
цифра	в	Gen	16	5.35
переход	на	Acc	16	4.75
корень	в	Loc	16	2.26
пересечение	для	Gen	16	4.12
ситуация	в	Acc	16	4.41
пара	без	Gen	16	5.77
аксиома	с	Ins	16	4.31
цепь	на	Loc	16	4.46
противоречие	в	Acc	16	4.46
мир	между	Ins	16	6.18
состояние	на	Loc	16	4.32
соответствие	на	Acc	16	4.73
равенство	в	Gen	16	5.27
пункт	до	Gen	16	6.49
пункт	на	Loc	16	4.45
окружность	между	Ins	16	6.14
остаток	на	Gen	16	6.67
остаток	в	Loc	16	2.28
делитель	с	Ins	16	4.29
вектор	над	Ins	16	5.83
цель	от	Gen	16	5.69
угол	через	Acc	16	6.26
угол	при	Loc	16	5.57
площадь	о	Loc	16	5.88
соотношение	на	Acc	16	4.62
совокупность	по	Dat	16	4.52
стратегия	от	Gen	16	5.79
линия	от	Gen	16	5.56
грань	к	Dat	16	4.97
изучение	на	Loc	16	4.43
ребро	среди	Gen	16	5.83
занятие	в	Gen	16	5.85
планета	для	Gen	16	4.22
цвет	на	Acc	16	4.61
треугольник	вокруг	Gen	16	6.29
треугольник	по	Dat	16	4.22
клетка	по	Gen	16	7.14
перестановка	на	Acc	16	4.66
орёл	с	Ins	16	4.35
распределение	относительно	Gen	16	6.05
фигура	в	Acc	16	4.39
многоугольник	на	Acc	16	4.81
стрелка	для	Gen	16	4.17
кубик	у	Gen	16	7.22
сфера	по	Dat	16	4.47
решётка	по	Dat	16	4.49
лекция	внутри	Gen	15	6.59
лекция	после	Gen	15	6.38
лекция	за	Acc	15	5.89
год	с	Loc	15	3.18
коэффициент	по	Dat	15	4.16
задача	про	Acc	15	4.05
задача	со	Ins	15	3.96
пример	от	Gen	15	4.79
теорема	в	Acc	15	3.77
сумма	через	Acc	15	5.11
сумма	между	Ins	15	5.03
смысл	из	Gen	15	3.95
параметр	между	Ins	15	6.21
элемент	над	Ins	15	4.82
понятие	в	Loc	15	2.16
алгоритм	на	Loc	15	3.84
правило	при	Gen	15	6.39
правило	в	Loc	15	2.15
свойство	за	Gen	15	5.58
отношение	о	Loc	15	5.5
очередь	из	Gen	15	4.03
курс	за	Acc	15	5.9
г.	около	Gen	15	6.43
язык	от	Gen	15	4.94
доказательство	после	Gen	15	5.25
доказательство	над	Ins	15	5.15
доказательство	до	Gen	15	4.97
формула	в	Ins	15	5.3
формула	до	Gen	15	4.93
идея	от	Gen	15	5.45
компьютер	до	Gen	15	6.44
компьютер	к	Dat	15	4.99
запись	на	Acc	15	4.59
основание	от	Gen	15	5.56
ошибка	за	Gen	15	7.08
исследование	из	Gen	15	3.87
название	от	Gen	15	5.5
связь	по	Dat	15	4.27
слово	за	Acc	15	4.85
отображение	с	Gen	15	4.86
отображение	на	Loc	15	4.05
список	со	Ins	15	6.34
список	к	Dat	15	4.83
точка	в	Dat	15	4.29
лемма	с	Ins	15	4.15
символ	от	Gen	15	5.45
знак	для	Gen	15	4.0
обозначение	при	Loc	15	5.77
конструкция	по	Dat	15	4.36
алгебра	между	Ins	15	5.98
многочлен	через	Acc	15	6.06
произведение	через	Acc	15	5.74
базис	из	Gen	15	3.96
композиция	относительно	Gen	15	7.31
класс	внутри	Gen	15	5.74
константа	из	Gen	15	4.03
способ	на	Acc	15	4.2
тип	п	Gen	15	6.51
размер	до	Gen	15	5.86
мера	о	Loc	15	5.38
мера	от	Gen	15	5.15
сложность	от	Gen	15	5.35
оценка	о	Loc	15	5.49
оценка	от	Gen	15	5.25
бит	до	Gen	15	6.3
вычисление	с	Gen	15	5.08
вычисление	на	Loc	15	4.17
цифра	на	Gen	15	5.98
цифра	о	Loc	15	5.45
преобразование	через	Acc	15	6.21
корень	между	Ins	15	6.0
отрезок	о	Loc	15	5.59
термин	под	Ins	15	6.93
глава	в	Acc	15	4.16
объединение	при	Loc	15	5.85
пространство	про	Acc	15	5.07
человек	на	Gen	15	5.93
шар	среди	Gen	15	7.09
данных	о	Loc	15	5.7
окружность	вне	Gen	15	6.79
код	в	Gen	15	5.52
комбинация	на	Acc	15	4.71
соотношение	при	Loc	15	5.53
столбец	в	Gen	15	5.73
диаграмма	по	Dat	15	4.32
игрок	между	Ins	15	6.51
дробь	к	Dat	15	4.96
дробь	для	Gen	15	4.08
грань	в	Gen	15	5.57
занятие	на	Gen	15	6.92
занятие	в	Acc	15	4.33
город	с	Ins	15	4.15
перестановка	о	Loc	15	5.7
частота	на	Acc	15	4.71
частота	по	Dat	15	4.4
исход	при	Loc	15	5.88
автомат	с	Ins	15	4.2
решётка	в	Acc	15	4.33
решётка	с	Ins	15	4.22
лекция	между	Ins	14	5.89
лекция	до	Gen	14	5.72
год	о	Loc	14	2.93
решение	между	Ins	14	4.6
математик	на	Acc	14	4.27
век	за	Gen	14	6.66
сторона	вдоль	Gen	14	5.88
сторона	у	Gen	14	5.55
ответ	после	Gen	14	5.94
ответ	за	Acc	14	5.54
ответ	до	Gen	14	5.48
теорема	от	Gen	14	4.45
случай	на	Loc	14	3.51
начало	за	Acc	14	5.79
множество	об	Loc	14	3.91
определение	после	Gen	14	5.14
факт	к	Dat	14	4.81
правило	в	Acc	14	4.02
условие	в	Ins	14	5.6
условие	об	Loc	14	5.53
нуль	по	Dat	14	4.06
г.	от	Gen	14	5.09
доказательство	по	Dat	14	3.78
функция	над	Ins	14	3.92
теория	в	Gen	14	4.27
утверждение	после	Gen	14	5.59
половина	для	Gen	14	3.97
рассуждение	для	Gen	14	3.96
скорость	к	Dat	14	4.76
запись	к	Dat	14	4.75
основание	для	Gen	14	3.96
ошибка	-	Gen	14	7.35
исследование	на	Loc	14	4.05
информация	по	Dat	14	4.17
предмет	к	Dat	14	4.86
предмет	для	Gen	14	3.98
образ	на	Loc	14	3.73
поле	у	Gen	14	5.22
поле	в	Gen	14	4.71
строка	на	Gen	14	5.86
список	для	Gen	14	3.91
сила	против	Gen	14	6.72
сила	для	Gen	14	3.88
операция	на	Loc	14	4.05
символ	над	Ins	14	6.37
знак	без	Gen	14	6.31
конструкция	на	Loc	14	4.22
длина	в	Loc	14	2.0
помощь	для	Gen	14	3.79
схема	у	Gen	14	6.33
схема	в	Gen	14	5.39
умножение	вместо	Gen	14	6.78
многочлен	с	Gen	14	4.95
класс	в	Gen	14	4.82
цикл	на	Gen	14	5.89
цикл	до	Gen	14	5.61
оценка	в	Acc	14	4.05
бит	по	Gen	14	7.44
вершина	кроме	Gen	14	4.78
команда	по	Dat	14	4.29
действие	от	Gen	14	5.37
путь	у	Gen	14	5.49
преобразование	на	Loc	14	4.1
корень	на	Loc	14	4.09
движение	в	Gen	14	5.27
ряд	между	Ins	14	5.51
отрезок	на	Gen	14	6.09
отрезок	от	Gen	14	5.23
край	на	Acc	14	4.65
граница	до	Gen	14	5.97
граница	о	Loc	14	5.65
граница	для	Gen	14	3.92
количество	за	Gen	14	5.61
деление	без	Gen	14	6.59
шар	внутри	Gen	14	7.18
модель	по	Ins	14	6.05
мир	для	Gen	14	3.88
разбиение	к	Dat	14	4.79
соответствие	о	Loc	14	5.76
качество	с	Ins	14	3.96
окружность	от	Gen	14	5.23
делитель	из	Gen	14	3.92
комбинация	в	Acc	14	4.23
комбинация	для	Gen	14	4.0
применение	без	Gen	14	6.38
величина	через	Acc	14	5.26
стратегия	при	Loc	14	5.84
стратегия	для	Gen	14	4.0
читатель	на	Acc	14	4.63
линия	о	Loc	14	5.65
график	на	Acc	14	4.6
грань	по	Gen	14	7.11
граф	про	Acc	14	4.24
ребро	к	Dat	14	4.37
картинка	без	Gen	14	7.03
т	к	Dat	14	4.49
маршрут	на	Loc	14	4.3
школьник	у	Gen	14	7.05
школьник	на	Acc	14	4.64
цвет	для	Gen	14	3.87
клетка	между	Ins	14	6.18
поверхность	над	Ins	14	6.34
перестановка	после	Gen	14	6.57
перестановка	от	Gen	14	5.32
орёл	до	Gen	14	6.53
матрица	по	Dat	14	4.0
ожидание	о	Loc	14	5.84
фигура	у	Gen	14	6.71
стрелка	в	Acc	14	4.2
стрелка	с	Ins	14	4.09
исход	от	Gen	14	5.55
исход	в	Loc	14	2.1
уравнение	в	Ins	13	4.95
проблема	в	Acc	13	3.95
лекция	под	Acc	13	6.51
год	до	Acc	13	2.97
вид	под	Ins	13	4.8
задача	среди	Gen	13	3.83
книга	по	Gen	13	5.82
ответ	без	Gen	13	5.69
случай	на	Gen	13	4.37
множество	c	Gen	13	3.85
параметр	при	Loc	13	5.42
определение	под	Acc	13	5.17
определение	на	Loc	13	3.64
элемент	об	Loc	13	4.72
подмножество	к	Dat	13	4.49
значение	с	Gen	13	4.15
гипотеза	на	Acc	13	4.3
понятие	о	Loc	13	5.32
понятие	в	Acc	13	3.95
алгоритм	по	Ins	13	5.13
нуль	на	Gen	13	5.69
студент	на	Acc	13	4.49
курс	со	Gen	13	6.35
система	относительно	Gen	13	4.71
доказательство	с	Gen	13	4.32
функция	среди	Gen	13	3.87
утверждение	согласно	Dat	13	5.58
утверждение	у	Gen	13	5.35
закон	в	Acc	13	3.99
направление	на	Acc	13	4.39
направление	в	Acc	13	4.04
запись	в	Gen	13	5.32
основание	в	Acc	13	4.07
информация	для	Gen	13	3.79
буква	над	Ins	13	5.91
буква	до	Gen	13	5.57
образ	по	Dat	13	3.65
образ	в	Acc	13	3.61
поле	без	Gen	13	5.13
строка	между	Ins	13	5.64
строка	до	Gen	13	5.48
слово	c	Gen	13	4.98
единица	минус	Gen	13	5.99
единица	после	Gen	13	5.72
единица	между	Ins	13	5.42
точка	вместо	Gen	13	4.05
точка	по	Gen	13	4.05
точка	со	Ins	13	3.93
символ	по	Dat	13	4.09
конструкция	про	Acc	13	7.2
длина	между	Ins	13	5.12
член	на	Nom	13	5.8
член	о	Loc	13	4.98
модуль	на	Acc	13	4.36
существование	за	Acc	13	6.14
умножение	путем	Gen	13	6.87
умножение	на	Acc	13	4.35
базис	относительно	Gen	13	6.57
момент	после	Gen	13	6.47
выражение	над	Ins	13	6.31
способ	со	Ins	13	5.13
размер	при	Loc	13	5.3
цикл	внутри	Gen	13	6.21
множитель	для	Gen	13	3.87
оценка	между	Ins	13	5.72
точность	о	Loc	13	5.53
бит	за	Ins	13	7.33
бит	в	Gen	13	5.47
дерево	между	Ins	13	5.68
вычисление	после	Gen	13	6.11
путь	к	Gen	13	5.73
цифра	без	Gen	13	5.84
круг	в	Gen	13	5.38
переход	из	Gen	13	3.8
ряд	после	Gen	13	5.69
ряд	у	Gen	13	5.53
ограничение	для	Gen	13	3.87
вероятность	через	Acc	13	4.74
отрезок	в	Gen	13	5.17
отрезок	с	Gen	13	4.93
расстояние	о	Loc	13	5.45
граница	вдоль	Gen	13	6.94
ситуация	от	Gen	13	5.45
цепочка	с	Ins	13	4.02
пара	внутри	Gen	13	5.73
объединение	к	Dat	13	4.74
объединение	на	Loc	13	4.13
деление	в	Loc	13	1.98
шар	по	Dat	13	4.12
объект	с	Gen	13	4.74
модель	у	Gen	13	5.55
разбиение	из	Gen	13	3.78
равенство	для	Gen	13	3.69
геометрия	в	Gen	13	5.04
геометрия	на	Acc	13	4.23
остаток	на	Ins	13	7.34
угол	на	Gen	13	5.92
угол	между	Ins	13	5.79
угол	до	Gen	13	5.62
величина	ξ	Gen	13	5.46
величина	до	Gen	13	4.94
величина	в	Acc	13	3.71
диаграмма	к	Dat	13	4.67
читатель	с	Ins	13	4.02
разность	от	Gen	13	5.44
разность	на	Acc	13	4.48
изучение	с	Gen	13	5.19
занятие	после	Gen	13	7.2
т	в	?	13	6.05
т	из	Gen	13	3.61
т	в	Loc	13	1.93
дорога	с	Ins	13	4.03
карта	в	Acc	13	4.05
рисунок	к	Dat	13	4.71
упражнение	в	Acc	13	4.06
цвет	к	Gen	13	6.63
доска	к	Dat	13	4.74
перестановка	из	Ins	13	6.93
перестановка	у	Gen	13	6.2
перестановка	на	Loc	13	4.04
перестановка	в	Acc	13	4.02
день	по	Dat	13	4.06
раскраска	с	Ins	13	4.01
перебор	без	Gen	13	7.14
отражение	для	Gen	13	3.9
доля	до	Gen	13	6.16
положение	с	Ins	13	3.98
разложение	по	Dat	13	4.11
многоугольник	к	Dat	13	4.79
куб	в	Loc	13	1.99
исход	на	Acc	13	4.48
решётка	из	Gen	13	3.83
год	с	Acc	12	2.85
год	со	Gen	12	2.83
вид	у	Gen	12	4.62
вид	между	Ins	12	4.54
коэффициент	c	Ins	12	6.11
число	по	Ins	12	2.61
задача	ввиду	Gen	12	3.76
задача	под	Acc	12	3.76
книга	от	Gen	12	4.72
сторона	через	Acc	12	5.33
квадрат	по	Dat	12	3.84
время	между	Ins	12	4.5
метод	об	Loc	12	5.07
вопрос	под	Ins	12	5.43
вопрос	для	Gen	12	3.5
программа	о	Loc	12	5.36
программа	на	Acc	12	4.24
работа	среди	Gen	12	4.89
элемент	про	Acc	12	4.63
факт	о	Loc	12	5.54
следствие	по	Dat	12	4.05
подмножество	среди	Gen	12	6.03
значение	среди	Gen	12	4.69
сложение	на	Acc	12	4.36
формулировка	при	Loc	12	5.54
материал	на	Acc	12	4.34
курс	с	Ins	12	3.74
г.	в	Gen	12	4.92
текст	на	Acc	12	4.23
формула	о	Loc	12	4.45
форма	на	Loc	12	3.75
функция	вместо	Gen	12	3.78
анализ	на	Acc	12	4.1
идея	вокруг	Gen	12	6.75
идея	об	Loc	12	6.53
утверждение	до	Gen	12	5.0
утверждение	на	Loc	12	3.69
половина	до	Gen	12	5.95
половина	по	Dat	12	4.03
компьютер	без	Gen	12	6.76
компьютер	на	Acc	12	4.39
результат	согласно	Dat	12	5.26
дело	за	Acc	12	5.47
дело	о	Loc	12	5.15
направление	для	Gen	12	3.7
изменение	об	Loc	12	7.17
изменение	от	Gen	12	5.34
предмет	в	Acc	12	3.99
поле	между	Ins	12	4.9
таблица	на	Loc	12	3.9
часть	с	Gen	12	4.24
место	о	Loc	12	4.94
операция	от	Gen	12	4.88
символ	на	Loc	12	3.94
конструкция	к	Dat	12	4.61
принцип	в	Ins	12	6.67
модуль	на	Dat	12	6.84
набор	через	Acc	12	5.76
произведение	при	Loc	12	4.88
произведение	с	Gen	12	4.56
класс	у	Gen	12	5.17
выражение	в	Gen	12	5.21
способ	в	Gen	12	4.53
неравенство	в	Gen	12	4.94
точность	на	Acc	12	4.26
выбор	до	Gen	12	5.61
выбор	с	Gen	12	4.85
бит	на	Gen	12	6.43
бит	для	Gen	12	3.75
вершина	по	Gen	12	4.54
вершина	со	Ins	12	4.37
игра	за	Acc	12	5.58
вычисление	в	Acc	12	3.83
цифра	вместо	Gen	12	6.08
преобразование	на	Acc	12	4.19
преобразование	по	Dat	12	3.91
ход	с	Ins	12	3.8
ход	для	Gen	12	3.7
ряд	через	Acc	12	5.42
ограничение	от	Gen	12	5.29
событие	относительно	Gen	12	5.91
событие	в	Gen	12	4.94
край	в	Acc	12	4.04
расстояние	при	Loc	12	5.26
расстояние	в	Loc	12	1.85
граница	между	Ins	12	5.96
граница	в	Acc	12	3.92
цепочка	для	Gen	12	3.79
жизнь	по	Dat	12	3.98
позиция	в	Gen	12	5.35
позиция	к	Dat	12	4.62
позиция	с	Ins	12	3.87
процесс	при	Loc	12	5.1
процесс	от	Gen	12	4.93
противоречие	в	Loc	12	1.89
пространство	через	Acc	12	4.6
структура	между	Ins	12	5.89
наука	на	Acc	12	3.88
объект	про	Acc	12	5.84
состояние	до	Gen	12	5.6
геометрия	на	Loc	12	3.82
плоскость	между	Ins	12	5.58
остаток	среди	Gen	12	6.76
описание	в	Acc	12	3.92
цель	до	Gen	12	5.95
величина	со	Ins	12	4.99
столбец	со	Ins	12	6.48
стратегия	в	Loc	12	1.88
номер	без	Gen	12	6.25
номер	к	Dat	12	4.54
читатель	из	Gen	12	3.73
симметрия	ввиду	Gen	12	7.34
симметрия	с	Gen	12	5.01
линия	для	Gen	12	3.7
счёт	в	Acc	12	4.02
счёт	для	Gen	12	3.78
дробь	между	Ins	12	6.28
грань	в	Loc	12	1.86
граф	через	Acc	12	3.93
занятие	от	Gen	12	5.37
картинка	к	Dat	12	4.68
картинка	в	Loc	12	1.88
т	о	Loc	12	4.98
карта	к	Dat	12	4.56
цвет	о	Loc	12	5.27
цвет	в	Loc	12	1.84
доска	по	Dat	12	4.05
перестановка	к	Dat	12	4.5
день	через	Acc	12	6.03
день	с	Ins	12	3.78
день	для	Gen	12	3.67
перебор	с	Gen	12	5.21
перебор	к	Dat	12	4.73
доля	в	Acc	12	3.99
предложение	от	Gen	12	5.4
положение	по	Dat	12	4.04
положение	на	Loc	12	4.0
многоугольник	на	Gen	12	6.64
кубик	для	Gen	12	3.8
частота	для	Gen	12	3.78
исход	на	Loc	12	4.02
уравнение	от	Gen	11	4.09
год	по	Dat	11	2.24
коэффициент	до	Gen	11	5.2
решение	с	Gen	11	3.82
число	при	Gen	11	2.48
число	в	Ins	11	2.47
число	относительно	Gen	11	2.46
век	на	Gen	11	5.89
задача	вследствие	Gen	11	3.64
пример	по	Dat	11	3.51
квадрат	про	Acc	11	5.82
метод	в	Ins	11	5.01
вопрос	без	Gen	11	5.21
вопрос	за	Acc	11	4.99
вопрос	о	Loc	11	4.73
случай	со	Gen	11	4.26
сумма	на	Loc	11	3.39
шаг	до	Gen	11	5.25
шаг	от	Gen	11	4.76
множество	вместо	Gen	11	3.59
программа	между	Ins	11	5.74
работа	свыше	Gen	11	4.88
определение	между	Ins	11	4.6
элемент	до	Gen	11	4.22
факт	в	Loc	11	1.74
гипотеза	в	Acc	11	3.73
понятие	без	Gen	11	5.73
алгоритм	о	Loc	11	4.33
степень	через	Acc	11	4.87
степень	с	Gen	11	4.19
свойство	между	Ins	11	4.85
нуль	между	Ins	11	5.34
материал	в	Acc	11	3.85
порядок	с	Gen	11	4.35
порядок	на	Loc	11	3.57
текст	в	Gen	11	4.99
язык	в	Gen	11	4.53
система	до	Gen	11	4.24
эквивалентность	по	Gen	11	7.39
теория	при	Gen	11	4.44
теория	согласно	Dat	11	4.41
половина	к	Dat	11	4.48
вывод	без	Gen	11	6.32
вывод	из	Gen	11	3.55
компьютер	с	Ins	11	3.77
результат	между	Ins	11	4.83
результат	при	Loc	11	4.5
результат	в	Acc	11	3.48
дело	из	Gen	11	3.43
закон	до	Gen	11	5.48
закон	для	Gen	11	3.54
основание	без	Gen	11	6.3
основание	до	Gen	11	5.77
автор	для	Gen	11	3.54
изменение	на	Acc	11	4.25
высказывание	с	Ins	11	3.81
буква	𝑘	Gen	11	6.21
буква	п	Gen	11	6.13
буква	за	Ins	11	6.07
буква	в	Gen	11	4.87
образ	между	Ins	11	4.56
строка	над	Ins	11	5.55
строка	с	Gen	11	4.58
единица	у	Gen	11	5.32
часть	о	Loc	11	4.41
точка	за	Acc	11	3.64
место	в	Gen	11	4.64
знак	над	Ins	11	5.92
член	со	Ins	11	5.14
член	при	Loc	11	4.68
член	к	Dat	11	4.07
схема	с	Gen	11	4.78
набор	о	Loc	11	5.04
умножение	в	Acc	11	3.77
алгебра	с	Gen	11	4.65
тип	между	Ins	11	5.45
тип	о	Loc	11	5.03
тип	в	Gen	11	4.83
неравенство	за	Gen	11	5.87
неравенство	на	Acc	11	4.01
неравенство	для	Gen	11	3.48
сложность	-	Gen	11	6.42
сложность	за	Gen	11	6.16
оценка	с	Gen	11	4.62
выбор	в	Gen	11	4.98
игра	на	Acc	11	4.05
команда	у	Gen	11	6.54
путь	до	Gen	11	4.9
круг	вне	Gen	11	6.98
раз	𝑛	Acc	11	5.56
раз	из	Gen	11	3.32
переход	на	Loc	11	3.87
корень	у	Gen	11	5.73
корень	с	Gen	11	4.66
движение	с	Gen	11	4.68
ограничение	к	Dat	11	4.5
вероятность	на	Loc	11	3.32
событие	по	Dat	11	3.74
событие	в	Acc	11	3.68
пересечение	через	Acc	11	6.09
пересечение	из	Gen	11	3.52
граница	без	Gen	11	6.09
аксиома	согласно	Dat	11	7.26
количество	-	Gen	11	5.4
процесс	за	Ins	11	6.02
пространство	у	Gen	11	4.48
раздел	на	Gen	11	6.09
раздел	до	Gen	11	5.7
раздел	с	Ins	11	3.7
наука	из	Gen	11	3.26
шар	между	Ins	11	5.96
шар	к	Dat	11	4.44
основа	из	Gen	11	3.5
мир	со	Gen	11	6.23
качество	о	Loc	11	5.08
равенство	согласно	Dat	11	5.74
плоскость	в	Gen	11	4.83
описание	под	Acc	11	6.82
цель	на	Acc	11	4.21
применение	от	Gen	11	4.99
площадь	на	Acc	11	4.16
величина	относительно	Gen	11	5.03
величина	в	Gen	11	4.38
диаграмма	на	Acc	11	4.17
график	по	Dat	11	3.94
счёт	к	Dat	11	4.55
грань	через	Acc	11	6.16
т	на	?	11	5.81
город	через	Acc	11	6.15
планета	на	Acc	11	4.31
имя	из	Gen	11	3.46
графа	на	Acc	11	4.2
цвет	𝑘	Gen	11	6.4
параграф	к	Dat	11	4.61
день	по	Gen	11	6.39
монета	с	Gen	11	4.91
орёл	после	Gen	11	7.39
перебор	с	Ins	11	3.81
распределение	согласно	Dat	11	5.62
эксперимент	в	Gen	11	5.28
отражение	об	Loc	11	7.23
доля	для	Gen	11	3.64
предложение	на	Acc	11	4.28
фигура	внутри	Gen	11	7.09
положение	между	Ins	11	6.08
положение	для	Gen	11	3.62
куб	внутри	Gen	11	7.4
исход	к	Dat	11	4.51
автомат	по	Dat	11	3.93
уравнение	𝑥	Gen	10	4.63
уравнение	на	Loc	10	3.2
коэффициент	между	Ins	10	5.22
коэффициент	с	Gen	10	4.41
коэффициент	в	Loc	10	1.56
решение	об	Loc	10	4.29
решение	над	Ins	10	4.18
задача	за	Acc	10	3.33
пример	после	Gen	10	4.89
время	при	Loc	10	3.98
метод	над	Ins	10	4.66
вопрос	в	Gen	10	4.43
группа	до	Gen	10	4.01
представление	при	Loc	10	4.99
подмножество	с	Gen	10	4.47
значение	вместо	Gen	10	4.47
значение	относительно	Gen	10	4.39
гипотеза	от	Gen	10	4.73
алгоритм	согласно	Dat	10	4.69
алгоритм	среди	Gen	10	4.66
правило	о	Loc	10	4.85
условие	о	Loc	10	4.46
свойство	благодаря	Dat	10	5.12
материал	в	Gen	10	5.08
курс	над	Ins	10	5.59
порядок	относительно	Gen	10	5.15
порядок	к	Dat	10	3.91
ученик	на	Acc	10	4.09
школа	после	Gen	10	5.73
школа	с	Ins	10	3.46
текст	от	Gen	10	4.81
доказательство	перед	Ins	10	4.8
формула	про	Acc	10	4.69
формула	через	Acc	10	4.52
форма	к	Loc	10	5.59
функция	на	Gen	10	3.42
теория	в	Ins	10	4.29
теория	через	Acc	10	4.15
теория	до	Gen	10	4.01
утверждение	об	Loc	10	5.16
вывод	по	Dat	10	3.76
вывод	в	Acc	10	3.7
рассуждение	на	Acc	10	4.06
рассуждение	с	Ins	10	3.59
результат	об	Loc	10	4.97
результат	до	Gen	10	4.59
дело	для	Gen	10	3.35
закон	на	Loc	10	3.64
основание	об	Loc	10	6.58
математика	перед	Ins	10	4.69
математика	кроме	Gen	10	4.68
автор	об	Loc	10	6.09
вариант	между	Ins	10	5.52
ошибка	для	Gen	10	3.46
предмет	по	Gen	10	7.04
буква	после	Gen	10	5.74
образ	к	Dat	10	3.65
образ	для	Gen	10	3.06
поле	вдоль	Gen	10	4.99
связь	без	Gen	10	5.8
строка	𝑘	Gen	10	5.91
единица	кроме	Gen	10	5.53
единица	при	Loc	10	4.63
отображение	в	Gen	10	4.47
отображение	по	Dat	10	3.5
внимание	за	Acc	10	5.94
список	про	Acc	10	6.32
часть	над	Ins	10	4.62
отрицание	с	Ins	10	3.68
сила	под	Acc	10	6.25
построение	в	Acc	10	3.64
обозначение	в	Ins	10	6.78
конструкция	в	Acc	10	3.71
длина	𝑥	Gen	10	5.18
длина	в	Gen	10	4.3
член	с	Gen	10	4.25
помощь	о	Loc	10	4.78
помощь	при	Loc	10	4.72
помощь	в	Acc	10	3.51
принцип	от	Gen	10	4.85
схема	при	Loc	10	5.05
схема	от	Gen	10	4.85
набор	вместо	Gen	10	5.9
существование	на	Acc	10	4.07
умножение	от	Gen	10	4.82
многочлен	про	Acc	10	5.83
многочлен	до	Gen	10	5.15
многочлен	по	Dat	10	3.61
предел	через	Acc	10	5.94
предел	для	Gen	10	3.44
константа	c	Gen	10	7.46
момент	между	Ins	10	5.63
выражение	по	Dat	10	3.72
способ	между	Ins	10	4.69
тип	в	Acc	10	3.55
размер	из	Gen	10	3.33
неравенство	о	Loc	10	4.87
точность	для	Gen	10	3.43
выбор	перед	Ins	10	6.33
вершина	к	Gen	10	4.32
игра	от	Gen	10	4.72
команда	с	Gen	10	4.85
команда	для	Gen	10	3.51
конец	за	Acc	10	5.19
конец	по	Dat	10	3.6
конец	для	Gen	10	3.34
преобразование	в	Gen	10	4.78
раз	c	Gen	10	5.39
замечание	с	Gen	10	4.86
корень	до	Gen	10	5.24
вероятность	в	Loc	10	1.46
отрезок	между	Ins	10	5.47
граница	вблизи	Gen	10	6.7
граница	за	Gen	10	6.32
граница	со	Ins	10	5.81
пара	с	Gen	10	4.25
аксиома	для	Gen	10	3.51
аксиома	в	Loc	10	1.62
позиция	между	Ins	10	5.96
процесс	по	Dat	10	3.61
деление	к	Dat	10	4.31
структура	в	Gen	10	4.9
состояние	при	Loc	10	4.97
разбиение	на	Acc	10	4.04
данных	с	Gen	10	4.63
ось	около	Gen	10	6.78
ось	между	Ins	10	5.8
делитель	об	Loc	10	6.85
делитель	для	Gen	10	3.5
вектор	𝑘	Gen	10	5.55
вектор	𝑛	Gen	10	5.54
вектор	о	Loc	10	4.67
применение	с	Gen	10	4.64
соотношение	на	Loc	10	3.63
величина	над	Ins	10	4.77
игрок	с	Ins	10	3.6
симметрия	о	Loc	10	5.28
линия	с	Gen	10	4.67
график	в	Gen	10	5.15
счёт	с	Gen	10	4.87
алфавит	на	Loc	10	3.79
грань	внутри	Gen	10	6.63
граф	подобно	Dat	10	3.8
граф	на	Gen	10	3.65
занятие	по	Dat	10	3.81
занятие	с	Ins	10	3.63
занятие	из	Gen	10	3.45
город	до	Gen	10	5.56
планета	между	Ins	10	6.3
планета	с	Ins	10	3.66
маршрут	п	Gen	10	8.01
маршрут	в	Acc	10	3.78
маршрут	в	Loc	10	1.63
упражнение	с	Ins	10	3.57
цвет	в	Nom	10	6.23
треугольник	относительно	Gen	10	5.41
треугольник	на	Loc	10	3.51
поверхность	через	Acc	10	5.86
раскраска	к	Dat	10	4.41
распределение	у	Gen	10	5.21
кость	для	Gen	10	3.53
эксперимент	на	Loc	10	3.77
фигура	к	Dat	10	4.35
многоугольник	у	Gen	10	6.45
сфера	для	Gen	10	3.5
автомат	с	Gen	10	4.83
триангуляция	для	Gen	10	3.56
уравнение	при	Gen	9	4.43
лекция	у	Gen	9	5.43
решение	без	Gen	9	4.04
математик	от	Gen	9	4.35
век	для	Gen	9	3.26
сторона	о	Loc	9	4.46
тройка	с	Ins	9	3.48
вопрос	у	Gen	9	4.89
теорема	при	Gen	9	4.45
теорема	через	Acc	9	4.26
сумма	с	Gen	9	3.77
параметр	без	Gen	9	5.72
параметр	о	Loc	9	4.96
программа	в	Gen	9	4.73
элемент	о	Loc	9	3.8
значение	около	Gen	9	4.35
гипотеза	между	Ins	9	5.29
понятие	через	Acc	9	5.4
понятие	у	Gen	9	5.4
условие	со	Ins	9	4.66
отношение	до	Gen	9	5.03
отношение	к	Dat	9	3.97
формулировка	в	Acc	9	3.57
нуль	после	Gen	9	5.38
курс	вне	Gen	9	5.98
курс	от	Gen	9	4.56
порядок	при	Loc	9	4.36
ученик	к	Dat	9	4.21
школа	до	Gen	9	5.04
г.	на	Gen	9	5.21
язык	без	Gen	9	4.85
система	в	Dat	9	4.3
функция	к	Gen	9	3.39
функция	кроме	Gen	9	3.37
теория	про	Acc	9	4.12
теория	об	Loc	9	4.1
последовательность	между	Ins	9	4.54
половина	у	Gen	9	6.04
рассуждение	в	Acc	9	3.55
дело	на	Acc	9	3.72
дело	с	Ins	9	3.3
закон	с	Gen	9	4.43
запись	на	Loc	9	3.53
основание	через	Acc	9	5.96
математика	по	Gen	9	4.5
автор	в	Gen	9	4.7
вариант	при	Loc	9	4.82
вариант	к	Dat	9	4.04
вариант	по	Dat	9	3.52
вариант	на	Loc	9	3.49
исследование	от	Gen	9	4.48
информация	из	Gen	9	3.2
предмет	от	Gen	9	4.9
предмет	в	Loc	9	1.46
буква	у	Gen	9	5.38
строка	𝑛	Gen	9	5.75
строка	без	Gen	9	5.3
отображение	посредством	Gen	9	5.35
отображение	о	Loc	9	4.48
список	на	Acc	9	3.84
список	с	Ins	9	3.38
точка	за	Gen	9	3.5
точка	при	Loc	9	3.22
отрицание	без	Gen	9	6.75
операция	за	Gen	9	5.54
операция	через	Acc	9	5.26
построение	на	Loc	9	3.51
символ	вместо	Gen	9	6.29
символ	к	Dat	9	4.1
скобка	вместо	Gen	9	7.26
скобка	внутри	Gen	9	7.25
скобка	на	Acc	9	3.98
роль	с	Ins	9	3.44
обозначение	в	Gen	9	4.88
обозначение	к	Dat	9	4.17
длина	через	Acc	9	4.7
длина	с	Gen	9	3.97
член	от	Gen	9	4.25
модуль	от	Gen	9	4.69
модуль	на	Loc	9	3.51
существование	в	Acc	9	3.55
умножение	на	Ins	9	6.34
умножение	на	Loc	9	3.5
многочлен	на	Loc	9	3.43
индукция	с	Ins	9	3.42
предположение	к	Dat	9	4.21
произведение	по	Dat	9	3.36
базис	через	Acc	9	5.76
базис	на	Acc	9	3.85
композиция	о	Loc	9	5.26
композиция	для	Gen	9	3.35
класс	через	Acc	9	4.75
способ	с	Gen	9	3.94
прямоугольник	в	Gen	9	5.01
размер	по	Ins	9	6.04
множитель	в	Loc	9	1.46
бит	к	Dat	9	4.21
бит	в	Acc	9	3.57
возможность	от	Gen	9	4.77
возможность	к	Dat	9	4.13
вершина	𝑛	Gen	9	4.17
вершина	за	Acc	9	3.88
игра	про	Acc	9	5.82
игра	о	Loc	9	4.82
команда	после	Gen	9	6.65
действие	за	Acc	9	5.43
вычисление	в	Gen	9	4.57
путь	среди	Gen	9	5.04
путь	через	Acc	9	4.85
преобразование	об	Loc	9	5.79
движение	по	Dat	9	3.5
ограничение	в	Loc	9	1.46
вероятность	об	Loc	9	4.33
пересечение	после	Gen	9	6.08
расстояние	к	Dat	9	4.06
граница	-	Gen	9	6.49
ситуация	по	Dat	9	3.65
пара	среди	Gen	9	5.12
аксиома	на	Loc	9	3.62
жизнь	с	Ins	9	3.4
человек	на	Loc	9	3.4
структура	без	Gen	9	5.72
шар	на	Acc	9	3.89
модель	до	Gen	9	4.75
состояние	среди	Gen	9	5.9
состояние	с	Gen	9	4.43
разбиение	от	Gen	9	4.8
данных	без	Gen	9	5.72
соответствие	для	Gen	9	3.32
пункт	в	Gen	9	4.99
пункт	с	Ins	9	3.47
ось	в	Acc	9	3.53
ось	для	Gen	9	3.31
окружность	об	Loc	9	5.81
окружность	у	Gen	9	5.49
плоскость	с	Gen	9	4.32
делитель	на	Nom	9	7.2
код	на	Acc	9	3.86
описание	об	Loc	9	6.19
описание	с	Gen	9	4.53
цель	по	Dat	9	3.62
угол	против	Gen	9	5.96
величина	на	Loc	9	3.2
диаграмма	среди	Gen	9	6.3
диаграмма	над	Ins	9	5.87
читатель	от	Gen	9	4.99
линия	у	Gen	9	5.76
график	для	Gen	9	3.36
счёт	с	Ins	9	3.49
алфавит	в	Acc	9	3.61
дробь	у	Gen	9	6.14
грань	на	Gen	9	5.81
грань	по	Dat	9	3.59
ребро	на	Gen	9	4.78
т	для	?	9	5.52
т	по	Dat	9	3.38
дорога	с	Gen	9	4.76
дорога	на	Acc	9	4.0
карта	по	Gen	9	6.46
карта	среди	Gen	9	6.29
карта	с	Gen	9	4.56
маршрут	с	Ins	9	3.51
рисунок	внутри	Gen	9	6.69
рисунок	с	Gen	9	4.61
треугольник	через	Acc	9	5.09
треугольник	к	Dat	9	3.86
кусок	на	Loc	9	3.66
поверхность	среди	Gen	9	6.08
поверхность	под	Ins	9	5.92
перестановка	с	Gen	9	4.48
день	о	Loc	9	4.93
день	к	Dat	9	4.06
раскраска	по	Dat	9	3.66
монета	в	Gen	9	4.91
матрица	о	Loc	9	4.51
эксперимент	с	Ins	9	3.47
положение	до	Gen	9	5.55
разложение	на	Loc	9	3.54
многоугольник	о	Loc	9	5.31
многоугольник	с	Ins	9	3.49
стрелка	у	Gen	9	6.07
куб	на	Loc	9	3.62
сфера	между	Ins	9	5.85
балл	на	Gen	9	6.26
уравнение	вместо	Gen	8	4.25
вид	до	Gen	8	3.87
математик	за	Ins	8	5.22
век	спустя	Gen	8	6.13
век	на	Acc	8	3.65
книга	среди	Gen	8	5.04
книга	на	Loc	8	3.16
квадрат	у	Gen	8	5.04
время	из	Gen	8	2.62
теорема	до	Gen	8	3.93
случай	при	Loc	8	3.42
сумма	вместо	Gen	8	4.4
сумма	со	Ins	8	4.17
сумма	при	Loc	8	3.83
смысл	к	Dat	8	3.91
множество	кроме	Gen	8	3.14
группа	порядок	Gen	8	4.03
параметр	через	Acc	8	5.51
программа	на	Loc	8	3.34
работа	об	Loc	8	4.3
факт	от	Gen	8	4.65
следствие	в	Loc	8	1.29
значение	в	Ins	8	4.15
алгоритм	у	Gen	8	4.2
степень	у	Gen	8	4.41
условие	между	Ins	8	4.43
свойство	через	Acc	8	4.5
формулировка	без	Gen	8	6.01
материал	о	Loc	8	5.02
материал	от	Gen	8	4.7
студент	с	Ins	8	3.3
курс	против	Gen	8	5.81
язык	у	Gen	8	4.66
система	при	Gen	8	4.09
система	про	Acc	8	4.06
система	со	Ins	8	3.89
доказательство	между	Ins	8	4.15
формула	по	Loc	8	4.46
форма	через	Acc	8	4.86
форма	до	Gen	8	4.59
функция	по	Gen	8	3.19
теория	без	Gen	8	3.84
анализ	после	Gen	8	5.23
идея	за	Acc	8	5.23
идея	с	Gen	8	4.33
идея	в	Acc	8	3.33
утверждение	от	Gen	8	4.02
последовательность	про	Acc	8	4.68
последовательность	через	Acc	8	4.47
вывод	с	Gen	8	4.44
компьютер	при	Gen	8	7.09
скорость	между	Ins	8	5.41
результат	среди	Gen	8	4.65
результат	с	Gen	8	3.77
запись	через	Acc	8	5.6
математика	со	Ins	8	4.11
автор	к	Dat	8	3.88
вариант	без	Gen	8	5.43
вариант	от	Gen	8	4.46
исследование	о	Loc	8	4.55
исследование	с	Gen	8	4.13
информация	без	Gen	8	5.5
предмет	среди	Gen	8	6.49
предмет	в	Gen	8	4.79
поле	на	Gen	8	4.39
таблица	при	Gen	8	5.89
таблица	в	Ins	8	5.87
связь	за	Acc	8	5.13
связь	на	Loc	8	3.33
строка	𝑚	Gen	8	5.62
строка	внутри	Gen	8	5.47
слово	до	Gen	8	3.91
единица	плюс	Nom	8	5.29
единица	через	Acc	8	4.86
внимание	без	Gen	8	6.13
часть	при	Loc	8	3.9
точка	к	Loc	8	3.38
сила	на	Acc	8	3.61
место	за	Acc	8	4.63
операция	за	Acc	8	4.85
лемма	при	Gen	8	6.31
знак	за	Ins	8	5.95
обозначение	из	Gen	8	3.09
принцип	в	Gen	8	4.59
набор	у	Gen	8	5.17
алгебра	на	Acc	8	3.58
многочлен	среди	Gen	8	5.44
предположение	вопреки	Dat	8	7.06
базис	без	Gen	8	5.63
композиция	про	Acc	8	6.73
момент	в	Loc	8	1.27
выражение	для	Loc	8	6.45
прямоугольник	у	Gen	8	6.07
размер	в	Acc	8	3.27
цикл	с	Gen	8	4.13
сложность	через	Acc	8	5.36
бит	с	Gen	8	4.47
бит	по	Dat	8	3.46
возможность	благодаря	Dat	8	6.46
дерево	вместо	Gen	8	5.53
дерево	над	Ins	8	5.14
вершина	х	Gen	8	4.01
вершина	около	Gen	8	3.98
вершина	над	Ins	8	3.82
вершина	на	Gen	8	3.8
команда	к	Dat	8	4.08
действие	до	Gen	8	5.18
конец	со	Ins	8	5.05
цифра	над	Ins	8	5.11
круг	от	Gen	8	4.62
раз	𝑘	Acc	8	5.11
ход	с	Gen	8	4.33
замечание	по	Dat	8	3.49
корень	среди	Gen	8	5.58
корень	без	Gen	8	5.3
движение	за	Ins	8	5.74
ряд	со	Ins	8	4.77
вероятность	про	Acc	8	4.19
вероятность	без	Gen	8	4.05
вероятность	в	Acc	8	2.84
событие	в	Ins	8	5.52
событие	до	Gen	8	4.81
событие	на	Loc	8	3.25
пересечение	с	Gen	8	4.36
край	у	Gen	8	6.31
граница	в	Gen	8	4.61
ситуация	о	Loc	8	5.08
ситуация	на	Acc	8	3.79
термин	вместо	Gen	8	6.42
термин	в	Acc	8	3.37
пара	п	Gen	8	5.06
пара	про	Acc	8	4.99
аксиома	к	Dat	8	4.08
количество	п	Acc	8	4.97
количество	до	Gen	8	4.38
процесс	с	Gen	8	4.16
цепь	с	Ins	8	3.32
пространство	об	Loc	8	4.14
область	вне	Gen	8	5.01
мир	об	Loc	8	5.7
мир	за	Acc	8	5.07
разбиение	между	Ins	8	5.5
разбиение	на	Loc	8	3.39
разбиение	в	Acc	8	3.36
соответствие	с	Gen	8	4.42
соответствие	из	Gen	8	3.09
пункт	согласно	Dat	8	6.74
окружность	на	Gen	8	5.27
плоскость	до	Gen	8	4.83
плоскость	о	Loc	8	4.57
остаток	для	Gen	8	3.14
вектор	у	Gen	8	4.83
описание	в	Gen	8	4.63
комбинация	к	Dat	8	4.08
комбинация	с	Ins	8	3.31
угол	у	Gen	8	5.26
угол	с	Gen	8	4.2
соотношение	при	Gen	8	5.85
величина	у	Gen	8	4.45
величина	в	Loc	8	1.19
совокупность	в	Acc	8	3.46
столбец	от	Gen	8	4.76
стратегия	с	Ins	8	3.31
симметрия	на	Acc	8	3.74
симметрия	на	Loc	8	3.4
линия	через	Acc	8	5.59
график	с	Gen	8	4.52
счёт	со	Gen	8	6.91
грань	о	Loc	8	4.91
граф	об	Loc	8	3.42
ребро	п	Gen	8	4.94
ребро	вместо	Gen	8	4.9
ребро	за	Gen	8	4.84
картинка	с	Gen	8	4.56
т	из	?	8	5.36
т	на	Acc	8	3.47
город	на	Acc	8	3.71
дорога	у	Gen	8	6.24
планета	о	Loc	8	5.23
рисунок	под	Ins	8	6.1
рисунок	по	Dat	8	3.44
кусок	для	Gen	8	3.22
кусок	в	Loc	8	1.3
раскраска	из	Gen	8	3.13
монета	по	Gen	8	6.55
распределение	с	Gen	8	4.01
отражение	через	Acc	8	6.14
предложение	за	Acc	8	5.7
предложение	к	Dat	8	4.1
фигура	на	Loc	8	3.42
многоугольник	в	Gen	8	4.86
стрелка	в	Gen	8	4.76
куб	у	Gen	8	6.08
куб	на	Acc	8	3.8
кубик	на	Gen	8	6.13
автомат	в	Acc	8	3.41
автомат	из	Gen	8	3.12
решётка	у	Gen	8	6.11
уравнение	между	Ins	7	3.8
проблема	об	Loc	7	5.33
лекция	про	Acc	7	5.44
год	свыше	Gen	7	2.08
вид	с	Gen	7	3.29
коэффициент	у	Gen	7	4.85
коэффициент	о	Loc	7	4.3
коэффициент	при	Loc	7	4.24
решение	перед	Ins	7	3.84
решение	у	Gen	7	3.66
век	через	Gen	7	5.83
задача	до	Gen	7	2.79
сторона	на	Gen	7	4.52
пример	в	Acc	7	2.81
тройка	без	Gen	7	5.96
тройка	в	Gen	7	4.66
тройка	с	Gen	7	4.35
тройка	по	Dat	7	3.3
время	про	Acc	7	3.94
время	за	Gen	7	3.91
теорема	вокруг	Gen	7	4.09
теорема	у	Gen	7	3.9
случай	про	Acc	7	3.61
случай	между	Ins	7	3.44
сумма	у	Gen	7	4.01
смысл	на	Acc	7	3.47
множество	в	Nom	7	2.95
множество	внутри	Gen	7	2.93
группа	в	Dat	7	3.83
группа	среди	Gen	7	3.74
параметр	относительно	Gen	7	5.57
параметр	со	Ins	7	5.22
параметр	с	Gen	7	4.12
программа	над	Ins	7	5.28
программа	со	Ins	7	5.19
работа	кроме	Gen	7	4.18
работа	без	Gen	7	3.99
элемент	на	Gen	7	3.7
подмножество	вне	Gen	7	5.46
значение	вблизи	Gen	7	4.01
значение	об	Loc	7	3.91
значение	за	Acc	7	3.67
гипотеза	согласно	Dat	7	5.48
алгоритм	между	Ins	7	3.92
правило	относительно	Gen	7	5.08
правило	на	Loc	7	3.04
сложение	в	Loc	7	1.1
свойство	-	Gen	7	4.6
отношение	относительно	Gen	7	5.2
отношение	через	Acc	7	5.0
отношение	в	Acc	7	3.05
формулировка	после	Gen	7	6.13
нуль	вокруг	Gen	7	5.24
нуль	через	Acc	7	4.84
очередь	об	Loc	7	6.36
очередь	для	Gen	7	2.99
студент	у	Gen	7	5.85
порядок	между	Ins	7	4.38
школа	о	Loc	7	4.41
г.	по	Gen	7	5.25
текст	на	Loc	7	3.13
язык	среди	Gen	7	4.66
система	об	Loc	7	3.85
формула	посредством	Gen	7	4.25
формула	после	Gen	7	4.11
формула	между	Ins	7	3.92
функция	в	Ins	7	3.0
функция	согласно	Dat	7	2.99
функция	под	Ins	7	2.95
теория	вне	Gen	7	3.81
теория	кроме	Gen	7	3.79
анализ	без	Gen	7	4.88
анализ	о	Loc	7	4.3
анализ	от	Gen	7	4.07
идея	без	Gen	7	5.41
идея	в	Loc	7	1.08
утверждение	среди	Gen	7	4.65
утверждение	за	Acc	7	4.27
последовательность	вместо	Gen	7	4.51
вывод	на	Acc	7	3.55
рассуждение	от	Gen	7	4.47
компьютер	между	Ins	7	5.62
дело	без	Gen	7	4.98
направление	за	Acc	7	5.07
запись	после	Gen	7	5.69
запись	без	Gen	7	5.45
запись	до	Gen	7	4.98
основание	у	Gen	7	5.6
основание	в	Gen	7	4.52
вариант	с	Gen	7	4.07
ошибка	при	Loc	7	4.64
ошибка	в	Loc	7	1.09
информация	на	Loc	7	3.14
изменение	по	Dat	7	3.28
предмет	между	Ins	7	5.49
высказывание	к	Dat	7	3.95
высказывание	в	Loc	7	1.11
буква	без	Gen	7	5.05
образ	на	Ins	7	4.25
образ	из	Gen	7	2.5
поле	𝕜	Ins	7	4.53
таблица	согласно	Dat	7	5.6
связь	за	Gen	7	5.61
связь	к	Dat	7	3.7
строка	за	Ins	7	5.27
слово	после	Gen	7	3.97
слово	через	Acc	7	3.88
список	вне	Gen	7	6.02
часть	согласно	Dat	7	4.28
часть	у	Gen	7	4.1
точка	c	Gen	7	3.18
операция	со	Ins	7	4.83
знак	после	Gen	7	5.53
знак	за	Acc	7	4.96
знак	к	Dat	7	3.71
роль	для	Gen	7	2.97
роль	из	Gen	7	2.91
обозначение	об	Loc	7	6.05
длина	путем	Gen	7	4.67
длина	про	Acc	7	4.55
член	перед	Ins	7	4.9
член	на	Acc	7	3.21
член	на	Loc	7	2.94
схема	согласно	Dat	7	5.78
схема	между	Ins	7	5.12
схема	с	Ins	7	3.02
модуль	между	Ins	7	5.11
набор	про	Acc	7	5.33
существование	с	Ins	7	3.08
алгебра	от	Gen	7	4.19
индукция	на	Acc	7	3.53
произведение	у	Gen	7	4.64
базис	𝜙	Loc	7	6.23
предел	про	Acc	7	5.93
предел	на	Acc	7	3.5
момент	на	Gen	7	5.26
выражение	между	Ins	7	5.2
выражение	о	Loc	7	4.67
выражение	от	Gen	7	4.38
прямоугольник	от	Gen	7	4.58
мера	в	Acc	7	3.0
точность	к	Dat	7	3.74
выбор	за	Acc	7	4.92
бит	со	Ins	7	5.59
бит	о	Loc	7	4.84
возможность	без	Gen	7	5.52
возможность	за	Acc	7	5.12
дерево	к	Gen	7	5.45
дерево	до	Gen	7	4.63
вершина	относительно	Gen	7	3.7
вершина	о	Loc	7	3.36
команда	на	Acc	7	3.61
действие	с	Gen	7	4.16
вычисление	при	Gen	7	5.44
путь	про	Acc	7	4.73
конец	со	Gen	7	5.26
конец	без	Gen	7	4.96
конец	у	Gen	7	4.93
цифра	за	Ins	7	5.29
цифра	среди	Gen	7	5.19
раз	с	Gen	7	3.72
ход	перед	Ins	7	6.05
замечание	на	Acc	7	3.61
переход	относительно	Gen	7	5.97
переход	к	Dat	7	3.82
прогрессия	в	Gen	7	4.75
ряд	при	Gen	7	4.97
ограничение	-	Gen	7	6.71
ограничение	за	Gen	7	6.25
вероятность	через	Loc	7	4.08
событие	про	Acc	7	5.27
пересечение	к	Dat	7	3.76
край	вдоль	Gen	7	7.44
край	над	Ins	7	6.11
расстояние	по	Dat	7	3.16
термин	с	Gen	7	4.23
пара	до	Gen	7	4.3
аксиома	кроме	Gen	7	6.89
количество	среди	Gen	7	4.61
позиция	до	Gen	7	5.2
объединение	об	Loc	7	6.26
объединение	на	Acc	7	3.57
человек	п	Gen	7	5.28
человек	без	Gen	7	4.9
объект	со	Ins	7	4.7
объект	до	Gen	7	4.48
основа	на	Acc	7	3.46
модель	через	Acc	7	4.66
состояние	в	Gen	7	4.31
разбиение	с	Gen	7	4.22
данных	на	Gen	7	5.26
соответствие	при	Loc	7	4.67
соответствие	с	Ins	7	3.07
пункт	у	Gen	7	5.85
пункт	от	Gen	7	4.57
пункт	с	Gen	7	4.33
ось	за	Acc	7	5.15
геометрия	с	Gen	7	3.92
окружность	с	Gen	7	4.03
остаток	с	Gen	7	4.21
остаток	по	Dat	7	3.23
вектор	вдоль	Gen	7	4.99
вектор	на	Gen	7	4.61
применение	из	Ins	7	6.08
угол	вне	Gen	7	5.61
угол	без	Gen	7	5.1
координата	в	Loc	7	1.08
величина	с	Gen	7	3.56
совокупность	от	Gen	7	4.67
столбец	между	Ins	7	5.55
диаграмма	про	Acc	7	6.04
симметрия	в	Loc	7	1.09
линия	относительно	Gen	7	5.68
счёт	без	Gen	7	6.0
разность	в	Acc	7	3.22
граф	в	Nom	7	3.28
ребро	п	Acc	7	4.81
картинка	про	Acc	7	6.78
картинка	для	Gen	7	3.01
школьник	с	Ins	7	3.14
имя	без	Gen	7	5.14
упражнение	с	Gen	7	4.21
упражнение	по	Dat	7	3.23
треугольник	об	Loc	7	4.97
клетка	𝑛	Gen	7	6.13
клетка	вокруг	Gen	7	6.03
клетка	от	Gen	7	4.37
кусок	по	Dat	7	3.33
поверхность	у	Gen	7	5.34
перестановка	против	Gen	7	5.96
день	от	Gen	7	4.29
монета	на	Acc	7	3.56
перебор	на	Acc	7	3.66
перебор	для	Gen	7	3.04
матрица	при	Gen	7	4.96
кость	п	Gen	7	7.12
эксперимент	об	Loc	7	6.42
отражение	из	Gen	7	2.95
доля	на	Gen	7	5.73
доля	между	Ins	7	5.52
доля	о	Loc	7	4.88
доля	при	Loc	7	4.79
фигура	о	Loc	7	4.83
фигура	в	Gen	7	4.57
стрелка	над	Ins	7	5.71
сфера	со	Ins	7	5.63
частота	с	Gen	7	4.35
частота	к	Dat	7	3.89
решётка	на	Acc	7	3.61
триангуляция	в	Acc	7	3.29
уравнение	через	Acc	6	3.66
уравнение	со	Ins	6	3.62
проблема	в	Ins	6	5.23
проблема	без	Gen	6	4.84
лекция	через	Gen	6	5.3
вид	п	Gen	6	3.8
коэффициент	от	Ins	6	5.14
коэффициент	среди	Gen	6	4.89
коэффициент	без	Gen	6	4.66
решение	против	Gen	6	3.62
решение	в	Ins	6	3.59
решение	среди	Gen	6	3.55
решение	под	Ins	6	3.51
решение	через	Acc	6	3.44
век	около	Gen	6	5.68
век	по	Gen	6	5.56
задача	помимо	Gen	6	2.76
задача	перед	Ins	6	2.76
задача	по	Gen	6	2.74
задача	без	Gen	6	2.66
задача	на	Gen	6	2.64
книга	на	Gen	6	4.37
тройка	от	Gen	6	4.37
квадрат	для	Nom	6	5.12
квадрат	между	Ins	6	4.48
время	с	Acc	6	3.78
время	через	Gen	6	3.74
время	относительно	Gen	6	3.66
время	на	Loc	6	2.42
метод	благодаря	Dat	6	4.19
метод	согласно	Dat	6	4.1
метод	между	Ins	6	3.83
вопрос	по	Gen	6	4.58
теорема	после	Gen	6	3.77
сумма	к	Nom	6	4.05
сумма	в	Dat	6	4.04
сумма	про	Acc	6	3.96
смысл	от	Gen	6	4.1
начало	кроме	Gen	6	5.32
начало	в	Gen	6	4.02
шаг	𝑡	Gen	6	5.23
шаг	между	Ins	6	4.54
группа	после	Gen	6	3.49
параметр	до	Gen	6	4.69
параметр	в	Loc	6	0.85
представление	между	Ins	6	4.81
представление	в	Gen	6	4.11
программа	в	Ins	6	5.59
работа	по	Loc	6	4.0
работа	в	Ins	6	3.94
работа	по	Gen	6	3.93
работа	про	Acc	6	3.92
определение	перед	Ins	6	4.05
элемент	c	Gen	6	3.69
элемент	в	Ins	6	3.65
элемент	за	Acc	6	3.38
факт	у	Gen	6	5.37
следствие	со	Ins	6	5.39
следствие	к	Dat	6	3.63
следствие	на	Loc	6	3.01
подмножество	через	Acc	6	4.75
подмножество	о	Loc	6	4.16
значение	за	Gen	6	3.69
значение	без	Gen	6	3.59
значение	над	Ins	6	3.57
гипотеза	с	Gen	6	3.8
понятие	об	Loc	6	5.12
правило	при	Loc	6	4.04
сложение	от	Gen	6	4.31
степень	ой	Gen	6	4.3
степень	𝑘	Gen	6	4.28
условие	под	Acc	6	4.43
условие	вместо	Gen	6	4.37
условие	через	Acc	6	4.13
свойство	ввиду	Gen	6	4.4
свойство	в	Ins	6	4.32
свойство	в	Acc	6	2.61
формулировка	перед	Ins	6	6.54
нуль	относительно	Gen	6	4.8
нуль	на	Loc	6	2.81
материал	со	Ins	6	5.35
студент	от	Gen	6	4.35
курс	через	Acc	6	4.86
ученик	в	Nom	6	6.51
ученик	в	Acc	6	2.98
школа	по	Dat	6	2.88
г.	после	Gen	6	4.86
г.	на	Acc	6	3.12
текст	с	Gen	6	3.87
система	против	Gen	6	3.7
система	при	Loc	6	3.2
эквивалентность	из	Gen	6	2.72
функция	посредством	Gen	6	2.8
теория	по	Gen	6	3.55
утверждение	между	Ins	6	4.12
половина	около	Gen	6	6.32
рассуждение	при	Gen	6	6.14
рассуждение	на	Loc	6	2.99
компьютер	из	Gen	6	2.72
скорость	по	Ins	6	5.96
скорость	до	Gen	6	4.78
дело	между	Ins	6	4.57
закон	за	Acc	6	4.68
направление	в	Gen	6	4.21
запись	под	Acc	6	5.92
запись	у	Gen	6	5.18
основание	между	Ins	6	5.13
основание	за	Acc	6	5.0
автор	на	Acc	6	3.22
вариант	по	Gen	6	5.44
вариант	у	Gen	6	4.97
ошибка	за	Acc	6	4.94
ошибка	о	Loc	6	4.51
исследование	благодаря	Dat	6	5.2
изменение	путем	Gen	6	6.82
изменение	за	Ins	6	6.39
изменение	за	Gen	6	6.18
изменение	относительно	Gen	6	5.99
изменение	между	Ins	6	5.32
изменение	из	Gen	6	2.71
высказывание	над	Ins	6	5.94
высказывание	от	Gen	6	4.47
название	в	Ins	6	5.86
буква	по	Gen	6	5.2
буква	о	Loc	6	4.19
буква	к	Dat	6	3.39
образ	из	Ins	6	4.02
поле	с	Acc	6	4.3
поле	про	Acc	6	4.2
связь	благодаря	Dat	6	5.68
связь	-	Gen	6	5.66
строка	вдоль	Gen	6	5.11
строка	про	Acc	6	5.01
строка	среди	Gen	6	4.95
строка	у	Gen	6	4.68
слово	за	Ins	6	3.82
слово	на	Gen	6	3.63
список	согласно	Dat	6	5.58
часть	в	Ins	6	4.09
часть	внутри	Gen	6	4.09
часть	по	Gen	6	4.08
точка	𝑘	Gen	6	2.96
точка	за	Ins	6	2.93
сила	между	Ins	6	4.74
место	кроме	Gen	6	4.77
операция	без	Gen	6	4.71
операция	между	Ins	6	4.52
построение	после	Gen	6	5.35
лемма	в	Gen	6	4.24
символ	между	Ins	6	4.94
символ	о	Loc	6	4.42
знак	под	Acc	6	5.7
знак	о	Loc	6	4.35
обозначение	от	Gen	6	4.23
обозначение	на	Acc	6	3.32
конструкция	при	Gen	6	6.23
конструкция	о	Loc	6	4.59
конструкция	в	Gen	6	4.34
конструкция	от	Gen	6	4.28
длина	c	Gen	6	4.42
член	до	Gen	6	4.07
принцип	в	Acc	6	2.91
схема	в	Ins	6	5.65
схема	над	Ins	6	5.11
модуль	с	Dat	6	5.85
умножение	об	Loc	6	5.41
умножение	в	Gen	6	4.13
алгебра	о	Loc	6	4.22
произведение	между	Ins	6	4.29
базис	про	Acc	6	5.67
композиция	между	Ins	6	5.32
композиция	на	Acc	6	3.37
класс	в	Nom	6	4.48
класс	за	Acc	6	3.99
предел	в	Gen	6	4.21
момент	c	Gen	6	5.77
момент	в	Gen	6	4.16
способ	п	Gen	6	4.32
способ	среди	Gen	6	4.23
прямоугольник	до	Gen	6	5.09
прямоугольник	по	Dat	6	3.07
прямоугольник	на	Loc	6	3.04
прямоугольник	с	Ins	6	2.89
размер	между	Ins	6	4.71
цикл	от	Gen	6	3.9
множитель	среди	Gen	6	6.03
множитель	от	Gen	6	4.3
сложность	в	Loc	6	0.85
выбор	вместо	Gen	6	5.48
выбор	из	Gen	6	2.61
возможность	в	Acc	6	2.93
дерево	про	Acc	6	5.07
игра	до	Gen	6	4.51
вычисление	от	Gen	6	3.94
путь	на	Gen	6	4.23
конец	кроме	Gen	6	5.14
цифра	при	Loc	6	4.06
цифра	к	Dat	6	3.36
преобразование	про	Acc	6	5.28
круг	после	Gen	6	5.61
раз	на	Gen	6	4.27
ход	от	Gen	6	4.13
замечание	согласно	Dat	6	6.43
замечание	за	Acc	6	5.23
переход	перед	Ins	6	6.3
корень	под	Ins	6	5.03
корень	по	Dat	6	2.9
движение	по	Gen	6	5.33
ряд	вместо	Gen	6	4.73
ограничение	о	Loc	6	4.61
ограничение	на	Acc	6	3.35
вероятность	до	Gen	6	3.46
событие	у	Gen	6	4.71
отрезок	вместо	Gen	6	5.37
отрезок	у	Gen	6	4.91
расстояние	по	Ins	6	5.65
расстояние	согласно	Dat	6	5.44
расстояние	в	Gen	6	4.12
термин	за	Ins	6	5.98
термин	без	Gen	6	5.4
термин	от	Gen	6	4.23
цепочка	вдоль	Gen	6	6.92
цепочка	к	Dat	6	3.69
цепочка	на	Acc	6	3.41
пара	относительно	Gen	6	4.47
пара	за	Acc	6	4.13
глава	с	Gen	6	3.77
глава	по	Dat	6	2.89
жизнь	за	Ins	6	5.74
жизнь	на	Loc	6	2.95
позиция	𝑘	Gen	6	6.51
цепь	о	Loc	6	4.73
цепь	к	Dat	6	3.68
противоречие	от	Gen	6	4.47
пространство	𝒆	Gen	6	3.83
пространство	до	Gen	6	3.44
область	об	Loc	6	4.45
деление	вместо	Gen	6	5.95
деление	на	Acc	6	3.31
человек	по	Dat	6	2.84
структура	относительно	Gen	6	5.36
шар	на	Gen	6	5.26
шар	до	Gen	6	4.86
шар	с	Gen	6	3.99
объект	через	Acc	6	4.54
модель	при	Gen	6	4.77
модель	среди	Gen	6	4.66
модель	относительно	Gen	6	4.6
качество	к	Dat	6	3.4
равенство	до	Gen	6	4.27
пункт	на	Gen	6	5.55
пункт	между	Ins	6	5.34
ось	в	Gen	6	4.26
ось	с	Gen	6	3.98
ось	в	Loc	6	0.86
геометрия	по	Gen	6	5.04
окружность	вокруг	Gen	6	5.4
окружность	в	Gen	6	4.05
плоскость	за	Acc	6	4.48
делитель	среди	Gen	6	6.11
код	у	Gen	6	5.18
код	на	Loc	6	2.95
вектор	𝑟	Gen	6	4.84
вектор	относительно	Gen	6	4.57
вектор	при	Loc	6	3.87
описание	на	Acc	6	3.28
описание	на	Loc	6	2.95
комбинация	от	Gen	6	4.37
комбинация	по	Dat	6	3.07
применение	за	Acc	6	4.79
координата	с	Gen	6	3.91
координата	в	Acc	6	2.91
площадь	через	Acc	6	5.24
площадь	при	Loc	6	4.38
соотношение	в	Gen	6	4.07
величина	при	Nom	6	4.35
величина	вместо	Gen	6	4.26
совокупность	на	Loc	6	3.07
столбец	с	Ins	6	2.89
стратегия	со	Ins	6	5.55
стратегия	о	Loc	6	4.72
номер	за	Ins	6	5.77
номер	со	Ins	6	5.1
номер	для	Gen	6	2.71
читатель	к	Dat	6	3.69
симметрия	-	Gen	6	6.26
симметрия	за	Gen	6	5.86
линия	без	Gen	6	5.22
линия	до	Gen	6	4.75
график	в	Acc	6	3.0
счёт	об	Loc	6	6.34
счёт	о	Loc	6	4.73
дробь	из	Gen	6	2.7
разность	у	Gen	6	5.57
разность	к	Dat	6	3.64
грань	вокруг	Gen	6	5.98
изучение	за	Acc	6	5.11
граф	из	Acc	6	3.06
граф	х	Gen	6	3.06
граф	со	Ins	6	2.91
ребро	про	Acc	6	4.46
занятие	при	Loc	6	4.61
город	о	Loc	6	4.49
дорога	из	Gen	6	2.74
карта	о	Loc	6	4.49
планета	от	Gen	6	4.45
маршрут	для	Gen	6	2.81
имя	к	Dat	6	3.43
рисунок	в	Gen	6	4.32
рисунок	для	Gen	6	2.74
графа	в	Dat	6	6.34
упражнение	после	Gen	6	5.62
упражнение	для	Gen	6	2.72
цвет	к	Acc	6	5.55
треугольник	п	Gen	6	4.88
треугольник	про	Acc	6	4.8
треугольник	до	Gen	6	4.23
клетка	кроме	Gen	6	5.82
клетка	через	Gen	6	5.78
доска	о	Loc	6	4.62
доска	от	Gen	6	4.3
кусок	со	Ins	6	5.75
кусок	с	Ins	6	2.93
орёл	за	Ins	6	7.14
матрица	вместо	Gen	6	4.72
распределение	на	Ins	6	4.91
распределение	в	Ins	6	4.8
распределение	со	Ins	6	4.41
кость	у	Gen	6	5.77
кость	с	Gen	6	4.15
ожидание	относительно	Gen	6	5.86
доля	про	Acc	6	6.28
доля	за	Acc	6	5.15
доля	по	Dat	6	3.06
доля	на	Loc	6	3.02
предложение	в	Acc	6	3.02
фигура	от	Gen	6	4.29
фигура	с	Gen	6	4.05
положение	около	Gen	6	6.35
положение	в	Ins	6	6.21
разложение	после	Gen	6	5.53
стрелка	с	Gen	6	4.06
сфера	внутри	Gen	6	6.31
сфера	относительно	Gen	6	5.91
сфера	от	Gen	6	4.31
исход	об	Loc	6	6.12
исход	среди	Gen	6	6.12
исход	по	Dat	6	3.06
автомат	на	Loc	6	3.03
решётка	в	Gen	6	4.44
триангуляция	на	Loc	6	3.09
триангуляция	с	Ins	6	2.94
уравнение	согласно	Dat	5	3.55
проблема	среди	Gen	5	4.84
лекция	через	Acc	5	4.58
вид	об	Loc	5	3.48
вид	в	Gen	5	2.94
коэффициент	𝑠	Gen	5	4.87
решение	при	Gen	5	3.34
решение	вместо	Gen	5	3.33
решение	по	Gen	5	3.32
решение	относительно	Gen	5	3.26
математик	со	Gen	5	4.51
математик	за	Acc	5	4.01
век	за	Acc	5	4.48
век	от	Gen	5	3.82
задача	за	Ins	5	2.47
книга	около	Gen	5	4.5
книга	у	Gen	5	4.14
книга	с	Gen	5	3.29
сторона	против	Gen	5	4.42
сторона	при	Loc	5	3.55
пример	у	Gen	5	3.77
тройка	через	Acc	5	5.42
тройка	у	Gen	5	5.42
тройка	на	Gen	5	5.34
тройка	на	Loc	5	2.78
квадрат	внутрь	Gen	5	4.87
квадрат	с	Gen	5	3.41
метод	среди	Gen	5	3.81
метод	у	Gen	5	3.66
метод	при	Loc	5	3.25
ответ	под	Ins	5	4.42
ответ	по	Dat	5	2.55
вопрос	на	Nom	5	4.4
вопрос	вместо	Gen	5	4.33
вопрос	после	Gen	5	4.19
вопрос	между	Ins	5	3.92
вопрос	до	Gen	5	3.8
теорема	вследствие	Gen	5	3.65
теорема	благодаря	Dat	5	3.64
теорема	вместо	Gen	5	3.59
теорема	за	Ins	5	3.58
теорема	про	Acc	5	3.57
случай	до	Gen	5	2.88
сумма	среди	Gen	5	3.67
сумма	за	Acc	5	3.39
смысл	с	Ins	5	2.53
начало	относительно	Gen	5	4.79
начало	по	Acc	5	4.73
начало	между	Ins	5	4.4
шаг	𝑘	Gen	5	4.93
шаг	в	Acc	5	2.54
множество	из	Acc	5	2.48
множество	на	Nom	5	2.47
множество	под	Acc	5	2.47
группа	кроме	Gen	5	3.31
группа	по	Acc	5	3.21
группа	под	Ins	5	3.21
параметр	в	Acc	5	2.64
представление	согласно	Dat	5	5.16
представление	после	Gen	5	4.99
программа	среди	Gen	5	5.16
работа	за	Gen	5	3.63
работа	между	Ins	5	3.41
определение	про	Acc	5	3.72
определение	о	Loc	5	3.21
элемент	𝑉	Gen	5	3.44
элемент	𝕜	Ins	5	3.44
элемент	вместо	Gen	5	3.39
элемент	относительно	Gen	5	3.31
следствие	под	Ins	5	5.55
подмножество	вблизи	Gen	5	5.02
значение	по	Ins	5	3.51
значение	вокруг	Gen	5	3.49
гипотеза	против	Gen	5	5.16
гипотеза	в	Ins	5	5.07
гипотеза	на	Loc	5	2.61
понятие	в	Gen	5	3.74
понятие	по	Dat	5	2.63
алгоритм	посредством	Gen	5	3.77
алгоритм	благодаря	Dat	5	3.76
алгоритм	про	Acc	5	3.69
алгоритм	через	Acc	5	3.52
алгоритм	при	Loc	5	3.15
сложение	вместо	Gen	5	6.05
степень	f	Gen	5	4.04
степень	n	Ins	5	4.04
степень	х	Gen	5	4.03
степень	относительно	Gen	5	3.84
условие	про	Acc	5	4.08
условие	за	Gen	5	4.05
условие	под	Ins	5	3.97
свойство	кроме	Gen	5	4.08
свойство	про	Acc	5	4.03
отношение	-	Gen	5	5.03
отношение	за	Gen	5	4.81
формулировка	за	Ins	5	6.03
формулировка	от	Gen	5	4.05
нуль	при	Loc	5	3.75
студент	к	Dat	5	3.39
курс	у	Gen	5	4.59
курс	в	Gen	5	3.77
порядок	против	Gen	5	4.34
порядок	в	Ins	5	4.29
ученик	от	Gen	5	4.04
школа	при	Loc	5	3.85
г.	на	Loc	5	2.56
текст	под	Acc	5	5.4
текст	внутри	Gen	5	5.26
система	по	Ins	5	3.44
доказательство	при	Gen	5	3.77
доказательство	про	Acc	5	3.74
доказательство	об	Loc	5	3.71
доказательство	у	Gen	5	3.56
доказательство	со	Ins	5	3.52
формула	вместо	Gen	5	3.71
форма	про	Acc	5	4.45
форма	среди	Gen	5	4.4
функция	по	Acc	5	2.46
функция	со	Ins	5	2.41
теория	под	Acc	5	3.32
теория	у	Gen	5	3.15
идея	между	Ins	5	4.67
утверждение	в	Gen	5	3.38
последовательность	к	Gen	5	4.09
последовательность	среди	Gen	5	3.96
вывод	в	Gen	5	4.04
вывод	от	Gen	5	3.98
рассуждение	за	Ins	5	5.8
компьютер	от	Gen	5	4.11
результат	в	Ins	5	4.04
результат	у	Gen	5	3.8
результат	со	Ins	5	3.75
закон	в	Gen	5	3.83
основание	после	Gen	5	5.44
математика	без	Gen	5	3.49
автор	без	Gen	5	4.78
вариант	𝑘	Gen	5	5.35
вариант	среди	Gen	5	5.05
вариант	на	Gen	5	4.66
исследование	кроме	Gen	5	4.88
исследование	в	Ins	5	4.84
информация	при	Loc	5	4.01
изменение	в	Ins	5	6.18
изменение	после	Gen	5	5.73
предмет	𝑘	Gen	5	6.36
высказывание	для	Gen	5	2.55
образ	для	Ins	5	3.77
образ	через	Acc	5	3.51
поле	𝕜	Loc	5	4.05
поле	при	Loc	5	3.31
таблица	со	Ins	5	4.62
связь	от	Gen	5	3.81
слово	над	Ins	5	3.39
единица	вместо	Gen	5	4.49
единица	за	Gen	5	4.41
единица	о	Loc	5	3.69
отображение	про	Acc	5	4.37
список	над	Ins	5	4.85
часть	среди	Gen	5	3.77
отрицание	с	Gen	5	3.99
отрицание	из	Gen	5	2.5
место	мимо	Gen	5	4.59
место	п	Gen	5	4.51
место	со	Gen	5	4.43
место	между	Ins	5	4.03
операция	из	Ins	5	4.93
операция	вместо	Gen	5	4.79
операция	среди	Gen	5	4.69
операция	до	Gen	5	4.1
построение	без	Gen	5	4.86
лемма	благодаря	Dat	5	5.79
лемма	о	Loc	5	4.21
символ	после	Gen	5	5.16
символ	без	Gen	5	4.93
символ	в	Acc	5	2.65
знак	вместо	Gen	5	5.29
знак	по	Gen	5	5.28
роль	за	Acc	5	4.79
роль	к	Dat	5	3.34
конструкция	без	Gen	5	5.25
конструкция	при	Loc	5	4.24
длина	𝑛	Gen	5	4.16
член	по	Dat	5	2.48
принцип	при	Gen	5	5.43
принцип	о	Loc	5	4.13
модуль	в	Gen	5	3.89
набор	среди	Gen	5	4.78
набор	относительно	Gen	5	4.7
набор	на	Gen	5	4.45
набор	со	Ins	5	4.42
набор	до	Gen	5	4.17
существование	на	Loc	5	2.73
алгебра	про	Acc	5	4.94
алгебра	в	Gen	5	3.75
индукция	для	Gen	5	2.46
предположение	с	Gen	5	3.8
произведение	среди	Gen	5	4.38
класс	по	Gen	5	4.15
класс	до	Gen	5	3.68
константа	вместо	Gen	5	6.18
константа	в	Gen	5	4.14
константа	к	Dat	5	3.39
выражение	при	Loc	5	4.1
способ	у	Gen	5	3.8
способ	на	Gen	5	3.77
тип	при	Loc	5	3.82
тип	с	Gen	5	3.47
размер	относительно	Gen	5	4.85
размер	на	Loc	5	2.62
цикл	вдоль	Gen	5	4.89
цикл	об	Loc	5	4.72
цикл	через	Acc	5	4.45
мера	к	Loc	5	4.8
множитель	за	Gen	5	5.78
множитель	в	Gen	5	4.09
сложность	про	Acc	5	5.09
сложность	в	Acc	5	2.61
оценка	согласно	Dat	5	4.85
точность	c	Ins	5	5.64
точность	со	Ins	5	4.78
точность	при	Loc	5	4.07
точность	с	Gen	5	3.66
точность	по	Dat	5	2.71
выбор	относительно	Gen	5	4.97
бит	𝑘	Gen	5	6.27
бит	𝑛	Gen	5	6.23
дерево	вокруг	Gen	5	4.9
дерево	через	Acc	5	4.46
вершина	к	Loc	5	3.33
вершина	𝑘	Gen	5	3.32
вершина	про	Acc	5	3.27
игра	за	Gen	5	4.91
игра	с	Gen	5	3.53
команда	между	Ins	5	5.1
команда	за	Acc	5	4.94
действие	под	Acc	5	5.66
действие	между	Ins	5	4.71
вычисление	перед	Ins	5	5.02
путь	об	Loc	5	4.2
путь	со	Ins	5	3.94
путь	при	Loc	5	3.5
цифра	после	Gen	5	4.63
цифра	на	Loc	5	2.57
преобразование	посредством	Gen	5	5.22
преобразование	в	Acc	5	2.59
круг	за	Ins	5	5.65
круг	у	Gen	5	5.04
круг	на	Gen	5	4.98
раз	k	Acc	5	4.43
раз	вместо	Acc	5	4.43
раз	п	Acc	5	4.42
раз	с	Acc	5	4.41
ход	в	Ins	5	5.45
ход	за	Ins	5	5.41
ход	под	Ins	5	5.1
замечание	в	Ins	5	6.34
замечание	к	Dat	5	3.41
замечание	с	Ins	5	2.63
переход	в	Ins	5	5.87
переход	до	Gen	5	4.66
переход	в	Gen	5	4.05
переход	по	Dat	5	2.76
корень	вместо	Gen	5	5.02
корень	над	Ins	5	4.59
корень	о	Loc	5	3.97
движение	относительно	Gen	5	4.86
движение	между	Ins	5	4.45
движение	до	Gen	5	4.27
прогрессия	об	Loc	5	6.4
прогрессия	с	Ins	5	2.66
ряд	за	Acc	5	3.95
вероятность	c	Ins	5	3.58
вероятность	вместо	Gen	5	3.53
вероятность	за	Gen	5	3.49
вероятность	относительно	Gen	5	3.45
вероятность	со	Ins	5	3.32
вероятность	при	Loc	5	3.02
вероятность	в	Gen	5	2.95
вероятность	с	Gen	5	2.81
событие	помимо	Gen	5	4.94
событие	над	Ins	5	4.45
пересечение	в	Gen	5	3.95
граница	у	Gen	5	4.91
граница	с	Gen	5	3.67
ситуация	у	Gen	5	5.34
термин	на	Acc	5	3.05
цепочка	через	Acc	5	5.51
пара	вместо	Gen	5	4.35
пара	со	Ins	5	4.01
глава	на	Gen	5	4.5
глава	с	Ins	5	2.47
количество	на	Dat	5	4.29
количество	на	Nom	5	4.26
количество	в	Gen	5	3.36
цепь	на	Acc	5	3.13
объединение	после	Gen	5	5.61
объединение	по	Dat	5	2.78
противоречие	с	Ins	5	2.67
противоречие	из	Gen	5	2.48
область	относительно	Gen	5	4.13
область	через	Acc	5	3.99
область	со	Ins	5	3.94
человек	за	Acc	5	4.14
человек	с	Gen	5	3.42
человек	в	Acc	5	2.53
раздел	внутри	Gen	5	5.63
раздел	у	Gen	5	5.02
раздел	между	Ins	5	4.78
раздел	при	Loc	5	4.14
структура	об	Loc	5	5.21
шар	вне	Gen	5	5.87
шар	у	Gen	5	5.06
шар	о	Loc	5	4.25
объект	среди	Gen	5	4.52
объект	без	Gen	5	4.3
основа	к	Dat	5	3.23
модель	над	Ins	5	4.17
разбиение	вместо	Gen	5	5.7
разбиение	об	Loc	5	5.51
качество	в	Ins	5	4.98
качество	за	Acc	5	4.29
равенство	на	Loc	5	2.53
геометрия	без	Gen	5	4.44
окружность	около	Gen	5	5.17
окружность	по	Gen	5	5.08
плоскость	внутри	Gen	5	4.87
остаток	на	Nom	5	5.88
код	о	Loc	5	4.17
код	от	Gen	5	3.88
описание	от	Gen	5	3.89
комбинация	с	Gen	5	3.86
цель	о	Loc	5	4.33
координата	про	Acc	5	5.35
площадь	из	Gen	5	2.39
соотношение	через	Acc	5	4.67
величина	n	Gen	5	4.08
величина	около	Gen	5	4.04
величина	за	Ins	5	3.99
совокупность	с	Ins	5	2.66
диаграмма	при	Gen	5	5.68
игрок	от	Gen	5	4.01
игрок	на	Acc	5	3.07
стратегия	против	Gen	5	6.59
стратегия	с	Gen	5	3.87
стратегия	к	Dat	5	3.41
симметрия	до	Gen	5	4.64
линия	п	Gen	5	5.56
линия	за	Ins	5	5.46
график	у	Gen	5	5.37
график	между	Ins	5	5.08
график	о	Loc	5	4.42
график	от	Gen	5	4.09
алфавит	к	Dat	5	3.43
алфавит	на	Acc	5	3.14
дробь	над	Ins	5	5.29
дробь	от	Gen	5	4.06
дробь	по	Dat	5	2.79
разность	о	Loc	5	4.39
грань	относительно	Gen	5	5.32
изучение	до	Gen	5	4.74
граф	к	Gen	5	2.79
граф	без	Gen	5	2.67
граф	до	Gen	5	2.56
ребро	вокруг	Gen	5	4.25
занятие	за	Gen	5	6.03
занятие	о	Loc	5	4.44
занятие	с	Gen	5	3.86
картинка	в	Acc	5	2.76
т	при	?	5	4.68
город	близ	Gen	5	5.92
город	за	Acc	5	4.65
город	в	Gen	5	3.98
город	к	Dat	5	3.29
дорога	для	Gen	5	2.54
планета	вокруг	Gen	5	6.91
планета	у	Gen	5	5.64
планета	с	Gen	5	3.93
планета	к	Dat	5	3.46
имя	в	Gen	5	3.78
треугольник	вместо	Gen	5	4.57
клетка	за	Acc	5	4.57
клетка	к	Dat	5	3.26
доска	в	Loc	5	0.61
кусок	между	Ins	5	5.31
кусок	в	Acc	5	2.78
поверхность	вдоль	Gen	5	5.48
поверхность	на	Gen	5	4.8
поверхность	со	Ins	5	4.76
поверхность	до	Gen	5	4.45
перестановка	относительно	Gen	5	5.08
день	в	Loc	5	0.59
раскраска	про	Acc	5	6.19
монета	у	Gen	5	5.18
монета	на	Gen	5	5.11
перебор	при	Loc	5	4.47
рис	к	Acc	5	5.73
матрица	к	Loc	5	4.55
матрица	𝑛	Gen	5	4.54
матрица	про	Acc	5	4.42
распределение	об	Loc	5	4.44
распределение	на	Gen	5	4.17
кость	по	Gen	5	6.45
ожидание	на	Acc	5	3.09
эксперимент	о	Loc	5	4.42
эксперимент	с	Gen	5	3.84
доля	в	Gen	5	4.13
доля	от	Gen	5	4.07
предложение	согласно	Dat	5	6.29
предложение	в	Gen	5	4.2
предложение	для	Gen	5	2.53
положение	об	Loc	5	5.71
положение	с	Gen	5	3.78
разложение	через	Acc	5	4.98
многоугольник	про	Nom	5	6.9
многоугольник	внутрь	Gen	5	6.88
многоугольник	над	Ins	5	5.45
многоугольник	на	Loc	5	2.78
стрелка	на	Loc	5	2.74
куб	к	Dat	5	3.4
куб	по	Dat	5	2.81
кубик	в	Gen	5	4.22
сфера	над	Ins	5	5.27
решётка	через	Acc	5	5.43
триангуляция	к	Dat	5	3.49
триангуляция	по	Dat	5	2.87
триангуляция	из	Gen	5	2.5
балл	на	Acc	5	3.14
уравнение	с	Dat	4	3.31
уравнение	c	Gen	4	3.29
уравнение	про	Acc	4	3.23
уравнение	без	Gen	4	3.09
проблема	в	Gen	4	3.41
проблема	с	Gen	4	3.18
лекция	за	Ins	4	4.67
лекция	от	Gen	4	3.39
год	по	Loc	4	1.27
год	по	Ins	4	1.26
вид	над	Ins	4	3.03
вид	на	Loc	4	1.86
коэффициент	вместо	Gen	4	4.41
коэффициент	в	Ins	4	4.41
решение	кроме	Gen	4	3.02
математик	до	Gen	4	3.63
век	после	Gen	4	4.73
задача	c	Nom	4	2.18
задача	по	Ins	4	2.17
задача	вокруг	Gen	4	2.16
задача	кроме	Gen	4	2.16
задача	под	Ins	4	2.11
сторона	без	Gen	4	3.77
пример	кроме	Gen	4	3.7
пример	через	Acc	4	3.44
тройка	до	Gen	4	4.52
квадрат	под	Ins	4	4.19
квадрат	без	Gen	4	4.07
время	от	Acc	4	3.21
метод	до	Gen	4	3.14
ответ	вместо	Gen	4	4.3
ответ	за	Ins	4	4.28
ответ	среди	Gen	4	4.2
вопрос	под	Acc	4	4.08
вопрос	в	Ins	4	4.01
вопрос	среди	Gen	4	3.93
теорема	по	Gen	4	3.26
теорема	между	Ins	4	3.01
случай	к	Loc	4	2.86
сумма	при	Nom	4	3.47
сумма	относительно	Gen	4	3.31
сумма	до	Gen	4	3.03
смысл	на	Loc	4	2.34
шаг	кроме	Gen	4	4.54
шаг	по	Gen	4	4.48
шаг	у	Gen	4	4.11
множество	𝑥	Gen	4	2.16
множество	𝑠	Dat	4	2.16
множество	𝑠	Gen	4	2.16
множество	𝕜	Acc	4	2.16
множество	с	Acc	4	2.15
множество	по	Gen	4	2.13
множество	при	Loc	4	1.87
группа	𝑉	Gen	4	3.02
группа	помимо	Gen	4	3.01
группа	при	Gen	4	2.98
параметр	на	Gen	4	4.46
параметр	на	Loc	4	2.34
представление	в	Ins	4	4.92
представление	об	Loc	4	4.77
работа	в	Dat	4	3.41
работа	перед	Ins	4	3.39
определение	по	Ins	4	3.46
определение	вместо	Gen	4	3.42
определение	за	Ins	4	3.41
определение	у	Gen	4	3.23
элемент	𝑔	Gen	4	3.12
факт	против	Gen	4	5.62
факт	с	Gen	4	3.43
подмножество	у	Gen	4	4.16
подмножество	над	Ins	4	4.16
подмножество	от	Gen	4	3.33
значение	к	Acc	4	3.2
значение	на	Ins	4	3.2
значение	про	Acc	4	3.13
значение	на	Gen	4	2.97
гипотеза	над	Ins	4	4.29
понятие	при	Gen	4	4.68
понятие	под	Ins	4	4.41
понятие	на	Gen	4	4.19
понятие	до	Gen	4	3.89
алгоритм	подобно	Dat	4	3.45
алгоритм	под	Ins	4	3.28
алгоритм	над	Ins	4	3.2
сложение	после	Gen	4	5.32
сложение	в	Acc	4	2.4
сложение	из	Gen	4	2.11
свойство	c	Ins	4	3.81
свойство	среди	Gen	4	3.67
свойство	в	Gen	4	2.96
отношение	с	Gen	4	3.16
формулировка	в	Gen	4	3.79
формулировка	с	Gen	4	3.49
формулировка	на	Acc	4	2.77
формулировка	на	Loc	4	2.43
нуль	вблизи	Gen	4	4.52
нуль	п	Gen	4	4.43
нуль	вместо	Gen	4	4.39
нуль	в	Gen	4	3.3
очередь	на	Acc	4	2.78
очередь	с	Ins	4	2.3
материал	для	Gen	4	2.16
студент	со	Gen	4	5.76
студент	в	Gen	4	3.82
курс	з	Dat	4	4.9
курс	под	Acc	4	4.82
курс	про	Acc	4	4.65
порядок	без	Gen	4	3.71
школа	в	Gen	4	3.4
школа	от	Gen	4	3.36
школа	на	Acc	4	2.57
текст	под	Ins	4	4.64
язык	вместо	Gen	4	3.93
язык	между	Ins	4	3.54
система	внутри	Gen	4	3.08
система	за	Ins	4	3.08
система	согласно	Dat	4	3.06
система	без	Gen	4	2.94
доказательство	+	Acc	4	3.51
доказательство	благодаря	Dat	4	3.49
доказательство	кроме	Gen	4	3.46
доказательство	за	Ins	4	3.43
эквивалентность	в	Loc	4	0.29
формула	благодаря	Dat	4	3.44
формула	за	Ins	4	3.38
формула	над	Ins	4	3.2
форма	под	Acc	4	4.25
форма	со	Ins	4	3.79
функция	для	Acc	4	2.22
функция	о	Gen	4	2.22
функция	c	Gen	4	2.21
функция	перед	Ins	4	2.21
функция	без	Gen	4	2.12
теория	к	Gen	4	3.01
теория	посредством	Gen	4	3.01
теория	относительно	Gen	4	2.9
теория	за	Acc	4	2.72
анализ	путем	Gen	4	4.53
идея	о	Loc	4	3.82
утверждение	ввиду	Gen	4	4.01
утверждение	для	Acc	4	4.01
утверждение	внутри	Gen	4	3.91
утверждение	без	Gen	4	3.67
последовательность	из	Ins	4	3.78
последовательность	при	Gen	4	3.72
последовательность	при	Loc	4	3.03
половина	в	Gen	4	3.75
вывод	до	Gen	4	4.33
вывод	о	Loc	4	3.97
рассуждение	о	Loc	4	3.98
рассуждение	при	Loc	4	3.89
рассуждение	в	Gen	4	3.72
компьютер	у	Gen	4	5.11
компьютер	по	Dat	4	2.49
скорость	через	Acc	4	4.63
скорость	за	Acc	4	4.29
скорость	с	Gen	4	3.36
результат	по	Ins	4	3.77
результат	благодаря	Dat	4	3.77
результат	после	Gen	4	3.6
закон	у	Gen	4	4.39
закон	между	Ins	4	4.2
закон	при	Loc	4	3.65
направление	относительно	Gen	4	4.89
запись	вместо	Gen	4	5.17
запись	о	Loc	4	3.85
основание	над	Ins	4	4.79
математика	в	Dat	4	3.39
математика	помимо	Gen	4	3.38
математика	вне	Gen	4	3.37
математика	про	Acc	4	3.31
вариант	до	Gen	4	4.01
ошибка	𝑒	Gen	4	5.65
ошибка	до	Gen	4	4.26
ошибка	в	Acc	4	2.36
исследование	над	Ins	4	4.12
изменение	-	Gen	4	6.12
изменение	до	Gen	4	4.47
предмет	n	Gen	4	6.12
предмет	𝑛	Gen	4	6.0
предмет	над	Ins	4	4.95
предмет	до	Gen	4	4.43
высказывание	в	Acc	4	2.46
название	о	Loc	4	3.89
название	в	Gen	4	3.65
название	к	Dat	4	2.96
название	в	Acc	4	2.35
название	для	Gen	4	2.13
буква	перед	Ins	4	4.72
буква	при	Gen	4	4.65
буква	на	Loc	4	2.27
образ	c	Ins	4	3.43
образ	вдоль	Gen	4	3.4
образ	в	Ins	4	3.38
образ	со	Ins	4	3.15
таблица	без	Gen	4	4.42
таблица	от	Gen	4	3.45
связь	через	Loc	4	5.15
связь	ввиду	Gen	4	5.13
связь	по	Gen	4	4.93
связь	относительно	Gen	4	4.69
связь	через	Acc	4	4.44
связь	в	Gen	4	3.54
строка	вместо	Gen	4	4.47
строка	со	Gen	4	4.42
строка	через	Acc	4	4.1
слово	перед	Ins	4	3.28
слово	относительно	Gen	4	3.16
единица	перед	Ins	4	4.24
единица	на	Loc	4	2.17
отображение	о	Acc	4	4.19
отображение	со	Ins	4	3.73
отображение	между	Ins	4	3.66
отображение	в	Loc	4	0.22
внимание	от	Gen	4	3.77
список	внутри	Gen	4	5.07
список	от	Gen	4	3.53
часть	на	Nom	4	3.55
часть	вне	Gen	4	3.55
часть	после	Gen	4	3.4
часть	без	Gen	4	3.31
часть	через	Acc	4	3.3
часть	за	Acc	4	3.15
часть	до	Gen	4	3.11
отрицание	для	Gen	4	2.24
место	без	Gen	4	3.87
место	через	Acc	4	3.84
операция	помимо	Gen	4	4.58
операция	кроме	Gen	4	4.52
операция	за	Ins	4	4.46
операция	об	Loc	4	4.36
операция	о	Loc	4	3.53
итог	от	Gen	4	3.84
лемма	перед	Ins	4	5.43
лемма	для	Gen	4	2.13
символ	𝑘	Gen	4	5.31
символ	𝑛	Gen	4	5.29
скобка	в	Gen	4	3.87
скобка	с	Gen	4	3.56
знак	при	Gen	4	5.01
знак	через	Acc	4	4.46
знак	между	Ins	4	4.27
обозначение	до	Gen	4	4.3
обозначение	с	Gen	4	3.42
длина	y	Gen	4	3.87
длина	b	Gen	4	3.87
длина	по	Ins	4	3.83
длина	под	Ins	4	3.63
длина	на	Gen	4	3.5
член	кроме	Gen	4	4.06
член	у	Gen	4	3.74
схема	по	Loc	4	5.28
схема	при	Gen	4	5.09
модуль	про	Acc	4	4.97
модуль	до	Gen	4	4.1
модуль	в	Acc	4	2.32
набор	вне	Gen	4	4.67
набор	над	Ins	4	4.17
многочлен	𝕜	Gen	4	4.72
индукция	без	Gen	4	4.78
произведение	для	Acc	4	4.25
произведение	про	Acc	4	4.1
произведение	над	Ins	4	3.83
базис	c	Ins	4	5.37
базис	у	Gen	4	4.59
базис	при	Loc	4	3.77
базис	с	Gen	4	3.35
композиция	с	Nom	4	6.23
композиция	при	Loc	4	3.99
композиция	к	Dat	4	3.06
класс	про	Acc	4	3.81
предел	относительно	Gen	4	4.9
предел	между	Ins	4	4.4
предел	от	Gen	4	3.57
предел	на	Loc	4	2.37
момент	по	Dat	4	2.37
выражение	перед	Ins	4	5.34
выражение	по	Acc	4	4.82
выражение	с	Gen	4	3.36
выражение	на	Loc	4	2.37
способ	к	Ins	4	3.8
способ	в	Ins	4	3.72
способ	по	Gen	4	3.7
способ	относительно	Gen	4	3.6
способ	на	Loc	4	2.04
прямоугольник	с	Gen	4	3.53
тип	на	Nom	4	4.65
тип	через	Acc	4	4.15
размер	-	Gen	4	4.87
размер	за	Gen	4	4.63
цикл	после	Gen	4	4.32
цикл	у	Gen	4	4.13
мера	со	Ins	4	3.94
множитель	без	Gen	4	4.97
неравенство	ввиду	Gen	4	4.65
неравенство	вместо	Gen	4	4.51
неравенство	при	Loc	4	3.48
сложность	в	Ins	4	4.84
сложность	с	Gen	4	3.25
оценка	среди	Gen	4	4.47
точность	от	Gen	4	3.54
выбор	согласно	Dat	4	4.82
бит	c	Gen	4	5.89
бит	над	Ins	4	4.91
бит	за	Acc	4	4.5
возможность	по	Gen	4	5.25
возможность	на	Loc	4	2.38
дерево	на	Gen	4	4.1
вершина	c	Gen	4	2.99
вершина	за	Gen	4	2.92
игра	вне	Gen	4	4.81
игра	у	Gen	4	4.27
команда	без	Gen	4	5.14
команда	со	Ins	4	4.94
команда	в	Gen	4	3.84
действие	-	Gen	4	5.34
действие	за	Gen	4	5.02
действие	на	Loc	4	2.36
вычисление	за	Gen	4	4.5
вычисление	за	Acc	4	3.93
вычисление	до	Gen	4	3.86
путь	про	Loc	4	4.06
путь	из	Ins	4	4.04
путь	в	Ins	4	3.96
путь	внутри	Gen	4	3.95
конец	о	Loc	4	3.55
цифра	у	Gen	4	4.11
цифра	в	Acc	4	2.22
преобразование	φ	Acc	4	4.94
преобразование	у	Gen	4	4.3
круг	вдоль	Gen	4	5.45
круг	вместо	Gen	4	5.35
круг	за	Gen	4	5.17
круг	через	Acc	4	4.72
круг	до	Gen	4	4.26
раз	р	Acc	4	4.11
раз	c	Acc	4	4.1
раз	к	Acc	4	4.09
раз	𝑛	Gen	4	4.07
раз	со	Gen	4	3.96
раз	после	Gen	4	3.86
ход	к	Dat	4	2.93
переход	за	Gen	4	5.33
переход	между	Ins	4	4.58
переход	с	Gen	4	3.44
корень	𝕜	Gen	4	4.88
корень	𝑛	Gen	4	4.82
корень	кроме	Gen	4	4.76
корень	относительно	Gen	4	4.48
движение	против	Gen	4	4.86
движение	про	Acc	4	4.7
движение	об	Loc	4	4.63
прогрессия	из	Gen	4	2.16
ряд	𝑥	Gen	4	4.26
ряд	в	Nom	4	4.22
ряд	вдоль	Gen	4	4.18
ряд	по	Gen	4	4.13
ряд	до	Gen	4	3.57
вероятность	между	Ins	4	2.96
событие	за	Gen	4	4.41
событие	среди	Gen	4	4.4
событие	об	Loc	4	4.4
событие	на	Gen	4	4.09
отрезок	вдоль	Gen	4	4.85
отрезок	п	Gen	4	4.84
отрезок	вокруг	Gen	4	4.83
отрезок	над	Ins	4	4.33
отрезок	до	Gen	4	3.97
отрезок	при	Loc	4	3.61
расстояние	среди	Gen	4	4.79
расстояние	относительно	Gen	4	4.68
ситуация	за	Gen	4	5.59
ситуация	при	Loc	4	3.99
термин	к	Dat	4	2.99
цепочка	внутри	Gen	4	6.14
цепочка	в	Gen	4	3.88
пара	сквозь	Acc	4	4.14
пара	после	Gen	4	3.89
пара	при	Loc	4	3.23
глава	у	Gen	4	4.22
глава	на	Acc	4	2.58
аксиома	вместо	Gen	4	5.94
жизнь	над	Ins	4	4.6
речь	в	Acc	4	2.45
количество	минус	Nom	4	3.97
количество	по	Ins	4	3.94
количество	при	Gen	4	3.89
количество	вместо	Gen	4	3.87
количество	про	Acc	4	3.84
количество	об	Loc	4	3.8
количество	после	Gen	4	3.75
количество	со	Ins	4	3.56
количество	с	Gen	4	2.85
позиция	𝑛	Gen	4	5.89
позиция	о	Loc	4	4.02
процесс	через	Acc	4	4.18
процесс	над	Ins	4	4.17
цепь	вдоль	Gen	4	6.23
цепь	между	Ins	4	4.83
цепь	по	Dat	4	2.5
пространство	с	Gen	4	2.47
деление	путем	Gen	4	5.64
деление	при	Gen	4	5.41
деление	про	Acc	4	5.29
деление	через	Acc	4	4.73
деление	между	Ins	4	4.5
деление	по	Dat	4	2.42
человек	со	Ins	4	3.99
раздел	с	Gen	4	3.39
структура	через	Acc	4	4.51
структура	над	Ins	4	4.51
структура	с	Gen	4	3.31
наука	помимо	Gen	4	3.79
наука	перед	Ins	4	3.78
наука	среди	Gen	4	3.66
наука	за	Acc	4	3.32
шар	вокруг	Gen	4	5.45
шар	в	Gen	4	3.69
объект	ради	Gen	4	4.42
объект	по	Gen	4	4.28
основа	об	Loc	4	4.84
основа	о	Loc	4	3.78
основа	для	Gen	4	2.09
модель	к	Gen	4	4.25
модель	вместо	Gen	4	4.17
модель	внутри	Gen	4	4.16
модель	об	Loc	4	4.08
модель	без	Gen	4	3.88
мир	против	Gen	4	4.95
состояние	относительно	Gen	4	4.63
состояние	у	Gen	4	4.39
состояние	через	Acc	4	4.39
разбиение	после	Gen	4	5.05
разбиение	над	Ins	4	4.74
данных	при	Gen	4	5.07
данных	среди	Gen	4	4.88
соответствие	по	Dat	4	2.43
качество	при	Loc	4	3.55
качество	на	Acc	4	2.58
ось	о	Loc	4	3.91
геометрия	про	Acc	4	4.42
окружность	вдоль	Gen	4	4.83
окружность	п	Gen	4	4.83
окружность	вместо	Gen	4	4.77
окружность	со	Ins	4	4.23
плоскость	вне	Gen	4	4.64
плоскость	на	Gen	4	4.11
плоскость	со	Ins	4	4.08
делитель	к	Dat	4	3.05
код	через	Acc	4	4.6
вектор	до	Gen	4	3.57
описание	+	Acc	4	5.46
описание	помимо	Gen	4	5.37
комбинация	относительно	Gen	4	5.51
комбинация	на	Loc	4	2.46
применение	путем	Gen	4	5.28
применение	в	Ins	4	5.08
угол	об	Loc	4	4.57
угол	относительно	Gen	4	4.48
угол	за	Acc	4	3.99
координата	за	Acc	4	4.22
площадь	в	Loc	4	0.28
соотношение	в	Ins	4	4.83
величина	про	Acc	4	3.65
величина	среди	Gen	4	3.61
совокупность	при	Loc	4	4.13
совокупность	в	Gen	4	3.93
совокупность	к	Dat	4	3.13
столбец	𝑛	Gen	4	6.16
столбец	внутри	Gen	4	5.86
столбец	через	Acc	4	5.03
диаграмма	поверх	Gen	4	5.61
диаграмма	внутри	Gen	4	5.31
диаграмма	у	Gen	4	4.7
диаграмма	через	Acc	4	4.7
диаграмма	от	Gen	4	3.61
стратегия	по	Gen	4	5.98
стратегия	в	Gen	4	3.85
номер	за	Acc	4	4.28
номер	о	Loc	4	3.86
номер	в	Gen	4	3.63
симметрия	без	Gen	4	4.84
симметрия	через	Acc	4	4.79
симметрия	от	Gen	4	3.66
линия	при	Gen	4	5.2
линия	об	Loc	4	4.99
линия	на	Gen	4	4.54
дробь	через	Acc	4	4.97
разность	через	Acc	4	4.99
разность	в	Loc	4	0.29
грань	от	Gen	4	3.61
изучение	в	Gen	4	3.78
изучение	из	Gen	4	2.11
граф	х	Acc	4	2.48
граф	за	Gen	4	2.42
ребро	х	Gen	4	4.0
ребро	помимо	Gen	4	3.98
занятие	помимо	Gen	4	6.3
занятие	за	Acc	4	4.63
т	п	?	4	4.36
т	вне	?	4	4.36
т	в	Acc	4	2.16
т	для	Gen	4	1.96
дорога	в	Loc	4	0.3
карта	со	Ins	4	4.58
карта	от	Gen	4	3.61
планета	до	Gen	4	4.67
маршрут	вне	Gen	4	6.9
маршрут	с	Gen	4	3.62
имя	после	Gen	4	4.53
имя	со	Ins	4	4.22
имя	для	Gen	4	2.06
цвет	c	Gen	4	4.92
цвет	кроме	Gen	4	4.85
цвет	со	Ins	4	4.25
цвет	к	Dat	4	2.85
цвет	на	Loc	4	2.3
треугольник	в	Nom	4	4.33
клетка	𝑒	Gen	4	5.41
клетка	у	Gen	4	4.59
кусок	внутри	Gen	4	6.45
кусок	в	Gen	4	3.94
кусок	к	Dat	4	3.14
поверхность	относительно	Gen	4	4.8
параграф	внутри	Gen	4	6.55
параграф	до	Gen	4	4.71
раскраска	на	Acc	4	2.8
монета	про	Acc	4	5.47
монета	между	Ins	4	4.6
монета	до	Gen	4	4.36
монета	о	Loc	4	4.0
орёл	для	Gen	4	2.23
распределение	про	Acc	4	4.17
распределение	через	Acc	4	3.89
распределение	в	Acc	4	2.16
кость	на	Acc	4	2.82
отражение	относительно	Gen	4	5.57
отражение	до	Gen	4	4.56
отражение	по	Dat	4	2.5
фигура	на	Gen	4	4.83
положение	-	Gen	4	5.84
положение	за	Gen	4	5.4
разложение	у	Gen	4	4.65
разложение	в	Gen	4	3.65
многоугольник	среди	Gen	4	5.75
многоугольник	относительно	Gen	4	5.55
стрелка	вместо	Gen	4	5.64
стрелка	от	Gen	4	3.7
куб	между	Ins	4	4.78
куб	о	Loc	4	4.11
кубик	в	Acc	4	2.44
сфера	в	Gen	4	3.79
частота	о	Loc	4	4.13
автомат	к	Dat	4	3.06
решётка	о	Loc	4	4.13
решётка	от	Gen	4	3.79
ящик	для	Gen	4	2.22
триангуляция	между	Ins	4	5.1
триангуляция	о	Loc	4	4.31
триангуляция	в	Gen	4	4.0
балл	с	Ins	4	2.32
частность	в	Loc	4	0.27
уравнение	от	Acc	3	2.9
уравнение	при	Acc	3	2.9
уравнение	𝑛	Gen	3	2.88
уравнение	к	Gen	3	2.88
уравнение	над	Ins	3	2.66
лекция	о	Loc	3	3.22
год	спустя	Ins	3	0.86
год	к	Loc	3	0.85
год	за	Ins	3	0.84
коэффициент	относительно	Gen	3	3.81
решение	путем	Gen	3	2.64
решение	к	Acc	3	2.64
решение	к	Gen	3	2.63
математик	благодаря	Dat	3	3.9
математик	в	Gen	3	2.81
век	из	Gen	3	1.62
книга	п	Gen	3	3.75
книга	за	Ins	3	3.7
сторона	по	Nom	3	3.73
сторона	к	Loc	3	3.71
сторона	про	Acc	3	3.59
пример	в	Ins	3	3.26
пример	за	Ins	3	3.25
пример	про	Acc	3	3.23
пример	без	Gen	3	3.05
пример	на	Gen	3	3.0
тройка	против	Gen	3	5.82
тройка	среди	Gen	3	5.28
тройка	о	Loc	3	3.71
тройка	к	Dat	3	2.67
квадрат	относительно	Gen	3	3.81
квадрат	через	Acc	3	3.63
время	к	Gen	3	2.78
время	после	Gen	3	2.66
метод	о	Acc	3	3.2
метод	с	Nom	3	3.2
метод	кроме	Gen	3	3.16
метод	за	Gen	3	3.08
метод	относительно	Gen	3	3.03
метод	без	Gen	3	2.94
метод	за	Acc	3	2.77
ответ	ради	Gen	3	4.01
вопрос	перед	Ins	3	3.65
теорема	без	Gen	3	2.69
теорема	над	Ins	3	2.68
случай	через	Loc	3	2.45
случай	об	Loc	3	2.37
сумма	𝑠	Nom	3	3.06
сумма	на	Nom	3	3.03
сумма	в	Nom	3	3.03
смысл	со	Ins	3	3.99
смысл	в	Acc	3	1.9
начало	про	Acc	3	4.21
начало	без	Gen	3	3.87
начало	при	Loc	3	3.15
шаг	перед	Ins	3	4.16
шаг	вместо	Gen	3	4.07
шаг	без	Gen	3	3.72
шаг	через	Acc	3	3.69
группа	на	Dat	3	2.61
группа	c	Ins	3	2.6
группа	вместо	Gen	3	2.56
группа	по	Gen	3	2.55
группа	при	Loc	3	2.12
параметр	об	Loc	3	4.47
представление	𝜚	Gen	3	4.72
представление	вопреки	Dat	3	4.71
представление	со	Ins	3	3.91
программа	согласно	Dat	3	4.5
определение	из	Dat	3	3.08
определение	из	Nom	3	3.07
определение	в	Dat	3	3.07
определение	помимо	Gen	3	3.06
определение	в	Nom	3	3.05
определение	кроме	Gen	3	3.03
определение	со	Gen	3	2.98
определение	по	Acc	3	2.89
определение	со	Ins	3	2.77
элемент	к	Acc	3	2.7
элемент	к	Gen	3	2.69
элемент	при	Gen	3	2.66
элемент	за	Gen	3	2.61
факт	кроме	Gen	3	5.14
факт	между	Ins	3	4.13
факт	до	Gen	3	3.89
факт	в	Acc	3	1.96
факт	для	Gen	3	1.73
следствие	от	Gen	3	3.3
значение	помимо	Gen	3	2.78
значение	𝑛	Gen	3	2.77
значение	кроме	Gen	3	2.75
значение	за	Ins	3	2.73
значение	по	Gen	3	2.73
гипотеза	среди	Gen	3	4.19
гипотеза	через	Acc	3	3.88
понятие	в	Ins	3	4.25
алгоритм	перед	Ins	3	3.01
алгоритм	в	Ins	3	2.98
алгоритм	по	Gen	3	2.97
алгоритм	до	Gen	3	2.61
правило	под	Acc	3	4.14
правило	об	Loc	3	3.94
правило	под	Ins	3	3.83
правило	без	Gen	3	3.7
правило	между	Ins	3	3.52
правило	в	Gen	3	2.92
сложение	помимо	Gen	3	5.58
сложение	у	Gen	3	4.54
сложение	в	Gen	3	3.37
сложение	с	Ins	3	1.87
степень	𝑃	Gen	3	3.3
степень	ф	Gen	3	3.3
степень	𝑓	Gen	3	3.3
степень	𝑔	Gen	3	3.3
степень	𝑥	Gen	3	3.29
степень	на	Gen	3	2.97
условие	с	Gen	3	2.39
свойство	относительно	Gen	3	3.2
свойство	без	Gen	3	3.1
свойство	при	Loc	3	2.64
отношение	без	Gen	3	3.81
отношение	над	Ins	3	3.77
отношение	со	Ins	3	3.7
отношение	между	Ins	3	3.61
отношение	за	Acc	3	3.51
нуль	возле	Gen	3	4.12
нуль	вне	Gen	3	4.06
нуль	по	Gen	3	3.97
очередь	между	Ins	3	4.3
очередь	в	Gen	3	3.39
материал	помимо	Gen	3	5.45
студент	за	Acc	3	4.18
студент	о	Loc	3	3.68
студент	по	Dat	3	2.06
курс	на	Nom	3	4.41
курс	среди	Gen	3	4.17
курс	на	Gen	3	3.81
курс	между	Ins	3	3.68
курс	до	Gen	3	3.51
курс	о	Loc	3	3.23
курс	при	Loc	3	3.16
порядок	за	Ins	3	3.54
порядок	со	Ins	3	3.22
ученик	по	Dat	3	2.05
школа	между	Ins	3	3.62
г.	вблизи	Gen	3	4.17
г.	к	Gen	3	4.15
г.	за	Gen	3	3.94
г.	для	Gen	3	1.59
текст	о	Loc	3	3.34
язык	через	Acc	3	3.24
система	𝑡	Gen	3	2.72
система	помимо	Gen	3	2.71
система	вместо	Gen	3	2.67
доказательство	вокруг	Gen	3	3.04
доказательство	вместо	Gen	3	3.02
доказательство	согласно	Dat	3	2.99
доказательство	через	Acc	3	2.83
эквивалентность	в	Nom	3	5.82
эквивалентность	про	Acc	3	5.41
эквивалентность	о	Loc	3	3.7
эквивалентность	при	Loc	3	3.6
формула	помимо	Gen	3	3.02
формула	c	Gen	3	3.02
формула	по	Ins	3	3.02
формула	внутри	Gen	3	2.97
форма	посредством	Gen	3	3.85
форма	𝑛	Gen	3	3.84
форма	на	Nom	3	3.83
теория	против	Gen	3	2.58
теория	за	Ins	3	2.55
анализ	при	Gen	3	4.01
анализ	через	Acc	3	3.63
анализ	между	Ins	3	3.48
анализ	за	Acc	3	3.39
идея	против	Gen	3	4.82
идея	в	Ins	3	4.7
идея	до	Gen	3	3.73
утверждение	на	Nom	3	3.57
утверждение	в	Nom	3	3.56
утверждение	перед	Ins	3	3.56
утверждение	против	Gen	3	3.56
утверждение	в	Ins	3	3.51
утверждение	про	Acc	3	3.47
утверждение	под	Ins	3	3.35
утверждение	через	Acc	3	3.23
последовательность	вдоль	Gen	3	3.32
последовательность	в	Ins	3	3.29
последовательность	без	Gen	3	3.07
последовательность	над	Ins	3	3.05
последовательность	до	Gen	3	2.84
половина	между	Ins	3	4.19
половина	за	Acc	3	4.05
половина	с	Gen	3	3.04
вывод	между	Ins	3	4.15
вывод	на	Loc	3	1.99
рассуждение	в	Ins	3	5.11
компьютер	на	Gen	3	4.62
скорость	про	Acc	3	4.73
скорость	из	Gen	3	1.65
результат	без	Gen	3	3.08
результат	через	Acc	3	3.06
результат	над	Ins	3	3.06
результат	на	Gen	3	3.04
дело	со	Ins	3	3.65
дело	в	Gen	3	2.95
закон	вне	Gen	3	4.58
закон	против	Gen	3	4.57
закон	при	Gen	3	4.49
закон	об	Loc	3	4.32
закон	без	Gen	3	4.01
направление	с	Gen	3	2.94
запись	до	Nom	3	5.01
запись	перед	Ins	3	4.89
запись	по	Gen	3	4.74
запись	от	Gen	3	3.15
запись	с	Gen	3	2.94
основание	про	Acc	3	4.96
основание	относительно	Gen	3	4.7
основание	со	Ins	3	4.26
основание	с	Gen	3	3.01
математика	внутри	Gen	3	2.92
математика	над	Ins	3	2.73
математика	за	Acc	3	2.6
математика	до	Gen	3	2.56
математика	с	Gen	3	2.15
вариант	по	Ins	3	4.58
вариант	о	Loc	3	3.31
вариант	в	Gen	3	3.09
ошибка	на	Loc	3	1.97
-	из	Gen	3	0.76
-	в	Loc	3	-0.46
исследование	согласно	Dat	3	4.04
исследование	среди	Gen	3	3.98
исследование	после	Gen	3	3.9
информация	c	Ins	3	4.74
информация	в	Gen	3	3.13
информация	в	Loc	3	-0.15
изменение	за	Acc	3	4.17
изменение	на	Loc	3	2.03
предмет	про	Acc	3	5.21
предмет	на	Loc	3	2.02
высказывание	о	Loc	3	3.84
высказывание	на	Loc	3	2.08
название	вместо	Gen	3	4.85
название	после	Gen	3	4.54
название	со	Ins	3	4.14
буква	посредством	Gen	3	4.34
буква	про	Acc	3	4.16
буква	через	Acc	3	3.79
образ	при	Ins	3	3.03
образ	вне	Gen	3	3.0
образ	об	Loc	3	2.91
образ	о	Loc	3	2.44
образ	в	Gen	3	2.32
поле	𝕜	Gen	3	3.31
поле	над	Loc	3	3.31
поле	кроме	Gen	3	3.25
поле	п	Gen	3	3.25
поле	внутри	Gen	3	3.22
поле	со	Ins	3	2.95
таблица	из	Nom	3	4.64
таблица	о	Loc	3	3.3
связь	в	Acc	3	1.89
строка	𝑖	Acc	3	4.21
строка	п	Ins	3	4.21
строка	+	Gen	3	4.21
строка	c	Gen	3	4.16
строка	кроме	Gen	3	4.11
строка	п	Gen	3	4.1
строка	по	Gen	3	4.05
строка	за	Gen	3	3.96
строка	под	Ins	3	3.84
строка	о	Loc	3	3.11
слово	ради	Gen	3	2.89
слово	кроме	Gen	3	2.85
слово	при	Gen	3	2.84
единица	без	Acc	3	3.88
единица	плюс	Gen	3	3.88
единица	c	Ins	3	3.86
единица	через	Gen	3	3.77
единица	по	Gen	3	3.75
отображение	µ	Acc	3	3.79
отображение	к	Acc	3	3.77
отображение	при	Gen	3	3.69
отображение	в	Ins	3	3.67
список	через	Acc	3	4.12
список	о	Loc	3	3.4
часть	у	Acc	3	3.16
часть	против	Gen	3	3.13
часть	п	Gen	3	3.11
часть	про	Acc	3	3.06
часть	относительно	Gen	3	2.99
отрицание	к	Dat	3	2.76
сила	по	Ins	3	4.51
сила	за	Gen	3	4.26
сила	с	Gen	3	2.82
место	𝑘	Loc	3	3.86
место	𝑘	Gen	3	3.83
место	под	Acc	3	3.81
место	за	Ins	3	3.72
место	про	Acc	3	3.7
место	среди	Gen	3	3.65
операция	под	Ins	3	3.84
итог	на	Acc	3	2.41
итог	с	Ins	3	1.91
построение	благодаря	Dat	3	4.77
построение	вместо	Gen	3	4.61
построение	через	Acc	3	4.09
построение	в	Gen	3	3.15
лемма	вместо	Gen	3	4.86
лемма	в	Acc	3	1.93
символ	под	Acc	3	4.86
символ	за	Ins	3	4.69
скобка	𝑛	Gen	3	6.02
скобка	относительно	Gen	3	5.16
скобка	со	Ins	3	4.59
знак	перед	Ins	3	4.68
знак	у	Gen	3	4.05
знак	на	Gen	3	4.0
роль	об	Loc	3	4.95
роль	у	Gen	3	4.45
обозначение	при	Gen	3	5.07
обозначение	под	Ins	3	4.62
обозначение	в	Acc	3	1.96
конструкция	до	Gen	3	3.96
длина	со	Ins	3	3.07
член	через	Nom	3	3.72
член	со	Gen	3	3.57
член	в	Acc	3	1.69
помощь	благодаря	Dat	3	4.02
помощь	в	Loc	3	-0.18
принцип	про	Acc	3	4.59
принцип	через	Acc	3	4.12
схема	по	Ins	3	4.78
схема	про	Acc	3	4.57
набор	посредством	Gen	3	4.29
набор	без	Gen	3	3.79
существование	об	Loc	3	4.9
существование	при	Loc	3	3.48
умножение	при	Gen	3	4.59
умножение	через	Acc	3	4.05
алгебра	без	Gen	3	3.86
алгебра	через	Acc	3	3.83
алгебра	со	Ins	3	3.75
многочлен	над	Acc	3	4.3
индукция	по	Gen	3	4.95
индукция	об	Loc	3	4.77
индукция	о	Loc	3	3.52
предположение	для	Gen	3	1.75
произведение	вместо	Gen	3	3.73
произведение	за	Acc	3	3.21
базис	𝜑	Loc	3	5.0
композиция	по	Dat	3	2.06
класс	𝑘	Ins	3	3.52
класс	𝑘	Gen	3	3.5
класс	против	Gen	3	3.48
класс	вместо	Gen	3	3.42
класс	среди	Gen	3	3.35
класс	об	Loc	3	3.35
класс	относительно	Gen	3	3.3
класс	по	Acc	3	3.27
класс	над	Ins	3	3.17
класс	со	Ins	3	3.12
предел	вне	Gen	3	4.94
момент	через	Acc	3	4.09
момент	на	Loc	3	1.93
выражение	вместо	Gen	3	4.78
способ	𝑛𝑘	Ins	3	3.39
способ	из	Ins	3	3.37
способ	вместо	Gen	3	3.3
способ	об	Loc	3	3.23
способ	за	Acc	3	2.9
способ	в	Acc	3	1.6
прямоугольник	против	Gen	3	5.77
прямоугольник	вместо	Gen	3	5.53
прямоугольник	про	Acc	3	5.4
тип	по	Gen	3	4.12
тип	про	Acc	3	4.08
тип	согласно	Dat	3	4.08
тип	у	Gen	3	3.74
тип	над	Ins	3	3.74
размер	c	Gen	3	4.46
размер	в	Ins	3	4.35
размер	со	Ins	3	3.81
размер	за	Acc	3	3.61
цикл	помимо	Gen	3	4.2
цикл	c	Gen	3	4.2
цикл	в	Nom	3	4.19
цикл	вне	Gen	3	4.19
цикл	п	Gen	3	4.14
цикл	по	Gen	3	4.09
цикл	среди	Gen	3	3.99
мера	µ	Gen	3	4.09
мера	на	Ins	3	4.07
мера	при	Gen	3	3.96
мера	вместо	Gen	3	3.94
мера	за	Acc	3	3.36
мера	с	Gen	3	2.66
множитель	-	Gen	3	5.5
множитель	со	Ins	3	4.38
множитель	о	Loc	3	3.62
множитель	при	Loc	3	3.53
множитель	с	Gen	3	3.06
множитель	к	Dat	3	2.62
неравенство	𝑥	Gen	3	4.25
неравенство	в	Dat	3	4.23
неравенство	благодаря	Dat	3	4.21
неравенство	на	Loc	3	1.83
сложность	до	Gen	3	3.58
оценка	к	Loc	3	4.31
оценка	про	Acc	3	4.12
оценка	до	Gen	3	3.43
точность	с	Loc	3	4.93
точность	за	Ins	3	4.68
выбор	накануне	Gen	3	4.7
выбор	кроме	Ins	3	4.7
выбор	за	Gen	3	4.35
выбор	на	Gen	3	3.95
выбор	со	Ins	3	3.91
бит	при	Gen	3	5.3
бит	вместо	Gen	3	5.24
бит	через	Acc	3	4.5
бит	на	Loc	3	2.01
возможность	-	Gen	3	5.03
возможность	в	Ins	3	4.87
возможность	за	Gen	3	4.68
возможность	среди	Gen	3	4.67
возможность	со	Ins	3	4.14
возможность	при	Loc	3	3.39
возможность	в	Gen	3	3.24
дерево	+	Acc	3	4.28
дерево	х	Gen	3	4.27
дерево	в	Nom	3	4.22
дерево	вне	Gen	3	4.21
дерево	вдоль	Gen	3	4.17
дерево	после	Gen	3	3.93
игра	через	Gen	3	4.32
игра	по	Gen	3	4.28
игра	за	Ins	3	4.27
игра	без	Gen	3	3.89
команда	против	Gen	3	5.78
команда	при	Gen	3	5.6
команда	внутри	Gen	3	5.53
действие	против	Gen	3	4.9
действие	через	Acc	3	4.19
действие	на	Gen	3	4.13
вычисление	путем	Gen	3	4.35
вычисление	согласно	Dat	3	4.13
вычисление	под	Ins	3	3.95
вычисление	у	Gen	3	3.78
вычисление	над	Ins	3	3.78
путь	из	Dat	3	3.64
путь	вместо	Gen	3	3.54
конец	после	Gen	3	3.9
конец	по	Acc	3	3.85
конец	в	Gen	3	2.94
цифра	перед	Ins	3	4.17
цифра	кроме	Gen	3	4.13
цифра	п	Gen	3	4.13
цифра	при	Gen	3	4.1
цифра	относительно	Gen	3	3.89
цифра	со	Ins	3	3.62
преобразование	вместо	Gen	3	4.33
преобразование	под	Ins	3	4.07
преобразование	от	Gen	3	3.0
круг	n	Gen	3	5.21
круг	при	Gen	3	4.98
круг	среди	Gen	3	4.74
раз	𝑠	Acc	3	3.69
раз	из	Acc	3	3.68
раз	п	Gen	3	3.61
раз	по	Acc	3	3.41
раз	с	Ins	3	1.59
ход	𝑥	Acc	3	4.94
ход	через	Gen	3	4.73
ход	по	Gen	3	4.68
ход	про	Acc	3	4.62
ход	среди	Gen	3	4.53
ход	об	Loc	3	4.53
ход	у	Gen	3	4.15
ход	со	Ins	3	4.05
замечание	ввиду	Gen	3	6.02
замечание	после	Gen	3	5.1
переход	к	Loc	3	5.4
переход	вместо	Gen	3	5.11
переход	со	Ins	3	4.3
переход	за	Acc	3	4.03
корень	к	Gen	3	4.42
движение	за	Gen	3	4.22
движение	без	Gen	3	3.93
движение	на	Loc	3	1.88
прогрессия	вдоль	Gen	3	6.28
прогрессия	о	Loc	3	3.83
прогрессия	в	Acc	3	2.05
ряд	при	Acc	3	3.84
ограничение	под	Acc	3	5.48
ограничение	вместо	Gen	3	5.25
ограничение	про	Acc	3	5.14
ограничение	об	Loc	3	5.02
ограничение	относительно	Gen	3	4.85
ограничение	по	Dat	3	2.04
вероятность	про	Loc	3	2.85
вероятность	под	Acc	3	2.83
вероятность	около	Gen	3	2.82
вероятность	под	Ins	3	2.7
событие	-	Gen	3	4.2
событие	под	Ins	3	3.87
событие	через	Acc	3	3.71
событие	со	Ins	3	3.64
пересечение	среди	Gen	3	4.62
пересечение	у	Gen	3	4.21
пересечение	по	Dat	3	1.99
отрезок	по	Gen	3	4.36
отрезок	про	Acc	3	4.31
отрезок	об	Loc	3	4.24
отрезок	после	Gen	3	4.14
отрезок	через	Acc	3	3.91
отрезок	со	Ins	3	3.83
отрезок	за	Acc	3	3.63
край	через	Acc	3	4.9
край	из	Gen	3	1.74
расстояние	на	Gen	3	3.97
граница	около	Gen	3	4.85
граница	относительно	Gen	3	4.45
ситуация	вне	Gen	3	5.67
ситуация	в	Ins	3	5.44
термин	для	Gen	3	1.73
термин	из	Gen	3	1.67
цепочка	на	Loc	3	2.05
пара	кроме	Gen	3	3.65
пара	при	Gen	3	3.63
пара	по	Gen	3	3.61
пара	за	Ins	3	3.6
глава	в	Dat	3	4.38
глава	до	Gen	3	3.47
глава	в	Gen	3	3.0
глава	от	Gen	3	2.95
глава	для	Gen	3	1.63
аксиома	плюс	Gen	3	6.01
аксиома	среди	Gen	3	5.25
аксиома	за	Acc	3	4.21
жизнь	об	Loc	3	4.6
жизнь	через	Acc	3	4.19
жизнь	от	Gen	3	3.15
речь	под	Acc	3	6.27
количество	в	Nom	3	3.52
количество	в	Ins	3	3.46
количество	относительно	Gen	3	3.33
количество	под	Ins	3	3.31
количество	на	Gen	3	3.17
позиция	про	Acc	3	5.13
позиция	у	Gen	3	4.49
позиция	при	Loc	3	3.52
процесс	благодаря	Dat	3	4.28
процесс	при	Gen	3	4.19
процесс	со	Gen	3	4.11
процесс	про	Acc	3	4.11
процесс	после	Gen	3	3.97
процесс	со	Ins	3	3.68
цепь	внутри	Gen	3	5.64
объединение	за	Acc	3	4.1
противоречие	до	Gen	3	4.28
противоречие	на	Acc	3	2.44
пространство	𝑉	Gen	3	2.83
пространство	𝑉	Loc	3	2.83
пространство	𝑛	Ins	3	2.83
пространство	𝑛	Loc	3	2.83
пространство	в	Nom	3	2.8
область	под	Ins	3	3.37
область	о	Loc	3	2.82
деление	в	Ins	3	4.97
деление	относительно	Gen	3	4.62
деление	с	Gen	3	2.99
деление	в	Acc	3	1.95
человек	за	Ins	3	4.0
человек	про	Acc	3	3.97
человек	над	Ins	3	3.64
человек	в	Loc	3	-0.17
раздел	в	Nom	3	5.07
раздел	вне	Gen	3	5.06
раздел	после	Gen	3	4.58
раздел	со	Ins	3	4.17
раздел	в	Gen	3	3.25
структура	согласно	Dat	3	4.55
структура	у	Gen	3	4.1
наука	об	Loc	3	3.25
наука	между	Ins	3	2.97
наука	в	Gen	3	2.54
шар	около	Gen	3	5.09
шар	п	Gen	3	5.05
шар	вместо	Gen	3	4.96
шар	по	Gen	3	4.94
шар	от	Gen	3	3.21
объект	𝑚	Gen	3	4.01
объект	из	Nom	3	4.01
объект	𝑘	Gen	3	3.98
объект	𝑛	Gen	3	3.97
объект	в	Nom	3	3.96
объект	вместо	Gen	3	3.88
объект	за	Ins	3	3.87
модель	подобно	Dat	3	3.86
модель	под	Acc	3	3.83
модель	в	Ins	3	3.76
модель	согласно	Dat	3	3.71
модель	со	Ins	3	3.38
модель	при	Loc	3	2.89
мир	кроме	Gen	3	4.49
мир	внутри	Gen	3	4.42
мир	над	Ins	3	3.95
мир	на	Gen	3	3.91
состояние	над	Ins	3	3.97
состояние	за	Acc	3	3.68
разбиение	𝑛	Gen	3	5.17
разбиение	у	Gen	3	4.32
разбиение	на	Gen	3	4.26
соответствие	с	Loc	3	5.31
качество	между	Ins	3	3.65
равенство	вследствие	Gen	3	4.04
равенство	вместо	Gen	3	3.91
равенство	про	Acc	3	3.87
равенство	относительно	Gen	3	3.74
ось	под	Acc	3	5.1
ось	под	Ins	3	4.54
ось	на	Gen	3	4.23
ось	со	Ins	3	4.18
геометрия	по	Loc	3	4.19
геометрия	в	Nom	3	4.14
геометрия	об	Loc	3	3.94
геометрия	под	Ins	3	3.83
геометрия	через	Acc	3	3.67
геометрия	со	Ins	3	3.6
геометрия	между	Ins	3	3.52
плоскость	вдоль	Gen	3	4.19
плоскость	п	Gen	3	4.18
плоскость	вместо	Gen	3	4.13
плоскость	над	Ins	3	3.74
остаток	к	Acc	3	5.22
остаток	c	Ins	3	5.2
остаток	у	Gen	3	4.32
остаток	между	Ins	3	4.08
остаток	в	Gen	3	3.27
делитель	от	Gen	3	3.32
делитель	на	Loc	3	2.02
делитель	в	Loc	3	-0.12
код	без	Gen	3	4.22
код	между	Ins	3	3.96
код	за	Acc	3	3.84
вектор	𝑠	Gen	3	3.84
вектор	𝑚	Gen	3	3.84
вектор	п	Gen	3	3.76
вектор	про	Acc	3	3.69
вектор	под	Ins	3	3.55
вектор	со	Ins	3	3.36
описание	+	Gen	3	5.04
описание	в	Ins	3	4.79
описание	о	Loc	3	3.45
комбинация	при	Loc	3	3.61
применение	перед	Ins	3	4.78
применение	за	Gen	3	4.5
применение	об	Loc	3	4.49
применение	до	Gen	3	3.7
применение	в	Gen	3	3.17
угол	про	Acc	3	4.22
угол	среди	Gen	3	4.15
координата	среди	Gen	3	4.52
координата	относительно	Gen	3	4.4
координата	на	Gen	3	4.08
площадь	минус	Nom	3	5.11
площадь	без	Gen	3	4.28
площадь	между	Ins	3	4.01
площадь	с	Gen	3	2.96
соотношение	об	Loc	3	4.27
соотношение	без	Gen	3	3.97
величина	о	Gen	3	3.34
величина	помимо	Gen	3	3.32
величина	кроме	Gen	3	3.29
величина	на	Gen	3	3.01
величина	при	Loc	3	2.6
совокупность	о	Loc	3	3.82
совокупность	на	Acc	3	2.43
столбец	без	Gen	3	4.67
столбец	с	Gen	3	3.1
столбец	к	Dat	3	2.65
диаграмма	вне	Gen	3	5.07
диаграмма	вместо	Gen	3	4.9
диаграмма	под	Ins	3	4.53
диаграмма	до	Gen	3	3.83
игрок	про	Gen	3	5.51
игрок	со	Gen	3	5.06
игрок	без	Gen	3	4.5
игрок	о	Loc	3	3.58
игрок	к	Dat	3	2.61
стратегия	при	Gen	3	5.66
стратегия	в	Ins	3	5.62
стратегия	на	Acc	3	2.39
номер	c	Ins	3	5.01
номер	перед	Ins	3	4.93
номер	после	Gen	3	4.49
номер	через	Acc	3	4.21
читатель	среди	Gen	3	5.42
симметрия	после	Gen	3	4.7
симметрия	со	Ins	3	4.26
симметрия	к	Dat	3	2.59
линия	вместо	Gen	3	4.74
линия	по	Gen	3	4.73
линия	под	Ins	3	4.41
линия	со	Ins	3	4.08
счёт	вместо	Gen	3	5.64
дробь	на	Gen	3	4.49
дробь	с	Gen	3	3.08
разность	среди	Gen	3	5.12
разность	относительно	Gen	3	4.95
разность	при	Loc	3	3.56
грань	до	Gen	3	3.83
изучение	по	Gen	3	5.27
изучение	над	Ins	3	4.52
граф	про	Nom	3	2.07
граф	с	Nom	3	2.06
граф	на	Nom	3	2.05
граф	c	Gen	3	2.05
граф	вместо	Gen	3	2.03
граф	после	Gen	3	1.98
граф	под	Ins	3	1.97
ребро	плюс	Nom	3	3.59
ребро	к	Gen	3	3.56
занятие	до	Gen	3	4.11
картинка	под	Acc	3	6.03
картинка	кроме	Gen	3	5.85
картинка	внутри	Gen	3	5.69
картинка	под	Ins	3	5.1
картинка	при	Loc	3	3.64
картинка	в	Gen	3	3.46
т	от	?	3	3.94
т	по	?	3	3.94
т	до	Gen	3	3.21
т	при	Loc	3	2.92
город	возле	Gen	3	5.18
город	про	Acc	3	4.81
город	под	Ins	3	4.52
дорога	вдоль	Gen	3	6.05
дорога	о	Loc	3	3.78
дорога	от	Gen	3	3.43
дорога	в	Acc	3	2.03
карта	поверх	Gen	3	5.18
карта	в	Nom	3	5.06
карта	относительно	Gen	3	4.57
карта	у	Gen	3	4.28
карта	между	Ins	3	4.05
маршрут	до	Gen	3	4.27
маршрут	на	Acc	3	2.44
школьник	𝑛	Gen	3	6.27
школьник	со	Gen	3	5.7
школьник	среди	Gen	3	5.52
имя	перед	Ins	3	4.44
имя	про	Acc	3	4.28
имя	об	Loc	3	4.21
имя	за	Acc	3	3.61
рисунок	за	Acc	3	4.03
графа	про	Acc	3	4.97
графа	в	Gen	3	3.3
графа	в	Acc	3	1.96
упражнение	благодаря	Dat	3	5.15
цвет	от	Acc	3	4.57
цвет	𝑛	Gen	3	4.51
цвет	без	Gen	3	3.96
цвет	с	Gen	3	2.82
треугольник	среди	Gen	3	3.74
треугольник	над	Ins	3	3.51
клетка	относительно	Loc	3	5.0
клетка	𝑑	Gen	3	5.0
клетка	про	Acc	3	4.66
кусок	после	Gen	3	5.42
кусок	у	Gen	3	4.92
кусок	над	Ins	3	4.92
кусок	от	Gen	3	3.46
поверхность	о	Acc	3	4.88
поверхность	к	Gen	3	4.83
поверхность	внутри	Gen	3	4.65
поверхность	в	Gen	3	3.17
параграф	на	Acc	3	2.44
перестановка	кроме	Gen	3	4.69
перестановка	при	Gen	3	4.65
перестановка	по	Gen	3	4.6
перестановка	про	Acc	3	4.55
перестановка	среди	Gen	3	4.46
перестановка	между	Ins	3	3.89
перестановка	в	Gen	3	3.15
день	з	Gen	3	4.75
день	за	Ins	3	4.51
день	на	Loc	3	1.91
раскраска	+	Gen	3	6.06
раскраска	по	Gen	3	5.55
раскраска	под	Ins	3	5.02
раскраска	без	Gen	3	4.75
раскраска	через	Acc	3	4.68
раскраска	между	Ins	3	4.39
раскраска	до	Gen	3	4.11
раскраска	от	Gen	3	3.37
монета	в	Ins	3	5.17
орёл	об	Loc	3	5.78
орёл	без	Gen	3	5.06
орёл	на	Gen	3	4.89
орёл	за	Acc	3	4.44
орёл	из	Gen	3	1.75
перебор	до	Ins	3	6.93
перебор	для	Ins	3	6.92
перебор	путем	Gen	3	6.82
перебор	по	Ins	3	6.56
перебор	от	Gen	3	3.47
рис	с	Acc	3	4.99
матрица	п	Gen	3	3.75
матрица	между	Ins	3	3.28
распределение	за	Acc	3	3.25
распределение	до	Gen	3	3.2
кость	без	Gen	3	4.84
кость	о	Loc	3	3.76
ожидание	ξ	Gen	3	5.64
ожидание	около	Gen	3	5.42
ожидание	вместо	Gen	3	5.26
ожидание	между	Ins	3	4.24
ожидание	в	Acc	3	1.98
эксперимент	благодаря	Dat	3	5.77
эксперимент	при	Gen	3	5.52
эксперимент	после	Gen	3	5.02
эксперимент	до	Gen	3	4.07
эксперимент	при	Loc	3	3.58
отражение	из	Ins	3	6.11
отражение	при	Gen	3	5.73
отражение	за	Gen	3	5.37
отражение	с	Gen	3	3.14
доля	без	Gen	3	4.64
доля	к	Dat	3	2.64
предложение	со	Ins	3	4.61
предложение	на	Loc	3	2.05
фигура	внутрь	Gen	3	5.59
фигура	среди	Gen	3	4.99
положение	вместо	Gen	3	5.19
положение	согласно	Dat	3	5.08
положение	в	Gen	3	3.34
разложение	при	Gen	3	4.88
разложение	в	Ins	3	4.85
многоугольник	на	Nom	3	5.95
многоугольник	вокруг	Gen	3	5.76
стрелка	+	Gen	3	5.59
стрелка	вдоль	Gen	3	5.35
стрелка	при	Gen	3	5.28
стрелка	через	Acc	3	4.49
стрелка	между	Ins	3	4.22
куб	от	Gen	3	3.36
кубик	с	Gen	3	3.16
кубик	по	Dat	3	2.09
сфера	вне	Gen	3	5.55
сфера	у	Gen	3	4.54
частота	относительно	Gen	3	5.09
частота	до	Gen	3	4.11
частота	из	Gen	3	1.72
исход	после	Gen	3	4.95
исход	у	Gen	3	4.57
исход	на	Gen	3	4.5
автомат	среди	Gen	3	5.16
автомат	в	Gen	3	3.4
решётка	с	Gen	3	3.13
ящик	внутри	Gen	3	5.99
ящик	на	Acc	3	2.43
триангуляция	со	Ins	3	4.88
триангуляция	от	Gen	3	3.51
балл	со	Ins	3	4.61
балл	до	Gen	3	4.16
балл	в	Acc	3	2.02
уравнение	подобно	Dat	2	2.31
уравнение	у	Loc	2	2.31
уравнение	для	Acc	2	2.31
уравнение	посредством	Gen	2	2.3
уравнение	𝑘	Gen	2	2.3
уравнение	под	Acc	2	2.29
уравнение	после	Gen	2	2.17
уравнение	при	Loc	2	1.73
проблема	к	Loc	2	3.78
проблема	помимо	Gen	2	3.76
проблема	по	Gen	2	3.63
проблема	между	Ins	2	3.05
проблема	за	Acc	2	2.95
лекция	✅	Nom	2	3.88
лекция	среди	Gen	2	3.57
лекция	над	Ins	2	3.26
год	х	Gen	2	0.27
год	порядок	Gen	2	0.27
год	без	Gen	2	0.21
вид	через	Acc	2	2.03
вид	при	Loc	2	1.69
коэффициент	𝑒	Gen	2	3.55
коэффициент	п	Ins	2	3.55
коэффициент	на	Ins	2	3.54
коэффициент	при	Gen	2	3.43
коэффициент	над	Ins	2	3.04
решение	при	Acc	2	2.06
решение	над	Gen	2	2.06
решение	про	Acc	2	1.99
решение	согласно	Dat	2	1.99
век	про	Acc	2	3.93
век	со	Gen	2	3.92
век	по	Acc	2	3.66
век	через	Acc	2	3.48
век	между	Ins	2	3.28
книга	в	Dat	2	3.23
книга	помимо	Gen	2	3.21
книга	в	Ins	2	3.13
книга	согласно	Dat	2	3.08
книга	об	Loc	2	3.04
книга	до	Gen	2	2.56
сторона	-	Loc	2	3.15
сторона	п	Ins	2	3.14
сторона	на	Dat	2	3.14
сторона	из	Acc	2	3.14
сторона	c	Gen	2	3.11
сторона	при	Gen	2	3.05
сторона	внутри	Gen	2	3.03
пример	плюс	Nom	2	2.76
пример	из	Loc	2	2.76
пример	о	Acc	2	2.75
пример	ввиду	Gen	2	2.75
пример	на	Nom	2	2.73
пример	согласно	Dat	2	2.64
пример	среди	Gen	2	2.61
пример	о	Loc	2	2.06
тройка	вместо	Gen	2	4.98
тройка	по	Gen	2	4.96
квадрат	плюс	Nom	2	3.54
квадрат	n	Gen	2	3.54
квадрат	с	Nom	2	3.53
квадрат	вне	Gen	2	3.49
квадрат	п	Gen	2	3.45
квадрат	вокруг	Gen	2	3.44
квадрат	вместо	Gen	2	3.4
квадрат	после	Gen	2	3.23
время	при	Nom	2	2.21
время	к	Acc	2	2.2
время	о	Acc	2	2.2
время	с	Nom	2	2.2
время	спустя	Gen	2	2.19
время	помимо	Gen	2	2.19
время	вдоль	Gen	2	2.17
время	по	Acc	2	2.05
время	у	Gen	2	1.99
время	на	Gen	2	1.97
метод	π	Ins	2	2.63
метод	сверх	Gen	2	2.63
метод	к	Acc	2	2.62
метод	с	Acc	2	2.61
метод	перед	Ins	2	2.59
метод	вместо	Gen	2	2.54
метод	под	Ins	2	2.43
ответ	при	Nom	2	3.43
ответ	для	Nom	2	3.42
ответ	под	Acc	2	3.38
ответ	перед	Ins	2	3.37
ответ	об	Loc	2	3.2
ответ	над	Ins	2	2.96
ответ	у	Gen	2	2.96
ответ	между	Ins	2	2.81
ответ	на	Loc	2	1.2
вопрос	вокруг	Gen	2	3.04
вопрос	об	Loc	2	2.93
вопрос	относительно	Gen	2	2.87
вопрос	со	Ins	2	2.67
вопрос	при	Loc	2	2.21
теорема	о	Gen	2	2.33
теорема	ввиду	Gen	2	2.33
теорема	c	Acc	2	2.33
теорема	c	Nom	2	2.33
теорема	посредством	Gen	2	2.32
теорема	к	Loc	2	2.32
теорема	перед	Ins	2	2.3
теорема	против	Gen	2	2.3
теорема	кроме	Gen	2	2.29
теорема	на	Gen	2	2.07
случай	из	Loc	2	1.87
случай	𝑚	Loc	2	1.87
случай	з	Loc	2	1.87
случай	о	Acc	2	1.86
случай	с	Loc	2	1.86
случай	п	Loc	2	1.86
случай	благодаря	Dat	2	1.85
случай	по	Ins	2	1.85
случай	под	Acc	2	1.85
случай	без	Gen	2	1.7
случай	в	Acc	2	0.68
сумма	до	Nom	2	2.47
сумма	при	Dat	2	2.47
сумма	к	Loc	2	2.46
сумма	с	Acc	2	2.46
сумма	п	Gen	2	2.42
сумма	за	Ins	2	2.39
сумма	об	Loc	2	2.35
смысл	вместо	Gen	2	4.02
смысл	без	Gen	2	3.54
начало	под	Acc	2	3.8
начало	около	Gen	2	3.76
шаг	τ	Loc	2	3.65
шаг	про	Gen	2	3.64
шаг	из	Ins	2	3.63
шаг	с	Acc	2	3.62
шаг	п	Gen	2	3.54
шаг	про	Acc	2	3.44
шаг	со	Gen	2	3.44
шаг	относительно	Gen	2	3.3
шаг	под	Ins	2	3.27
группа	перед	Ins	2	2.0
группа	за	Acc	2	1.72
параметр	c	Nom	2	4.26
параметр	благодаря	Dat	2	4.2
представление	𝑉	Gen	2	4.12
представление	кроме	Gen	2	3.98
программа	вне	Gen	2	4.13
программа	при	Gen	2	4.03
программа	после	Gen	2	3.74
программа	на	Gen	2	3.43
программа	за	Acc	2	3.16
работа	вследствие	Gen	2	2.42
работа	к	Loc	2	2.41
работа	-	Gen	2	2.4
работа	согласно	Dat	2	2.33
работа	над	Ins	2	2.17
работа	на	Gen	2	2.15
определение	подобно	Dat	2	2.49
определение	при	Gen	2	2.43
факт	в	Ins	2	4.47
факт	согласно	Dat	2	4.35
факт	через	Acc	2	3.79
факт	за	Acc	2	3.41
следствие	в	Ins	2	4.72
следствие	среди	Gen	2	4.46
следствие	после	Gen	2	4.3
следствие	при	Loc	2	2.95
следствие	с	Gen	2	2.48
следствие	на	Acc	2	1.77
подмножество	в	Nom	2	3.66
подмножество	по	Gen	2	3.55
подмножество	про	Acc	2	3.51
подмножество	без	Gen	2	3.19
подмножество	до	Gen	2	2.83
гипотеза	по	Ins	2	3.85
гипотеза	про	Acc	2	3.68
гипотеза	у	Gen	2	3.29
гипотеза	за	Acc	2	3.01
понятие	помимо	Gen	2	3.78
понятие	кроме	Gen	2	3.71
понятие	вокруг	Gen	2	3.7
понятие	со	Ins	2	3.15
алгоритм	до	Nom	2	2.46
алгоритм	с	Acc	2	2.45
алгоритм	на	Nom	2	2.44
алгоритм	за	Gen	2	2.34
алгоритм	без	Gen	2	2.22
правило	вопреки	Dat	2	3.61
правило	+	Nom	2	3.61
правило	на	Dat	2	3.6
правило	посредством	Gen	2	3.58
правило	по	Ins	2	3.55
правило	вместо	Gen	2	3.46
правило	про	Acc	2	3.41
правило	у	Gen	2	3.09
правило	на	Gen	2	3.05
правило	со	Ins	2	3.01
правило	за	Acc	2	2.84
сложение	путем	Gen	2	5.08
сложение	кроме	Gen	2	4.85
сложение	при	Gen	2	4.78
сложение	со	Gen	2	4.61
сложение	через	Acc	2	3.95
сложение	между	Ins	2	3.68
степень	p	Gen	2	2.72
степень	𝑞	Gen	2	2.72
степень	на	Nom	2	2.68
степень	-	Gen	2	2.68
степень	кроме	Gen	2	2.66
степень	в	Ins	2	2.63
степень	за	Gen	2	2.57
степень	по	Acc	2	2.49
степень	за	Acc	2	2.25
условие	для	Nom	2	2.88
условие	на	Dat	2	2.88
условие	плюс	Nom	2	2.88
условие	к	Loc	2	2.87
условие	ввиду	Gen	2	2.87
условие	-	Gen	2	2.85
условие	кроме	Gen	2	2.82
условие	по	Gen	2	2.78
условие	за	Ins	2	2.78
условие	до	Gen	2	2.32
свойство	вследствие	Gen	2	2.82
свойство	до	Ins	2	2.82
свойство	в	Nom	2	2.79
свойство	при	Gen	2	2.75
свойство	за	Acc	2	2.33
отношение	𝑥	Ins	2	3.77
отношение	помимо	Gen	2	3.71
отношение	в	Ins	2	3.61
отношение	вместо	Gen	2	3.6
отношение	по	Gen	2	3.59
отношение	среди	Gen	2	3.48
отношение	при	Loc	2	2.53
отношение	на	Loc	2	1.27
формулировка	кроме	Gen	2	4.86
формулировка	согласно	Dat	2	4.61
формулировка	до	Gen	2	3.43
формулировка	о	Loc	2	3.05
нуль	𝑟	Gen	2	3.53
нуль	к	Gen	2	3.49
нуль	𝑛	Gen	2	3.49
нуль	около	Gen	2	3.45
нуль	среди	Gen	2	3.29
нуль	за	Acc	2	2.79
очередь	в	Nom	2	5.06
очередь	в	Ins	2	4.83
очередь	с	Gen	2	2.51
очередь	на	Loc	2	1.44
материал	в	Ins	2	4.64
материал	согласно	Dat	2	4.5
материал	без	Gen	2	3.94
материал	до	Gen	2	3.38
студент	в	Nom	2	5.15
студент	перед	Ins	2	5.12
студент	на	Gen	2	3.97
курс	из	Acc	2	3.88
курс	к	Acc	2	3.87
курс	помимо	Gen	2	3.83
курс	внутри	Gen	2	3.7
порядок	вдоль	Loc	2	3.07
порядок	о	Gen	2	3.06
порядок	под	Acc	2	3.03
порядок	вне	Gen	2	3.02
порядок	по	Gen	2	2.95
порядок	среди	Gen	2	2.89
порядок	под	Ins	2	2.8
порядок	через	Acc	2	2.69
порядок	у	Gen	2	2.69
порядок	за	Acc	2	2.5
ученик	про	Gen	2	5.08
ученик	перед	Ins	2	4.9
ученик	за	Ins	2	4.66
ученик	о	Loc	2	3.04
школа	к	Loc	2	3.75
школа	среди	Gen	2	3.49
школа	у	Gen	2	3.2
г.	к	Acc	2	3.59
г.	с	Ins	2	1.11
г.	из	Gen	2	0.95
текст	помимо	Gen	2	4.09
текст	об	Loc	2	3.79
текст	через	Acc	2	3.44
текст	при	Loc	2	2.68
язык	𝑥	Dat	2	3.03
язык	+	Acc	2	3.03
язык	помимо	Gen	2	3.0
язык	в	Ins	2	2.93
язык	про	Acc	2	2.89
язык	об	Loc	2	2.85
язык	относительно	Gen	2	2.8
язык	под	Ins	2	2.77
язык	при	Loc	2	2.17
система	к	Loc	2	2.13
система	под	Acc	2	2.12
система	вне	Gen	2	2.12
система	в	Ins	2	2.08
система	под	Ins	2	1.99
система	за	Acc	2	1.81
доказательство	ê	Nom	2	2.51
доказательство	при	Acc	2	2.51
доказательство	путем	Gen	2	2.5
доказательство	по	Ins	2	2.48
доказательство	в	Ins	2	2.44
доказательство	по	Gen	2	2.43
эквивалентность	относительно	Gen	2	4.48
эквивалентность	без	Gen	2	4.14
эквивалентность	между	Ins	2	3.79
эквивалентность	в	Gen	2	2.84
эквивалентность	на	Acc	2	1.8
эквивалентность	по	Dat	2	1.49
эквивалентность	с	Ins	2	1.31
эквивалентность	для	Gen	2	1.19
формула	для	Nom	2	2.46
формула	𝑥	Acc	2	2.46
формула	𝜙	Gen	2	2.46
формула	в	Dat	2	2.45
формула	к	Loc	2	2.45
формула	со	Gen	2	2.37
формула	среди	Gen	2	2.34
форма	над	Loc	2	3.29
форма	𝑉	Gen	2	3.29
форма	по	Loc	2	3.28
форма	-	Gen	2	3.25
форма	помимо	Gen	2	3.25
форма	п	Gen	2	3.21
форма	при	Gen	2	3.19
форма	вместо	Gen	2	3.17
форма	за	Gen	2	3.09
форма	об	Loc	2	3.08
форма	после	Gen	2	3.02
форма	при	Loc	2	2.31
теория	вроде	Gen	2	2.02
теория	от	Ins	2	2.02
теория	перед	Ins	2	2.0
теория	вокруг	Gen	2	1.98
теория	за	Gen	2	1.93
теория	после	Gen	2	1.9
анализ	из	Nom	2	3.54
анализ	посредством	Gen	2	3.52
анализ	над	Ins	2	3.04
идея	кроме	Gen	2	4.18
идея	за	Ins	2	4.09
идея	у	Gen	2	3.56
идея	над	Ins	2	3.55
утверждение	вопреки	Dat	2	3.02
утверждение	при	Nom	2	3.02
утверждение	по	Nom	2	3.02
утверждение	для	Nom	2	3.01
утверждение	вместо	Gen	2	2.92
утверждение	со	Gen	2	2.88
утверждение	при	Loc	2	2.16
последовательность	про	Loc	2	2.79
последовательность	посредством	Gen	2	2.77
последовательность	c	Gen	2	2.76
последовательность	по	Gen	2	2.7
последовательность	за	Ins	2	2.69
последовательность	на	Gen	2	2.44
последовательность	со	Ins	2	2.42
половина	через	Acc	2	3.87
половина	о	Loc	2	3.0
вывод	для	Nom	2	4.8
вывод	над	Ins	2	3.81
рассуждение	путем	Gen	2	4.81
рассуждение	по	Gen	2	4.49
рассуждение	согласно	Dat	2	4.4
рассуждение	без	Gen	2	3.87
рассуждение	у	Gen	2	3.82
рассуждение	через	Acc	2	3.82
рассуждение	за	Acc	2	3.43
компьютер	среди	Gen	2	4.73
компьютер	о	Loc	2	3.13
компьютер	в	Gen	2	2.86
скорость	благодаря	Dat	2	4.4
скорость	за	Gen	2	4.05
скорость	без	Gen	2	3.68
скорость	в	Gen	2	2.63
скорость	в	Acc	2	1.34
результат	вследствие	Gen	2	2.8
результат	-	Gen	2	2.77
результат	помимо	Gen	2	2.77
результат	вокруг	Gen	2	2.74
результат	вместо	Gen	2	2.71
результат	за	Gen	2	2.65
дело	за	Loc	2	3.7
дело	в	Ins	2	3.54
дело	у	Gen	2	3.14
закон	вследствие	Gen	2	4.06
закон	помимо	Gen	2	4.01
закон	-	Gen	2	4.0
закон	под	Acc	2	4.0
закон	вокруг	Gen	2	3.92
закон	вместо	Gen	2	3.87
закон	про	Acc	2	3.81
закон	за	Gen	2	3.74
закон	среди	Gen	2	3.73
закон	под	Ins	2	3.59
направление	на	Gen	2	3.55
направление	со	Ins	2	3.5
направление	до	Gen	2	3.18
запись	𝑚	Gen	2	4.42
запись	𝑓	Gen	2	4.42
запись	при	Gen	2	4.21
запись	за	Ins	2	4.15
запись	под	Ins	2	3.83
основание	-	Gen	2	4.67
основание	вдоль	Gen	2	4.57
основание	за	Gen	2	4.27
математика	к	Nom	2	2.4
математика	в	Gen	2	1.71
автор	-	Gen	2	4.05
автор	за	Ins	2	3.9
автор	со	Gen	2	3.85
автор	за	Gen	2	3.78
автор	среди	Gen	2	3.77
автор	за	Acc	2	3.12
вариант	в	Acc	2	1.29
ошибка	над	Ins	2	3.72
-	у	Gen	2	1.04
-	на	Acc	2	0.49
исследование	путем	Gen	2	3.65
исследование	между	Ins	2	2.96
исследование	до	Gen	2	2.8
информация	ради	Gen	2	4.18
информация	о	Gen	2	4.17
информация	про	Acc	2	3.9
информация	относительно	Gen	2	3.71
информация	между	Ins	2	3.26
информация	за	Acc	2	3.15
информация	о	Loc	2	2.77
информация	на	Acc	2	1.65
изменение	вследствие	Gen	2	5.25
изменение	помимо	Gen	2	5.13
изменение	по	Gen	2	4.82
изменение	со	Ins	2	3.88
изменение	в	Acc	2	1.41
предмет	вокруг	Gen	2	4.84
предмет	относительно	Gen	2	4.32
предмет	с	Gen	2	2.49
высказывание	за	Acc	2	3.83
высказывание	до	Gen	2	3.7
название	вопреки	Dat	2	4.54
название	без	Gen	2	3.71
название	до	Gen	2	3.22
название	на	Acc	2	1.7
название	на	Loc	2	1.38
буква	𝑚	Gen	2	3.79
буква	до	Acc	2	3.79
буква	к	Loc	2	3.76
буква	около	Gen	2	3.7
буква	в	Ins	2	3.63
буква	внутри	Gen	2	3.62
буква	со	Gen	2	3.57
буква	на	Gen	2	3.17
буква	при	Loc	2	2.54
буква	в	Loc	2	-0.75
образ	𝜏	Ins	2	2.45
образ	к	Ins	2	2.44
образ	по	Ins	2	2.42
образ	против	Gen	2	2.41
образ	за	Ins	2	2.37
образ	над	Ins	2	2.19
поле	порядок	Gen	2	2.72
поле	ϕ	Gen	2	2.72
поле	над	Acc	2	2.72
поле	посредством	Gen	2	2.71
поле	на	Nom	2	2.69
поле	по	Gen	2	2.63
поле	за	Ins	2	2.63
поле	относительно	Gen	2	2.53
таблица	вроде	Gen	2	4.06
таблица	против	Gen	2	3.97
таблица	на	Gen	2	3.34
связь	+	Gen	2	4.15
связь	вне	Gen	2	4.07
связь	в	Ins	2	3.95
связь	про	Acc	2	3.88
связь	об	Loc	2	3.79
связь	с	Gen	2	2.28
слово	𝑥	Dat	2	2.31
слово	y	Gen	2	2.31
слово	в	Dat	2	2.3
слово	об	Loc	2	2.19
единица	минус	Dat	2	3.3
единица	𝑥	Gen	2	3.28
единица	на	Ins	2	3.28
единица	𝑘	Gen	2	3.26
единица	по	Ins	2	3.24
единица	за	Ins	2	3.16
единица	под	Ins	2	2.99
отображение	над	Nom	2	3.2
отображение	𝑔	Gen	2	3.2
отображение	в	Nom	2	3.15
отображение	над	Ins	2	2.79
внимание	на	Acc	2	1.8
внимание	на	Loc	2	1.45
список	c	Nom	2	4.31
список	из	Acc	2	4.29
список	при	Gen	2	4.11
список	вместо	Gen	2	4.07
список	под	Ins	2	3.75
список	у	Gen	2	3.53
список	при	Loc	2	2.73
список	с	Gen	2	2.32
часть	к	Loc	2	2.57
часть	в	Nom	2	2.55
часть	помимо	Gen	2	2.55
часть	около	Gen	2	2.54
часть	за	Ins	2	2.5
отрицание	при	Gen	2	5.97
отрицание	от	Gen	2	2.93
сила	ê	Acc	2	4.0
сила	благодаря	Dat	2	3.94
сила	по	Gen	2	3.79
сила	со	Gen	2	3.74
сила	под	Ins	2	3.53
сила	над	Ins	2	3.34
сила	при	Loc	2	2.62
сила	в	Gen	2	2.48
место	в	Ins	2	3.16
место	со	Ins	2	2.78
операция	посредством	Gen	2	3.59
операция	перед	Ins	2	3.56
операция	про	Acc	2	3.42
операция	на	Gen	2	3.05
итог	вне	Gen	2	5.57
итог	об	Loc	2	4.9
итог	в	Acc	2	1.45
построение	на	Dat	2	4.24
построение	помимо	Gen	2	4.19
построение	в	Ins	2	4.04
построение	об	Loc	2	3.87
построение	от	Gen	2	2.52
лемма	в	Ins	2	4.29
лемма	через	Acc	2	3.67
лемма	у	Gen	2	3.67
символ	посредством	Gen	2	4.32
символ	кроме	Gen	2	4.2
символ	по	Gen	2	4.11
символ	среди	Gen	2	3.96
символ	у	Gen	2	3.57
символ	со	Ins	2	3.47
скобка	по	Gen	2	5.06
скобка	у	Gen	2	4.15
скобка	от	Gen	2	2.81
скобка	по	Dat	2	1.5
скобка	с	Ins	2	1.32
скобка	для	Gen	2	1.2
знак	под	Gen	2	4.2
знак	-	Gen	2	4.12
знак	в	Ins	2	3.98
роль	в	Ins	2	4.6
обозначение	к	Acc	2	4.72
обозначение	перед	Ins	2	4.62
обозначение	кроме	Gen	2	4.54
обозначение	вместо	Gen	2	4.44
обозначение	про	Acc	2	4.35
обозначение	за	Gen	2	4.25
обозначение	среди	Gen	2	4.24
обозначение	после	Gen	2	4.1
обозначение	между	Ins	2	3.53
обозначение	по	Dat	2	1.43
обозначение	на	Loc	2	1.4
конструкция	по	Nom	2	4.96
конструкция	в	Ins	2	4.62
конструкция	согласно	Dat	2	4.48
конструкция	об	Loc	2	4.38
конструкция	относительно	Gen	2	4.22
конструкция	у	Gen	2	3.87
длина	𝑠	Gen	2	2.87
длина	к	Nom	2	2.86
длина	к	Gen	2	2.84
длина	через	Gen	2	2.79
длина	вместо	Gen	2	2.77
длина	у	Gen	2	2.53
длина	за	Acc	2	2.36
член	к	Nom	2	3.13
член	по	Ins	2	3.09
член	за	Ins	2	3.02
член	после	Gen	2	2.89
член	по	Acc	2	2.85
член	через	Acc	2	2.74
член	на	Gen	2	2.71
помощь	с	Acc	2	3.46
принцип	против	Gen	2	4.2
принцип	между	Ins	2	3.33
принцип	до	Gen	2	3.12
схема	вокруг	Gen	2	4.12
схема	под	Ins	2	3.74
модуль	без	Gen	2	3.55
модуль	у	Gen	2	3.51
модуль	о	Loc	2	2.79
модуль	с	Gen	2	2.31
набор	перед	Ins	2	3.67
набор	при	Gen	2	3.6
набор	в	Ins	2	3.58
набор	по	Gen	2	3.56
существование	для	Nom	2	4.85
существование	благодаря	Dat	2	4.77
существование	между	Ins	2	3.58
существование	с	Gen	2	2.44
умножение	за	Gen	2	3.83
умножение	о	Loc	2	2.77
умножение	из	Gen	2	1.03
алгебра	кроме	Gen	2	3.73
алгебра	при	Gen	2	3.7
алгебра	внутри	Gen	2	3.67
алгебра	об	Loc	2	3.55
многочлен	𝜙	Acc	2	3.72
многочлен	𝕃𝑓	Gen	2	3.72
многочлен	𝑚	Gen	2	3.71
многочлен	при	Acc	2	3.71
многочлен	посредством	Gen	2	3.68
многочлен	над	Ins	2	3.15
многочлен	на	Gen	2	3.12
индукция	про	Acc	2	4.29
индукция	в	Acc	2	1.36
произведение	ρ	Gen	2	3.27
произведение	𝜏	Gen	2	3.27
произведение	𝑗	Gen	2	3.27
произведение	при	Acc	2	3.26
произведение	посредством	Gen	2	3.24
произведение	помимо	Gen	2	3.22
произведение	по	Ins	2	3.21
произведение	при	Gen	2	3.16
произведение	за	Ins	2	3.13
произведение	об	Loc	2	3.06
произведение	до	Gen	2	2.57
базис	вместо	Gen	2	4.16
базис	среди	Gen	2	3.99
композиция	между	Nom	2	5.3
композиция	𝕜	Acc	2	5.29
композиция	из	Ins	2	5.22
композиция	посредством	Gen	2	5.19
композиция	в	Nom	2	5.1
композиция	среди	Gen	2	4.58
композиция	под	Ins	2	4.33
композиция	до	Gen	2	3.47
композиция	от	Gen	2	2.75
композиция	на	Loc	2	1.44
композиция	из	Gen	2	1.12
класс	𝑖	Acc	2	2.94
класс	под	Acc	2	2.9
класс	кроме	Gen	2	2.87
класс	при	Loc	2	2.12
предел	с	Loc	2	4.45
предел	о	Acc	2	4.44
предел	без	Gen	2	3.66
предел	с	Gen	2	2.36
предел	по	Dat	2	1.4
константа	за	Acc	2	3.59
момент	c	Acc	2	4.26
момент	со	Ins	2	3.41
выражение	вместо	Acc	2	4.46
выражение	для	Acc	2	4.44
выражение	за	Ins	2	4.17
выражение	под	Ins	2	3.85
выражение	у	Gen	2	3.62
способ	𝑛	Ins	2	2.8
способ	n	Ins	2	2.8
способ	k	Ins	2	2.8
способ	через	Ins	2	2.8
способ	c	Ins	2	2.79
способ	на	Ins	2	2.79
способ	𝑘	Gen	2	2.78
способ	про	Acc	2	2.68
способ	над	Ins	2	2.48
способ	до	Gen	2	2.26
прямоугольник	вне	Gen	2	5.21
прямоугольник	среди	Gen	2	4.66
прямоугольник	со	Ins	2	3.93
прямоугольник	между	Ins	2	3.78
прямоугольник	о	Loc	2	3.11
тип	подобно	Dat	2	3.7
тип	посредством	Gen	2	3.68
тип	при	Gen	2	3.57
тип	внутри	Gen	2	3.55
тип	до	Gen	2	2.83
размер	s	Gen	2	3.95
размер	𝑟	Gen	2	3.94
размер	о	Gen	2	3.93
размер	ввиду	Gen	2	3.92
размер	к	Gen	2	3.89
размер	кроме	Gen	2	3.81
размер	под	Ins	2	3.49
размер	в	Gen	2	2.46
цикл	из	Nom	2	3.66
цикл	х	Gen	2	3.66
цикл	кроме	Gen	2	3.56
цикл	за	Ins	2	3.5
цикл	про	Acc	2	3.46
цикл	под	Ins	2	3.29
цикл	со	Ins	2	3.05
мера	по	Loc	2	3.49
мера	помимо	Gen	2	3.46
мера	на	Nom	2	3.45
мера	c	Gen	2	3.45
мера	в	Ins	2	3.36
мера	об	Loc	2	3.26
мера	без	Gen	2	3.03
мера	при	Loc	2	2.41
множитель	𝑛	Gen	2	4.93
множитель	помимо	Gen	2	4.93
множитель	при	Gen	2	4.73
множитель	по	Gen	2	4.65
множитель	в	Acc	2	1.4
неравенство	-	Gen	2	3.62
неравенство	при	Gen	2	3.54
неравенство	про	Acc	2	3.47
неравенство	об	Loc	2	3.4
неравенство	на	Gen	2	3.09
неравенство	от	Gen	2	2.31
сложность	ввиду	Gen	2	4.01
сложность	по	Ins	2	3.95
сложность	вместо	Gen	2	3.83
сложность	под	Ins	2	3.56
сложность	при	Loc	2	2.63
оценка	помимо	Gen	2	3.7
оценка	по	Ins	2	3.69
оценка	перед	Ins	2	3.68
оценка	вокруг	Gen	2	3.63
оценка	после	Gen	2	3.39
оценка	под	Ins	2	3.35
оценка	у	Gen	2	3.18
оценка	со	Ins	2	3.1
точность	до	Ins	2	4.36
точность	между	Ins	2	3.35
точность	за	Acc	2	3.23
точность	до	Gen	2	3.14
точность	на	Loc	2	1.35
выбор	из	Loc	2	4.11
выбор	для	Loc	2	4.1
выбор	путем	Gen	2	4.09
выбор	c	Ins	2	4.07
выбор	посредством	Gen	2	4.06
выбор	через	Acc	2	3.41
выбор	между	Ins	2	3.22
выбор	в	Acc	2	1.29
бит	𝑥	Ins	2	5.05
бит	𝑡	Gen	2	5.04
бит	𝑠	Gen	2	5.03
бит	около	Gen	2	4.82
бит	со	Gen	2	4.55
бит	среди	Gen	2	4.43
бит	без	Gen	2	3.96
бит	между	Ins	2	3.65
возможность	на	Gen	2	3.61
возможность	между	Ins	2	3.44
дерево	от	Nom	2	3.69
дерево	при	Gen	2	3.56
дерево	за	Ins	2	3.52
дерево	среди	Gen	2	3.42
игра	ради	Gen	2	3.88
игра	посредством	Gen	2	3.85
игра	помимо	Gen	2	3.83
игра	-	Gen	2	3.82
игра	перед	Ins	2	3.81
игра	при	Gen	2	3.73
игра	под	Ins	2	3.45
игра	на	Gen	2	3.23
команда	среди	Gen	2	4.67
команда	под	Ins	2	4.41
команда	через	Acc	2	4.08
команда	до	Gen	2	3.51
команда	о	Loc	2	3.11
команда	при	Loc	2	3.02
команда	от	Gen	2	2.78
действие	на	Dat	2	4.42
действие	из	Ins	2	4.4
действие	про	Acc	2	4.1
действие	без	Gen	2	3.65
действие	со	Ins	2	3.5
вычисление	по	Ins	2	3.71
вычисление	вместо	Gen	2	3.61
вычисление	про	Acc	2	3.56
вычисление	через	Acc	2	3.2
вычисление	между	Ins	2	3.03
путь	+	Gen	2	3.05
путь	под	Acc	2	3.02
путь	п	Gen	2	2.98
путь	вокруг	Gen	2	2.98
путь	под	Ins	2	2.79
путь	по	Acc	2	2.78
путь	без	Gen	2	2.7
путь	за	Acc	2	2.49
конец	𝜓	Ins	2	3.67
конец	c	Ins	2	3.64
конец	c	Gen	2	3.6
конец	за	Gen	2	3.4
конец	через	Acc	2	3.12
конец	на	Gen	2	3.08
цифра	возле	Gen	2	3.65
цифра	о	Gen	2	3.64
цифра	ради	Gen	2	3.64
цифра	из	Ins	2	3.63
цифра	под	Acc	2	3.6
цифра	помимо	Gen	2	3.6
цифра	под	Ins	2	3.27
цифра	за	Acc	2	2.86
преобразование	c	Loc	2	3.94
преобразование	вследствие	Gen	2	3.93
преобразование	путем	Gen	2	3.92
преобразование	к	Gen	2	3.88
преобразование	в	Ins	2	3.76
преобразование	без	Gen	2	3.34
круг	над	Ins	2	3.72
круг	между	Ins	2	3.48
раз	n	Gen	2	3.1
раз	порядок	Gen	2	3.1
раз	около	Gen	2	3.04
раз	через	Acc	2	2.72
раз	от	Gen	2	2.07
ход	против	Gen	2	4.24
ход	кроме	Gen	2	4.19
ход	на	Gen	2	3.51
замечание	вследствие	Gen	2	5.46
замечание	со	Gen	2	4.86
замечание	у	Gen	2	4.1
замечание	на	Loc	2	1.46
переход	об	Loc	2	4.32
переход	от	Gen	2	2.67
корень	𝑚	Gen	2	3.88
корень	𝑓	Gen	2	3.88
корень	с	Acc	2	3.86
корень	под	Acc	2	3.82
движение	из	Ins	2	3.92
движение	к	Gen	2	3.89
движение	-	Gen	2	3.88
движение	кроме	Gen	2	3.82
движение	в	Ins	2	3.77
движение	вместо	Gen	2	3.76
движение	под	Ins	2	3.49
движение	у	Gen	2	3.31
движение	за	Acc	2	3.03
прогрессия	без	Gen	2	4.41
прогрессия	при	Loc	2	3.14
ряд	𝑥	Acc	2	3.26
ряд	вместо	Acc	2	3.26
ряд	в	Dat	2	3.25
ряд	посредством	Gen	2	3.24
ряд	-	Gen	2	3.22
ряд	со	Gen	2	3.1
ряд	за	Gen	2	3.06
ряд	относительно	Gen	2	2.99
ряд	под	Ins	2	2.96
ряд	без	Gen	2	2.86
ограничение	ê	Gen	2	5.05
ограничение	помимо	Gen	2	4.92
ограничение	после	Gen	2	4.27
ограничение	в	Gen	2	2.77
ограничение	в	Acc	2	1.4
вероятность	для	Nom	2	2.27
вероятность	𝑥	Acc	2	2.27
вероятность	при	Nom	2	2.27
вероятность	помимо	Gen	2	2.25
вероятность	c	Gen	2	2.25
вероятность	при	Gen	2	2.22
вероятность	в	Ins	2	2.21
вероятность	по	Gen	2	2.2
вероятность	на	Gen	2	2.02
вероятность	за	Acc	2	1.91
событие	ξ	Gen	2	3.67
событие	за	Ins	2	3.5
событие	без	Gen	2	3.16
событие	при	Loc	2	2.48
пересечение	внутри	Gen	2	4.2
пересечение	на	Gen	2	3.57
отрезок	от	Loc	2	3.98
отрезок	при	Gen	2	3.81
отрезок	в	Ins	2	3.79
отрезок	среди	Gen	2	3.65
край	для	Gen	2	1.22
расстояние	от	Ins	2	4.15
расстояние	на	Nom	2	4.07
расстояние	за	Gen	2	3.79
расстояние	через	Acc	2	3.43
расстояние	между	Ins	2	3.24
расстояние	за	Acc	2	3.13
расстояние	до	Gen	2	3.05
граница	у	Nom	2	4.41
граница	вне	Gen	2	4.3
граница	вместо	Gen	2	4.16
граница	про	Acc	2	4.08
ситуация	о	Gen	2	5.24
ситуация	под	Acc	2	5.11
ситуация	-	Gen	2	5.11
ситуация	про	Acc	2	4.72
ситуация	об	Loc	2	4.58
термин	при	Loc	2	2.86
цепочка	над	Ins	2	4.18
цепочка	с	Gen	2	2.57
пара	𝜑	Loc	2	3.14
пара	𝑛	Gen	2	3.1
пара	в	Nom	2	3.1
пара	против	Gen	2	3.09
пара	под	Ins	2	2.86
глава	в	Nom	2	3.75
глава	над	Ins	2	3.22
аксиома	благодаря	Dat	2	5.26
аксиома	помимо	Gen	2	5.26
жизнь	сквозь	Acc	2	4.44
жизнь	по	Gen	2	4.16
жизнь	после	Gen	2	3.89
речь	к	Dat	2	2.12
количество	к	Acc	2	2.96
количество	помимо	Gen	2	2.94
количество	за	Ins	2	2.87
позиция	к	Gen	2	4.9
позиция	вместо	Gen	2	4.64
позиция	согласно	Dat	2	4.52
позиция	среди	Gen	2	4.41
процесс	вследствие	Gen	2	3.73
процесс	посредством	Gen	2	3.71
процесс	под	Acc	2	3.68
процесс	согласно	Dat	2	3.52
процесс	об	Loc	2	3.46
процесс	среди	Gen	2	3.46
процесс	у	Gen	2	3.18
цепь	про	Loc	2	5.59
цепь	среди	Gen	2	4.76
цепь	у	Gen	2	4.14
цепь	от	Gen	2	2.8
объединение	для	Dat	2	5.07
объединение	путем	Gen	2	5.03
объединение	под	Ins	2	4.22
объединение	через	Acc	2	3.92
объединение	о	Loc	2	3.03
объединение	от	Gen	2	2.71
противоречие	в	Gen	2	2.95
пространство	з	Loc	2	2.24
пространство	𝑒𝑛	Nom	2	2.24
пространство	𝒗	Gen	2	2.24
пространство	+	Loc	2	2.24
пространство	𝑒𝑛	Gen	2	2.24
пространство	про	Nom	2	2.24
пространство	с	Loc	2	2.24
пространство	против	Gen	2	2.22
пространство	c	Gen	2	2.22
пространство	вместо	Gen	2	2.18
пространство	под	Ins	2	2.09
область	внутрь	Gen	2	3.05
область	с	Dat	2	3.04
область	с	Acc	2	3.03
область	к	Gen	2	3.02
область	по	Gen	2	2.94
область	среди	Gen	2	2.87
область	по	Acc	2	2.78
область	у	Gen	2	2.67
область	за	Acc	2	2.48
область	до	Gen	2	2.43
деление	против	Gen	2	4.53
деление	перед	Ins	2	4.53
деление	п	Gen	2	4.46
деление	у	Gen	2	3.73
деление	до	Gen	2	3.27
деление	в	Gen	2	2.68
деление	из	Gen	2	1.08
человек	о	Acc	2	3.56
человек	подобно	Dat	2	3.56
человек	в	Nom	2	3.52
человек	около	Gen	2	3.49
человек	со	Gen	2	3.38
человек	после	Gen	2	3.25
человек	при	Loc	2	2.44
раздел	перед	Ins	2	4.47
раздел	среди	Gen	2	4.12
раздел	на	Loc	2	1.38
структура	𝑉	Acc	2	4.28
структура	c	Ins	2	4.24
структура	благодаря	Dat	2	4.2
структура	в	Ins	2	4.05
структура	внутри	Gen	2	4.04
структура	до	Gen	2	3.11
структура	при	Loc	2	2.72
наука	благодаря	Dat	2	2.79
наука	против	Gen	2	2.77
наука	у	Gen	2	2.49
наука	с	Gen	2	1.78
шар	𝑛	Ins	2	4.68
шар	сквозь	Acc	2	4.68
шар	о	Gen	2	4.66
шар	с	Nom	2	4.65
шар	𝑘	Gen	2	4.61
шар	за	Ins	2	4.35
шар	со	Gen	2	4.29
шар	над	Ins	2	3.73
шар	со	Ins	2	3.62
шар	за	Acc	2	3.37
объект	𝐵	Gen	2	3.43
объект	из	Acc	2	3.42
объект	кроме	Gen	2	3.34
объект	вокруг	Gen	2	3.33
объект	на	Gen	2	2.92
основа	без	Gen	2	3.52
основа	от	Gen	2	2.5
основа	с	Ins	2	1.2
модель	о	Gen	2	3.28
модель	благодаря	Dat	2	3.25
модель	около	Gen	2	3.22
модель	со	Gen	2	3.13
модель	на	Gen	2	2.82
мир	вместо	Gen	2	3.84
мир	за	Ins	2	3.82
мир	у	Gen	2	3.37
мир	со	Ins	2	3.28
мир	с	Gen	2	2.25
состояние	из	Acc	2	4.06
состояние	-	Gen	2	4.0
состояние	кроме	Gen	2	3.93
состояние	за	Ins	2	3.85
состояние	за	Gen	2	3.74
состояние	без	Gen	2	3.43
состояние	со	Ins	2	3.3
состояние	между	Ins	2	3.2
разбиение	τ	Gen	2	4.69
разбиение	ξ	Gen	2	4.68
разбиение	путем	Gen	2	4.65
разбиение	до	Gen	2	3.28
разбиение	в	Gen	2	2.69
данных	об	Loc	2	3.88
данных	до	Gen	2	3.1
соответствие	вследствие	Gen	2	4.72
соответствие	относительно	Gen	2	4.09
соответствие	под	Ins	2	4.03
соответствие	до	Gen	2	3.3
соответствие	к	Dat	2	2.0
качество	за	Ins	2	3.64
качество	относительно	Gen	2	3.44
качество	для	Gen	2	1.04
качество	из	Gen	2	0.99
равенство	𝜓	Dat	2	3.47
равенство	c	Acc	2	3.46
равенство	𝑉	Gen	2	3.46
равенство	для	Nom	2	3.46
равенство	c	Gen	2	3.42
равенство	к	Gen	2	3.42
равенство	при	Gen	2	3.35
равенство	под	Ins	2	3.13
равенство	без	Gen	2	3.01
пункт	благодаря	Dat	2	5.19
пункт	кроме	Gen	2	5.01
пункт	внутри	Gen	2	4.87
пункт	по	Gen	2	4.85
пункт	после	Gen	2	4.43
пункт	относительно	Gen	2	4.43
пункт	через	Acc	2	4.04
пункт	над	Ins	2	4.03
пункт	за	Acc	2	3.6
пункт	при	Loc	2	3.0
ось	𝜋	Gen	2	4.64
ось	поверх	Gen	2	4.63
ось	с	Dat	2	4.62
ось	у	Gen	2	3.71
ось	при	Loc	2	2.83
геометрия	к	Loc	2	3.59
геометрия	к	Gen	2	3.57
геометрия	внутри	Gen	2	3.46
геометрия	у	Gen	2	3.09
окружность	про	Loc	2	3.96
окружность	кроме	Gen	2	3.83
окружность	без	Gen	2	3.35
окружность	через	Acc	2	3.32
окружность	над	Ins	2	3.32
плоскость	к	Loc	2	3.68
плоскость	про	Acc	2	3.5
плоскость	у	Gen	2	3.15
остаток	с	Dat	2	4.66
остаток	плюс	Nom	2	4.66
остаток	про	Acc	2	4.28
остаток	над	Ins	2	3.73
остаток	до	Gen	2	3.27
делитель	без	Gen	2	4.04
делитель	между	Ins	2	3.7
делитель	до	Gen	2	3.45
делитель	в	Gen	2	2.8
делитель	в	Acc	2	1.41
код	благодаря	Dat	2	4.34
код	в	Ins	2	4.18
код	вместо	Gen	2	4.16
вектор	ξ	Ins	2	3.26
вектор	𝑒𝑛	Gen	2	3.26
вектор	𝑉	Gen	2	3.26
вектор	𝑑	Gen	2	3.26
вектор	к	Gen	2	3.23
вектор	на	Nom	2	3.22
вектор	под	Acc	2	3.22
вектор	среди	Gen	2	3.05
описание	✅	Acc	2	4.47
описание	c	Ins	2	4.41
описание	согласно	Dat	2	4.11
описание	после	Gen	2	3.9
описание	за	Acc	2	3.27
описание	до	Gen	2	3.19
комбинация	между	Ins	2	3.8
цель	мимо	Gen	2	4.95
цель	в	Ins	2	4.61
цель	в	Gen	2	2.75
цель	с	Gen	2	2.46
применение	вследствие	Gen	2	4.29
применение	c	Ins	2	4.26
применение	благодаря	Dat	2	4.23
применение	-	Gen	2	4.22
применение	кроме	Gen	2	4.14
применение	при	Gen	2	4.1
применение	в	Acc	2	1.32
угол	до	Nom	2	3.87
угол	о	Acc	2	3.86
угол	на	Nom	2	3.81
угол	вместо	Gen	2	3.69
координата	вдоль	Gen	2	4.18
координата	при	Gen	2	4.13
координата	вместо	Gen	2	4.09
координата	без	Gen	2	3.59
координата	к	Dat	2	1.93
координата	на	Loc	2	1.35
площадь	на	Nom	2	4.42
площадь	про	Acc	2	4.17
площадь	под	Ins	2	3.89
площадь	у	Gen	2	3.65
площадь	в	Gen	2	2.64
площадь	в	Acc	2	1.35
соотношение	ê	Nom	2	4.02
соотношение	х	Gen	2	4.0
соотношение	посредством	Gen	2	3.97
соотношение	кроме	Gen	2	3.88
соотношение	согласно	Dat	2	3.75
величина	между	Gen	2	2.76
величина	к	Loc	2	2.75
величина	c	Gen	2	2.73
величина	по	Ins	2	2.73
величина	в	Ins	2	2.68
величина	об	Loc	2	2.61
величина	под	Ins	2	2.55
совокупность	внутри	Gen	2	5.4
совокупность	относительно	Gen	2	4.8
совокупность	со	Ins	2	4.15
столбец	𝑖	Acc	2	5.32
столбец	кроме	Gen	2	5.0
столбец	за	Ins	2	4.83
столбец	по	Dat	2	1.48
диаграмма	посредством	Gen	2	4.55
диаграмма	между	Ins	2	3.47
диаграмма	при	Loc	2	2.82
игрок	против	Gen	2	4.76
игрок	над	Ins	2	3.86
игрок	за	Acc	2	3.46
игрок	по	Dat	2	1.45
стратегия	по	Ins	2	5.3
стратегия	вместо	Gen	2	5.01
стратегия	согласно	Dat	2	4.86
стратегия	у	Gen	2	4.11
стратегия	между	Ins	2	3.81
стратегия	на	Loc	2	1.46
номер	вместо	Gen	2	4.2
номер	по	Gen	2	4.19
номер	до	Gen	2	3.19
номер	на	Loc	2	1.37
читатель	перед	Ins	2	5.44
читатель	про	Acc	2	5.0
читатель	до	Gen	2	3.58
читатель	о	Loc	2	3.17
читатель	в	Loc	2	-0.7
симметрия	через	Loc	2	4.79
симметрия	помимо	Gen	2	4.69
симметрия	кроме	Gen	2	4.57
симметрия	в	Ins	2	4.48
симметрия	вместо	Gen	2	4.47
симметрия	относительно	Gen	2	4.12
симметрия	за	Acc	2	3.41
линия	с	Dat	2	4.41
линия	на	Nom	2	4.32
линия	около	Gen	2	4.27
линия	кроме	Gen	2	4.24
линия	вокруг	Gen	2	4.23
линия	внутри	Gen	2	4.16
линия	над	Ins	2	3.59
линия	за	Acc	2	3.26
график	-	Gen	2	5.18
график	по	Gen	2	4.87
график	за	Gen	2	4.64
график	относительно	Gen	2	4.44
график	над	Ins	2	4.05
график	через	Acc	2	4.05
график	на	Gen	2	3.97
счёт	в	Gen	2	2.86
алфавит	при	Gen	2	5.23
алфавит	в	Ins	2	5.18
алфавит	со	Ins	2	4.03
алфавит	с	Gen	2	2.57
дробь	про	Acc	2	4.65
разность	за	Ins	2	4.76
разность	за	Gen	2	4.55
разность	с	Gen	2	2.5
разность	по	Dat	2	1.47
разность	на	Loc	2	1.44
грань	внутрь	Gen	2	4.6
грань	с	Nom	2	4.57
грань	об	Loc	2	4.13
грань	у	Gen	2	3.7
грань	со	Ins	2	3.59
изучение	путем	Gen	2	5.06
изучение	перед	Ins	2	4.92
изучение	о	Loc	2	3.04
изучение	от	Gen	2	2.72
граф	с	Acc	2	1.48
граф	при	Gen	2	1.45
ребро	п	Nom	2	3.01
ребро	к	Acc	2	3.0
ребро	для	Nom	2	3.0
ребро	𝑘	Gen	2	2.98
ребро	c	Gen	2	2.97
ребро	𝑛	Gen	2	2.97
ребро	на	Nom	2	2.97
ребро	около	Gen	2	2.95
ребро	через	Gen	2	2.92
ребро	по	Gen	2	2.9
ребро	относительно	Gen	2	2.78
ребро	до	Gen	2	2.4
занятие	кроме	Gen	2	5.12
занятие	среди	Gen	2	4.69
занятие	между	Ins	2	3.79
картинка	плюс	Ins	2	5.68
картинка	на	Nom	2	5.44
картинка	на	Gen	2	4.08
картинка	между	Ins	2	3.85
картинка	от	Gen	2	2.81
т	через	Acc	2	2.9
т	с	Gen	2	2.01
город	в	Nom	2	4.47
город	среди	Gen	2	4.12
город	над	Ins	2	3.69
дорога	к	Dat	2	2.12
карта	подобно	Dat	2	4.57
карта	после	Gen	2	3.99
карта	над	Ins	2	3.69
карта	до	Gen	2	3.24
планета	за	Ins	2	5.38
планета	об	Loc	2	5.05
планета	из	Gen	2	1.16
маршрут	к	Nom	2	6.23
маршрут	по	Gen	2	5.45
маршрут	о	Loc	2	3.25
маршрут	в	Gen	2	2.95
маршрут	от	Gen	2	2.88
маршрут	к	Dat	2	2.14
имя	+	Acc	2	3.94
имя	напротив	Gen	2	3.94
имя	вокруг	Gen	2	3.8
имя	за	Ins	2	3.73
имя	между	Ins	2	3.12
имя	на	Loc	2	1.29
рисунок	вместо	Gen	2	4.53
рисунок	об	Loc	2	4.32
рисунок	без	Gen	2	3.88
графа	х	Loc	2	4.81
графа	-	Gen	2	4.68
графа	за	Gen	2	4.28
графа	из	Gen	2	1.09
упражнение	из	Nom	2	4.64
упражнение	за	Ins	2	4.33
упражнение	без	Gen	2	3.77
упражнение	о	Loc	2	2.92
упражнение	на	Acc	2	1.72
цвет	с	Acc	2	3.96
цвет	п	Gen	2	3.85
цвет	вместо	Gen	2	3.79
цвет	среди	Gen	2	3.66
цвет	у	Gen	2	3.34
цвет	на	Gen	2	3.29
цвет	между	Ins	2	3.15
цвет	за	Acc	2	3.05
цвет	до	Gen	2	2.97
треугольник	об	Gen	2	3.39
треугольник	внутрь	Gen	2	3.38
треугольник	кроме	Gen	2	3.29
треугольник	по	Gen	2	3.24
клетка	для	Dat	2	4.41
клетка	в	Dat	2	4.37
клетка	𝑘	Gen	2	4.35
клетка	в	Nom	2	4.31
клетка	против	Gen	2	4.29
клетка	п	Gen	2	4.23
клетка	внутри	Gen	2	4.15
клетка	со	Ins	2	3.49
доска	𝑛	Gen	2	4.94
доска	на	Gen	2	3.86
доска	до	Gen	2	3.41
доска	в	Acc	2	1.4
доска	с	Ins	2	1.28
поверхность	вблизи	Gen	2	4.28
поверхность	около	Gen	2	4.18
параграф	с	Gen	2	2.63
перестановка	𝑔	Gen	2	4.26
перестановка	n	Gen	2	4.25
перестановка	к	Gen	2	4.19
перестановка	в	Ins	2	4.04
перестановка	вместо	Gen	2	4.03
перестановка	через	Acc	2	3.5
перестановка	на	Gen	2	3.45
день	между	Ins	2	3.25
раскраска	в	Acc	2	1.43
монета	про	Gen	2	4.92
монета	на	Dat	2	4.9
монета	𝑛	Gen	2	4.8
монета	по	Ins	2	4.78
монета	п	Gen	2	4.67
монета	за	Gen	2	4.36
монета	без	Gen	2	3.91
монета	от	Gen	2	2.68
монета	в	Acc	2	1.39
орёл	перед	Ins	2	6.04
орёл	между	Ins	2	4.04
орёл	на	Acc	2	1.86
перебор	про	Acc	2	5.35
перебор	между	Ins	2	4.02
перебор	из	Gen	2	1.16
рис	в	Acc	2	1.34
матрица	ℝ	Gen	2	3.26
матрица	из	Acc	2	3.24
матрица	c	Ins	2	3.23
матрица	к	Gen	2	3.22
матрица	над	Ins	2	2.83
матрица	до	Gen	2	2.56
распределение	𝑥	Acc	2	3.33
распределение	посредством	Gen	2	3.31
распределение	по	Ins	2	3.28
распределение	за	Ins	2	3.19
распределение	среди	Gen	2	3.12
кость	на	Gen	2	4.1
кость	в	Gen	2	2.89
ожидание	ξ	Acc	2	5.07
ожидание	без	Gen	2	3.97
ожидание	через	Acc	2	3.92
ожидание	по	Dat	2	1.46
эксперимент	вследствие	Gen	2	5.3
эксперимент	от	Gen	2	2.76
эксперимент	на	Acc	2	1.79
отражение	𝑒	Ins	2	5.62
отражение	φ	Nom	2	5.62
отражение	вместо	Gen	2	5.07
отражение	между	Ins	2	3.84
отражение	в	Acc	2	1.43
отражение	в	Loc	2	-0.7
доля	к	Gen	2	5.1
доля	через	Acc	2	4.0
доля	над	Ins	2	3.99
доля	со	Ins	2	3.86
доля	с	Gen	2	2.5
предложение	против	Gen	2	5.42
предложение	после	Gen	2	4.62
предложение	на	Gen	2	4.09
предложение	между	Ins	2	3.86
предложение	с	Gen	2	2.57
фигура	вне	Gen	2	4.85
фигура	относительно	Gen	2	4.25
фигура	под	Ins	2	4.19
фигура	за	Acc	2	3.49
фигура	до	Gen	2	3.39
фигура	по	Dat	2	1.45
положение	вблизи	Gen	2	4.92
положение	за	Ins	2	4.58
положение	относительно	Gen	2	4.23
положение	на	Gen	2	3.81
разложение	𝑉	Gen	2	4.52
разложение	для	Loc	2	4.52
разложение	путем	Gen	2	4.5
разложение	𝑛	Gen	2	4.43
разложение	без	Gen	2	3.7
разложение	на	Gen	2	3.6
разложение	между	Ins	2	3.43
многоугольник	вне	Gen	2	5.34
многоугольник	кроме	Gen	2	5.2
многоугольник	под	Ins	2	4.47
многоугольник	через	Acc	2	4.13
многоугольник	со	Ins	2	3.99
многоугольник	от	Gen	2	2.8
многоугольник	по	Dat	2	1.49
стрелка	поверх	Gen	2	5.01
стрелка	по	Gen	2	4.62
стрелка	про	Acc	2	4.54
стрелка	к	Dat	2	2.03
куб	внутрь	Gen	2	5.41
куб	вокруг	Gen	2	5.06
куб	на	Gen	2	4.0
куб	до	Gen	2	3.51
куб	в	Gen	2	2.84
куб	с	Gen	2	2.53
кубик	про	Gen	2	5.81
кубик	по	Gen	2	5.19
кубик	среди	Gen	2	4.89
кубик	до	Gen	2	3.61
кубик	от	Gen	2	2.83
кубик	к	Dat	2	2.11
кубик	в	Loc	2	-0.7
сфера	около	Gen	2	4.9
сфера	кроме	Gen	2	4.85
сфера	до	Gen	2	3.43
частота	по	Ins	2	5.28
частота	об	Loc	2	4.7
частота	со	Ins	2	3.96
частота	в	Acc	2	1.43
частота	в	Loc	2	-0.7
исход	о	Loc	2	3.07
исход	в	Gen	2	2.8
исход	в	Acc	2	1.41
автомат	у	Gen	2	4.01
решётка	вне	Gen	2	5.29
решётка	внутри	Gen	2	5.0
ящик	через	Acc	2	4.31
ящик	с	Ins	2	1.34
триангуляция	через	Acc	2	4.47
триангуляция	у	Gen	2	4.47
триангуляция	при	Loc	2	3.2
балл	в	Gen	2	2.88
балл	от	Gen	2	2.81
балл	к	Dat	2	2.1
проблема	насчёт	Gen	1	2.82
проблема	перед	Acc	1	2.82
проблема	для	Dat	1	2.81
проблема	до	Nom	1	2.81
проблема	х	Gen	1	2.8
проблема	для	Nom	1	2.8
проблема	подобно	Dat	1	2.8
проблема	с	Nom	1	2.79
проблема	в	Dat	1	2.79
проблема	вокруг	Gen	1	2.68
проблема	про	Acc	1	2.59
проблема	относительно	Gen	1	2.43
проблема	на	Gen	1	2.18
проблема	со	Ins	1	2.14
проблема	до	Gen	1	1.88
лекция	посредством	Acc	1	2.88
лекция	перед	Gen	1	2.88
лекция	при	Acc	1	2.87
лекция	плюс	Gen	1	2.87
лекция	под	Gen	1	2.87
лекция	из	Acc	1	2.86
лекция	вне	Gen	1	2.8
лекция	вдоль	Gen	1	2.75
лекция	по	Gen	1	2.68
лекция	со	Gen	1	2.63
лекция	за	Gen	1	2.57
лекция	со	Ins	1	2.18
вид	ϕ	Gen	1	1.26
вид	п	Dat	1	1.26
вид	со	Acc	1	1.26
вид	𝑥	Acc	1	1.26
вид	ζ	Gen	1	1.26
вид	n	Gen	1	1.26
вид	𝜈	Gen	1	1.26
вид	ξ	Gen	1	1.26
вид	𝛽	Gen	1	1.26
вид	χa	Gen	1	1.26
вид	𝑉	Gen	1	1.26
вид	c	Gen	1	1.24
вид	вне	Gen	1	1.23
вид	вдоль	Gen	1	1.22
вид	кроме	Gen	1	1.22
вид	относительно	Gen	1	1.12
коэффициент	𝒙	Gen	1	2.56
коэффициент	c	Loc	1	2.55
коэффициент	из	Nom	1	2.55
коэффициент	𝑛	Ins	1	2.55
коэффициент	о	Acc	1	2.54
коэффициент	в	Nom	1	2.5
коэффициент	через	Gen	1	2.43
коэффициент	за	Ins	1	2.39
коэффициент	на	Gen	1	2.01
математик	спустя	Nom	1	2.36
математик	у	Acc	1	2.36
математик	в	Nom	1	2.31
математик	под	Acc	1	2.31
математик	против	Gen	1	2.3
математик	за	Gen	1	2.14
математик	о	Loc	1	1.4
век	сквозь	Gen	1	3.23
век	сквозь	Acc	1	3.22
век	к	Loc	1	3.18
век	в	Nom	1	3.13
век	в	Ins	1	3.0
век	со	Ins	1	2.38
век	с	Ins	1	0.2
книга	ой	Gen	1	2.25
книга	благодаря	Loc	1	2.25
книга	с	Acc	1	2.23
книга	благодаря	Dat	1	2.21
книга	вне	Gen	1	2.2
книга	кроме	Gen	1	2.16
книга	вместо	Gen	1	2.13
книга	про	Acc	1	2.09
книга	относительно	Gen	1	1.98
книга	через	Acc	1	1.82
книга	со	Ins	1	1.76
книга	между	Ins	1	1.69
сторона	х	Gen	1	2.14
сторона	с	Nom	1	2.13
сторона	под	Acc	1	2.11
пример	ради	Gen	1	1.76
пример	η	Gen	1	1.76
пример	над	Acc	1	1.76
пример	ℝ	Ins	1	1.76
пример	между	Loc	1	1.76
пример	благодаря	Dat	1	1.73
пример	по	Ins	1	1.73
пример	со	Gen	1	1.64
пример	между	Ins	1	1.34
пример	за	Acc	1	1.28
пример	до	Gen	1	1.24
тройка	позади	Gen	1	4.49
тройка	кроме	Gen	1	4.13
тройка	при	Gen	1	4.05
тройка	внутри	Gen	1	3.98
тройка	за	Gen	1	3.71
тройка	относительно	Gen	1	3.5
тройка	за	Acc	1	2.64
тройка	при	Loc	1	2.03
квадрат	минус	Nom	1	2.55
квадрат	над	Nom	1	2.55
квадрат	к	Gen	1	2.51
квадрат	𝑛	Gen	1	2.5
квадрат	вдоль	Gen	1	2.45
квадрат	со	Ins	1	1.97
квадрат	за	Acc	1	1.8
метод	вокруг	Gen	1	1.57
ответ	𝜋	Acc	1	2.44
ответ	п	Nom	1	2.43
ответ	до	Acc	1	2.43
ответ	до	Nom	1	2.43
ответ	с	Nom	1	2.42
ответ	из	Acc	1	2.42
ответ	в	Nom	1	2.38
ответ	кроме	Gen	1	2.34
ответ	через	Acc	1	1.96
ответ	о	Loc	1	1.44
ответ	с	Gen	1	1.05
вопрос	насчёт	Gen	1	2.12
вопрос	при	Ins	1	2.12
вопрос	c	Ins	1	2.1
вопрос	помимо	Gen	1	2.08
вопрос	со	Gen	1	1.97
случай	з	Gen	1	0.87
случай	м	Loc	1	0.87
случай	-	Loc	1	0.87
случай	для	Nom	1	0.86
случай	за	Acc	1	0.59
сумма	от	Acc	1	1.47
сумма	вне	Gen	1	1.44
смысл	b	Loc	1	3.26
смысл	η	Loc	1	3.26
смысл	между	Loc	1	3.26
смысл	для	Ins	1	3.25
смысл	-	Gen	1	3.17
смысл	на	Nom	1	3.17
смысл	кроме	Gen	1	3.09
смысл	за	Ins	1	3.0
смысл	про	Acc	1	2.95
смысл	согласно	Dat	1	2.94
смысл	за	Gen	1	2.88
смысл	об	Loc	1	2.87
начало	𝑒𝑛	Loc	1	2.87
начало	𝜓	Ins	1	2.87
начало	плюс	Nom	1	2.85
начало	c	Ins	1	2.83
начало	c	Gen	1	2.8
начало	вне	Gen	1	2.79
начало	через	Gen	1	2.71
начало	за	Ins	1	2.67
начало	над	Ins	1	2.25
начало	у	Gen	1	2.25
начало	со	Ins	1	2.17
шаг	между	Loc	1	2.65
параметр	k	Ins	1	3.27
параметр	b	Gen	1	3.27
параметр	ξ	Acc	1	3.27
параметр	согласно	Gen	1	3.27
параметр	п	Acc	1	3.26
параметр	c	Ins	1	3.23
параметр	в	Nom	1	3.17
параметр	вместо	Gen	1	3.03
параметр	за	Ins	1	3.01
параметр	про	Acc	1	2.97
параметр	среди	Gen	1	2.88
параметр	под	Ins	1	2.72
параметр	за	Acc	1	2.19
представление	𝜚	Acc	1	3.13
представление	𝜑	Gen	1	3.13
представление	+	Gen	1	3.12
представление	𝑓	Gen	1	3.12
представление	𝑔	Gen	1	3.12
представление	вместо	Acc	1	3.12
представление	-	Gen	1	3.05
представление	вместо	Gen	1	2.91
представление	по	Gen	1	2.9
представление	за	Ins	1	2.89
представление	со	Gen	1	2.84
представление	за	Gen	1	2.78
представление	под	Ins	1	2.62
представление	на	Gen	1	2.37
представление	за	Acc	1	2.12
представление	до	Gen	1	2.04
программа	k	Dat	1	3.23
программа	про	Loc	1	3.22
программа	о	Dat	1	3.22
программа	в	Dat	1	3.19
программа	посредством	Gen	1	3.17
программа	благодаря	Dat	1	3.15
программа	под	Acc	1	3.14
программа	-	Gen	1	3.14
программа	против	Gen	1	3.12
программа	за	Gen	1	2.85
программа	об	Loc	1	2.84
программа	по	Acc	1	2.67
программа	без	Gen	1	2.52
программа	у	Gen	1	2.48
программа	при	Loc	1	1.7
факт	п	Nom	1	3.78
факт	сверх	Gen	1	3.78
факт	поверх	Gen	1	3.77
факт	к	Nom	1	3.77
факт	c	Acc	1	3.77
факт	о	Gen	1	3.75
факт	вследствие	Gen	1	3.75
факт	ввиду	Gen	1	3.74
факт	помимо	Gen	1	3.67
факт	на	Nom	1	3.66
факт	под	Acc	1	3.66
факт	вокруг	Gen	1	3.53
факт	про	Acc	1	3.36
факт	за	Gen	1	3.26
факт	без	Gen	1	2.83
факт	со	Ins	1	2.67
следствие	п	Nom	1	4.1
следствие	к	Nom	1	4.08
следствие	при	Acc	1	4.08
следствие	о	Gen	1	4.06
следствие	ввиду	Gen	1	4.05
следствие	благодаря	Dat	1	3.97
следствие	за	Ins	1	3.67
следствие	про	Acc	1	3.6
следствие	у	Gen	1	2.94
следствие	через	Acc	1	2.94
следствие	за	Acc	1	2.52
следствие	в	Acc	1	0.4
подмножество	l	Gen	1	2.73
подмножество	з	Gen	1	2.72
подмножество	над	Nom	1	2.72
подмножество	у	Acc	1	2.72
подмножество	х	Acc	1	2.72
подмножество	с	Dat	1	2.72
подмножество	над	Gen	1	2.72
подмножество	с	Loc	1	2.71
подмножество	к	Acc	1	2.7
подмножество	с	Nom	1	2.7
подмножество	к	Gen	1	2.67
подмножество	вдоль	Gen	1	2.61
подмножество	вместо	Gen	1	2.56
подмножество	внутри	Gen	1	2.55
подмножество	относительно	Gen	1	2.36
гипотеза	наподобие	Gen	1	2.93
гипотеза	согласно	Ins	1	2.93
гипотеза	вроде	Gen	1	2.92
гипотеза	к	Loc	1	2.89
гипотеза	к	Gen	1	2.87
гипотеза	при	Gen	1	2.76
гипотеза	об	Loc	1	2.61
гипотеза	относительно	Gen	1	2.52
гипотеза	со	Ins	1	2.21
гипотеза	до	Gen	1	1.94
понятие	касательно	Gen	1	2.84
понятие	обо	Loc	1	2.84
понятие	при	Acc	1	2.83
понятие	к	Nom	1	2.83
понятие	благодаря	Dat	1	2.78
понятие	под	Acc	1	2.77
понятие	вместо	Gen	1	2.66
понятие	за	Ins	1	2.64
понятие	со	Gen	1	2.6
понятие	про	Acc	1	2.6
понятие	за	Gen	1	2.54
понятие	среди	Gen	1	2.53
понятие	относительно	Gen	1	2.45
алгоритм	𝑘	Acc	1	1.46
алгоритм	с	Nom	1	1.45
алгоритм	со	Gen	1	1.37
правило	как	Nom	1	2.62
правило	при	Acc	1	2.61
правило	ввиду	Gen	1	2.6
правило	о	Acc	1	2.6
правило	подобно	Dat	1	2.6
правило	помимо	Gen	1	2.56
сложение	𝑠	Acc	1	4.14
сложение	вроде	Gen	1	4.12
сложение	посредством	Gen	1	4.04
сложение	на	Gen	1	2.88
сложение	до	Gen	1	2.43
сложение	с	Gen	1	1.49
сложение	на	Loc	1	0.43
условие	х	Gen	1	1.88
условие	𝑉	Acc	1	1.88
условие	среди	Gen	1	1.72
условие	за	Acc	1	1.37
свойство	м	Ins	1	1.83
свойство	ê	Gen	1	1.83
свойство	𝑥	Acc	1	1.82
свойство	вместо	Gen	1	1.73
свойство	по	Gen	1	1.73
отношение	у	Acc	1	2.77
отношение	касательно	Gen	1	2.77
отношение	для	Nom	1	2.76
отношение	к	Ins	1	2.76
отношение	из	Nom	1	2.76
отношение	под	Acc	1	2.71
отношение	после	Gen	1	2.4
отношение	под	Ins	1	2.36
отношение	у	Gen	1	2.19
формулировка	у	Nom	1	4.14
формулировка	+	Gen	1	4.13
формулировка	к	Nom	1	4.13
формулировка	ради	Gen	1	4.12
формулировка	благодаря	Dat	1	4.01
формулировка	по	Ins	1	3.97
формулировка	в	Ins	1	3.75
формулировка	по	Gen	1	3.71
формулировка	про	Acc	1	3.63
формулировка	относительно	Gen	1	3.32
формулировка	со	Ins	1	2.83
формулировка	между	Ins	1	2.68
формулировка	за	Acc	1	2.53
нуль	из	Dat	1	2.54
нуль	вдоль	Acc	1	2.54
нуль	вроде	Gen	1	2.53
нуль	𝑥	Gen	1	2.53
нуль	𝑘	Gen	1	2.5
очередь	μ	Nom	1	4.25
очередь	в	Dat	1	4.17
очередь	вместо	Gen	1	3.81
очередь	на	Gen	1	2.93
материал	благодаря	Dat	1	3.87
материал	перед	Ins	1	3.82
материал	кроме	Gen	1	3.73
материал	при	Gen	1	3.67
материал	про	Acc	1	3.52
материал	среди	Gen	1	3.39
материал	у	Gen	1	2.89
материал	над	Ins	1	2.88
студент	об	Dat	1	4.35
студент	из	Dat	1	4.34
студент	для	Acc	1	4.31
студент	о	Acc	1	4.3
студент	по	Ins	1	4.15
студент	п	Gen	1	4.01
студент	за	Ins	1	3.85
студент	в	Loc	1	-1.71
курс	благодаря	Dat	1	2.83
курс	в	Nom	1	2.82
курс	кроме	Gen	1	2.76
курс	за	Ins	1	2.69
курс	без	Gen	1	2.31
курс	со	Ins	1	2.19
порядок	𝑑	Gen	1	2.07
порядок	y	Gen	1	2.07
порядок	𝑑	Acc	1	2.07
порядок	𝑘	Acc	1	2.07
порядок	п	Loc	1	2.06
порядок	к	Gen	1	2.04
порядок	над	Ins	1	1.69
ученик	помимо	Gen	1	3.95
ученик	п	Gen	1	3.81
ученик	при	Gen	1	3.75
ученик	со	Gen	1	3.58
ученик	об	Loc	1	3.46
ученик	через	Acc	1	2.93
ученик	на	Gen	1	2.86
ученик	за	Acc	1	2.52
ученик	в	Gen	1	1.78
ученик	с	Gen	1	1.48
школа	по	Nom	1	2.78
школа	перед	Ins	1	2.71
школа	против	Gen	1	2.7
школа	за	Ins	1	2.6
школа	про	Acc	1	2.56
школа	без	Gen	1	2.23
школа	через	Acc	1	2.2
школа	со	Ins	1	2.12
школа	с	Gen	1	1.17
г.	между	Acc	1	2.61
г.	к	Loc	1	2.58
г.	с	Acc	1	2.58
г.	со	Gen	1	2.4
г.	о	Loc	1	1.52
текст	у	Nom	1	3.16
текст	при	Acc	1	3.15
текст	поверх	Gen	1	3.15
текст	с	Acc	1	3.12
текст	-	Gen	1	3.08
текст	в	Nom	1	3.07
текст	перед	Ins	1	3.06
текст	вне	Gen	1	3.06
текст	кроме	Gen	1	3.01
текст	за	Ins	1	2.92
текст	про	Acc	1	2.87
текст	согласно	Dat	1	2.86
текст	за	Gen	1	2.8
текст	среди	Gen	1	2.79
текст	у	Gen	1	2.44
текст	между	Ins	1	2.24
текст	за	Acc	1	2.13
язык	𝑥	Loc	1	2.03
язык	при	Acc	1	2.03
язык	𝑛	Loc	1	2.03
язык	ради	Gen	1	2.03
язык	ф	Loc	1	2.03
язык	из	Nom	1	2.02
язык	по	Ins	1	1.99
язык	кроме	Gen	1	1.96
язык	при	Gen	1	1.94
язык	со	Ins	1	1.6
эквивалентность	ввиду	Gen	1	4.38
эквивалентность	против	Gen	1	4.2
эквивалентность	после	Gen	1	3.49
эквивалентность	под	Ins	1	3.41
эквивалентность	на	Gen	1	3.0
эквивалентность	с	Gen	1	1.53
эквивалентность	к	Dat	1	1.08
эквивалентность	на	Loc	1	0.45
эквивалентность	в	Acc	1	0.42
форма	на	Dat	1	2.28
форма	под	Ins	1	1.99
анализ	наподобие	Gen	1	2.55
анализ	по	Nom	1	2.55
анализ	по	Loc	1	2.54
анализ	c	Ins	1	2.53
анализ	помимо	Gen	1	2.5
анализ	по	Ins	1	2.49
анализ	в	Nom	1	2.49
анализ	против	Gen	1	2.48
анализ	вместо	Gen	1	2.4
анализ	согласно	Dat	1	2.35
анализ	за	Gen	1	2.31
анализ	об	Loc	1	2.3
анализ	до	Gen	1	1.74
идея	к	Nom	1	3.35
идея	о	Gen	1	3.33
идея	на	Nom	1	3.26
идея	при	Gen	1	3.14
идея	через	Gen	1	3.14
идея	со	Gen	1	3.03
идея	про	Acc	1	3.03
идея	согласно	Dat	1	3.02
идея	за	Gen	1	2.95
идея	среди	Gen	1	2.94
идея	относительно	Gen	1	2.83
идея	под	Ins	1	2.78
идея	через	Acc	1	2.56
идея	на	Gen	1	2.5
идея	со	Ins	1	2.46
идея	в	Gen	1	1.6
идея	для	Gen	1	0.11
утверждение	за	Gen	1	1.85
последовательность	из	Nom	1	1.79
последовательность	с	Acc	1	1.78
последовательность	о	Acc	1	1.78
последовательность	после	Gen	1	1.59
половина	свыше	Gen	1	3.94
половина	минус	Nom	1	3.94
половина	внутрь	Gen	1	3.93
половина	о	Gen	1	3.91
половина	вблизи	Gen	1	3.89
половина	к	Loc	1	3.88
половина	вокруг	Gen	1	3.67
половина	без	Gen	1	2.92
половина	от	Gen	1	1.69
вывод	по	Gen	1	3.48
вывод	согласно	Dat	1	3.39
вывод	об	Loc	1	3.29
вывод	после	Gen	1	3.14
вывод	за	Acc	1	2.42
рассуждение	за	Dat	1	3.85
рассуждение	к	Ins	1	3.84
рассуждение	плюс	Nom	1	3.83
рассуждение	c	Gen	1	3.72
рассуждение	вместо	Gen	1	3.51
рассуждение	относительно	Gen	1	3.15
рассуждение	после	Gen	1	3.15
рассуждение	под	Ins	1	3.09
рассуждение	над	Ins	1	2.82
рассуждение	со	Ins	1	2.7
рассуждение	между	Ins	1	2.57
рассуждение	до	Gen	1	2.33
компьютер	помимо	Gen	1	4.35
компьютер	под	Acc	1	4.33
компьютер	на	Nom	1	4.33
компьютер	по	Ins	1	4.31
компьютер	в	Nom	1	4.31
компьютер	против	Gen	1	4.28
компьютер	внутри	Gen	1	4.01
компьютер	за	Ins	1	3.98
компьютер	через	Acc	1	3.11
компьютер	со	Ins	1	2.97
компьютер	при	Loc	1	2.04
скорость	-	Loc	1	3.5
скорость	без	Loc	1	3.5
скорость	из	Loc	1	3.49
скорость	за	Loc	1	3.49
скорость	до	Nom	1	3.49
скорость	c	Nom	1	3.48
скорость	ради	Gen	1	3.47
скорость	о	Gen	1	3.47
скорость	-	Gen	1	3.39
скорость	против	Gen	1	3.36
скорость	в	Ins	1	3.23
скорость	под	Ins	1	2.87
скорость	на	Gen	1	2.58
результат	о	Dat	1	1.8
результат	для	Nom	1	1.79
результат	о	Acc	1	1.79
результат	в	Dat	1	1.79
дело	𝛼	Loc	1	2.7
дело	𝑘	Loc	1	2.7
дело	для	Loc	1	2.69
дело	к	Nom	1	2.69
дело	о	Acc	1	2.68
дело	под	Acc	1	2.64
дело	кроме	Gen	1	2.59
дело	за	Ins	1	2.52
дело	об	Loc	1	2.42
дело	после	Gen	1	2.34
закон	ввиду	Gen	1	3.05
закон	благодаря	Dat	1	3.02
закон	кроме	Gen	1	2.94
закон	со	Gen	1	2.81
закон	после	Gen	1	2.63
направление	✅	Acc	1	3.45
направление	х	Acc	1	3.44
направление	от	Loc	1	3.44
направление	из	Loc	1	3.44
направление	с	Dat	1	3.43
направление	для	Acc	1	3.42
направление	к	Loc	1	3.39
направление	вне	Gen	1	3.33
направление	про	Acc	1	3.1
направление	за	Gen	1	3.02
направление	об	Loc	1	3.01
направление	под	Ins	1	2.84
направление	без	Gen	1	2.65
направление	через	Acc	1	2.61
направление	при	Loc	1	1.77
запись	𝑁	Ins	1	3.44
запись	из	Loc	1	3.43
запись	подобно	Dat	1	3.4
запись	п	Gen	1	3.25
запись	вокруг	Gen	1	3.23
запись	со	Gen	1	3.09
запись	про	Acc	1	3.09
запись	об	Loc	1	3.0
запись	над	Ins	1	2.6
запись	на	Gen	1	2.54
запись	между	Ins	1	2.38
основание	из	Nom	1	3.77
основание	c	Ins	1	3.73
основание	по	Ins	1	3.66
основание	кроме	Gen	1	3.56
основание	вокруг	Gen	1	3.55
основание	через	Gen	1	3.51
основание	в	Ins	1	3.48
основание	по	Gen	1	3.45
основание	за	Ins	1	3.44
основание	со	Gen	1	3.37
основание	согласно	Dat	1	3.36
математика	на	Dat	1	1.4
математика	над	Nom	1	1.4
математика	об	Dat	1	1.4
математика	поверх	Gen	1	1.4
математика	из	Ins	1	1.39
математика	к	Loc	1	1.39
математика	к	Gen	1	1.38
математика	п	Gen	1	1.35
математика	вокруг	Gen	1	1.35
математика	за	Ins	1	1.33
математика	со	Gen	1	1.31
математика	у	Gen	1	1.15
автор	подобно	Dat	1	3.11
автор	перед	Ins	1	3.03
автор	про	Acc	1	2.85
автор	согласно	Dat	1	2.84
автор	по	Dat	1	0.35
автор	на	Loc	1	0.32
вариант	плюс	Nom	1	3.06
вариант	с	Acc	1	3.04
вариант	𝑛	Gen	1	3.01
вариант	кроме	Gen	1	2.93
вариант	при	Gen	1	2.9
вариант	вместо	Gen	1	2.87
вариант	согласно	Dat	1	2.8
вариант	об	Loc	1	2.73
вариант	после	Gen	1	2.63
вариант	через	Acc	1	2.39
вариант	над	Ins	1	2.39
вариант	за	Acc	1	2.09
ошибка	при	Nom	1	3.64
ошибка	для	Nom	1	3.63
ошибка	из	Acc	1	3.63
ошибка	вследствие	Gen	1	3.63
ошибка	о	Acc	1	3.62
ошибка	благодаря	Dat	1	3.56
ошибка	под	Acc	1	3.54
ошибка	против	Gen	1	3.51
ошибка	относительно	Gen	1	3.03
ошибка	на	Gen	1	2.66
ошибка	со	Ins	1	2.61
ошибка	в	Gen	1	1.68
ошибка	с	Gen	1	1.4
-	у	Loc	1	0.16
-	в	?	1	0.16
-	у	Nom	1	0.16
-	о	Gen	1	0.15
-	из	Nom	1	0.15
-	на	Nom	1	0.14
-	в	Nom	1	0.14
-	вместо	Gen	1	0.13
-	после	Gen	1	0.09
-	о	Loc	1	-0.11
-	в	Gen	1	-0.18
-	от	Gen	1	-0.19
-	по	Dat	1	-0.65
-	с	Ins	1	-0.73
-	для	Gen	1	-0.79
исследование	ы	Gen	1	2.67
исследование	от	Ins	1	2.67
исследование	ради	Gen	1	2.66
исследование	в	Dat	1	2.64
исследование	посредством	Gen	1	2.64
исследование	помимо	Gen	1	2.62
исследование	на	Nom	1	2.61
исследование	-	Gen	1	2.61
исследование	вне	Gen	1	2.6
исследование	при	Gen	1	2.53
исследование	за	Gen	1	2.41
исследование	относительно	Gen	1	2.32
исследование	без	Gen	1	2.15
информация	согласно	Gen	1	3.2
информация	посредством	Gen	1	3.15
информация	к	Gen	1	3.13
информация	помимо	Gen	1	3.12
информация	благодаря	Dat	1	3.12
информация	кроме	Gen	1	3.04
информация	через	Gen	1	3.0
информация	при	Gen	1	3.0
информация	по	Gen	1	2.96
информация	согласно	Dat	1	2.89
информация	за	Gen	1	2.83
информация	над	Ins	1	2.46
информация	от	Gen	1	1.49
информация	в	Acc	1	0.31
изменение	из	Ins	1	4.22
изменение	благодаря	Dat	1	4.14
изменение	под	Acc	1	4.11
изменение	кроме	Gen	1	3.97
изменение	при	Gen	1	3.9
изменение	про	Acc	1	3.73
изменение	по	Acc	1	3.3
изменение	о	Loc	1	2.08
предмет	𝑘	Dat	1	4.16
предмет	после	Nom	1	4.16
предмет	п	Dat	1	4.15
предмет	между	Nom	1	4.15
предмет	п	Loc	1	4.1
предмет	благодаря	Dat	1	4.01
предмет	помимо	Gen	1	4.01
предмет	вместо	Gen	1	3.74
предмет	за	Ins	1	3.71
предмет	на	Gen	1	2.89
предмет	за	Acc	1	2.54
предмет	при	Loc	1	1.96
высказывание	вопреки	Dat	1	5.3
высказывание	перед	Ins	1	4.92
высказывание	про	Acc	1	4.34
высказывание	среди	Gen	1	4.13
высказывание	после	Gen	1	3.88
высказывание	у	Gen	1	3.36
высказывание	между	Ins	1	3.01
высказывание	в	Gen	1	1.95
высказывание	на	Acc	1	0.85
название	𝔤	Gen	1	3.55
название	сверх	Gen	1	3.55
название	перед	Ins	1	3.42
название	около	Gen	1	3.38
название	про	Acc	1	3.19
название	среди	Gen	1	3.08
название	над	Ins	1	2.66
название	между	Ins	1	2.44
название	за	Acc	1	2.31
буква	напротив	Gen	1	2.8
образ	о	Ins	1	1.45
образ	от	Ins	1	1.45
образ	у	Ins	1	1.45
образ	после	Acc	1	1.45
образ	𝑥	Acc	1	1.45
образ	𝑘	Ins	1	1.45
образ	до	Ins	1	1.45
образ	п	Ins	1	1.44
образ	с	Acc	1	1.44
образ	посредством	Gen	1	1.43
образ	от	Gen	1	0.71
таблица	х	Acc	1	3.07
таблица	в	Dat	1	3.04
таблица	с	Acc	1	3.03
таблица	к	Loc	1	3.03
таблица	посредством	Gen	1	3.02
таблица	вместо	Gen	1	2.86
таблица	за	Ins	1	2.84
таблица	под	Ins	1	2.58
таблица	через	Acc	1	2.38
таблица	между	Ins	1	2.2
таблица	до	Gen	1	2.01
связь	f	Gen	1	3.16
связь	за	Loc	1	3.16
связь	вопреки	Dat	1	3.15
связь	с	Loc	1	3.15
связь	против	Gen	1	3.06
связь	при	Gen	1	2.97
связь	между	Ins	1	2.24
отображение	𝐵	Gen	1	2.2
отображение	г	Gen	1	2.2
отображение	из	Loc	1	2.2
отображение	до	Nom	1	2.2
отображение	к	Nom	1	2.2
отображение	ф	Gen	1	2.2
отображение	с	Nom	1	2.19
отображение	вблизи	Gen	1	2.18
отображение	вдоль	Gen	1	2.12
отображение	через	Acc	1	1.79
внимание	в	Dat	1	4.33
внимание	вне	Gen	1	4.19
внимание	со	Ins	1	2.93
внимание	к	Dat	1	1.08
список	𝑖	Acc	1	3.32
список	помимо	Gen	1	3.24
список	в	Nom	1	3.22
список	против	Gen	1	3.2
список	в	Ins	1	3.08
список	среди	Gen	1	2.91
список	без	Gen	1	2.57
список	за	Acc	1	2.21
список	до	Gen	1	2.12
список	на	Loc	1	0.35
отрицание	вместо	Gen	1	4.84
отрицание	про	Acc	1	4.62
отрицание	под	Ins	1	3.96
отрицание	через	Acc	1	3.5
отрицание	со	Ins	1	3.31
отрицание	за	Acc	1	2.92
отрицание	на	Acc	1	0.88
сила	ƒ	Gen	1	3.01
сила	ξ	Acc	1	3.0
сила	над	Acc	1	3.0
сила	о	Ins	1	3.0
сила	плюс	Nom	1	2.99
сила	к	Acc	1	2.98
сила	о	Acc	1	2.98
сила	из	Acc	1	2.98
сила	с	Acc	1	2.97
сила	посредством	Gen	1	2.96
сила	-	Gen	1	2.93
сила	вдоль	Gen	1	2.87
сила	кроме	Gen	1	2.86
сила	вместо	Gen	1	2.8
сила	об	Loc	1	2.67
сила	со	Ins	1	2.26
место	наперёд	Loc	1	2.28
место	𝑛	Loc	1	2.27
место	из	Loc	1	2.27
место	напротив	Gen	1	2.27
место	перед	Ins	1	2.22
место	через	Gen	1	2.17
место	внутри	Gen	1	2.15
место	по	Gen	1	2.14
место	у	Gen	1	1.84
операция	к	Ins	1	2.62
операция	путем	Gen	1	2.61
операция	𝑛	Gen	1	2.57
операция	в	Nom	1	2.56
итог	перед	Ins	1	4.55
итог	вместо	Gen	1	4.23
итог	о	Loc	1	2.19
итог	к	Dat	1	1.11
построение	для	Loc	1	3.26
построение	c	Acc	1	3.25
построение	из	Nom	1	3.25
построение	для	Acc	1	3.25
построение	путем	Gen	1	3.24
построение	𝑘	Gen	1	3.2
построение	перед	Ins	1	3.15
построение	про	Acc	1	2.96
построение	согласно	Dat	1	2.95
построение	под	Ins	1	2.72
лемма	вследствие	Gen	1	3.53
лемма	подобно	Dat	1	3.53
лемма	c	Gen	1	3.45
лемма	кроме	Gen	1	3.36
лемма	по	Gen	1	3.26
лемма	после	Gen	1	2.97
лемма	без	Gen	1	2.71
лемма	со	Ins	1	2.56
лемма	за	Acc	1	2.32
лемма	до	Gen	1	2.22
символ	𝑘	Dat	1	3.38
символ	𝑠	Ins	1	3.38
символ	𝑙	Gen	1	3.38
символ	минус	Nom	1	3.37
символ	к	Nom	1	3.36
символ	к	Gen	1	3.3
символ	помимо	Gen	1	3.29
символ	вокруг	Gen	1	3.18
символ	при	Gen	1	3.16
символ	через	Acc	1	2.57
символ	при	Loc	1	1.75
скобка	впереди	Gen	1	4.64
скобка	за	Loc	1	4.64
скобка	c	Acc	1	4.61
скобка	к	Loc	1	4.52
скобка	помимо	Gen	1	4.44
скобка	c	Gen	1	4.42
скобка	вне	Gen	1	4.39
скобка	п	Gen	1	4.24
скобка	кроме	Gen	1	4.24
скобка	через	Gen	1	4.16
скобка	со	Gen	1	3.94
скобка	за	Gen	1	3.8
скобка	через	Acc	1	3.15
скобка	к	Dat	1	1.1
знак	для	Ins	1	3.2
знак	м	Ins	1	3.2
знак	c	Dat	1	3.2
знак	насчёт	Gen	1	3.2
знак	про	Acc	1	2.91
знак	со	Gen	1	2.9
знак	об	Loc	1	2.83
знак	по	Acc	1	2.65
роль	о	Acc	1	3.91
роль	ввиду	Gen	1	3.9
роль	к	Gen	1	3.83
роль	благодаря	Dat	1	3.83
роль	c	Gen	1	3.81
роль	за	Ins	1	3.56
роль	по	Gen	1	3.56
роль	про	Acc	1	3.49
роль	согласно	Dat	1	3.47
роль	без	Gen	1	2.92
роль	с	Gen	1	1.46
роль	на	Loc	1	0.42
обозначение	взамен	Dat	1	3.77
обозначение	к	Nom	1	3.75
обозначение	для	Nom	1	3.74
обозначение	п	Loc	1	3.73
обозначение	-	Gen	1	3.64
обозначение	за	Ins	1	3.42
обозначение	у	Gen	1	2.78
обозначение	на	Gen	1	2.72
обозначение	со	Ins	1	2.66
обозначение	за	Acc	1	2.4
обозначение	о	Loc	1	1.95
конструкция	для	Loc	1	3.95
конструкция	про	Gen	1	3.95
конструкция	о	Gen	1	3.93
конструкция	ввиду	Gen	1	3.92
конструкция	благодаря	Dat	1	3.85
конструкция	-	Gen	1	3.82
конструкция	в	Nom	1	3.81
конструкция	вместо	Gen	1	3.6
конструкция	за	Ins	1	3.57
конструкция	со	Gen	1	3.49
конструкция	за	Gen	1	3.39
конструкция	через	Acc	1	2.87
конструкция	над	Ins	1	2.87
конструкция	между	Ins	1	2.62
конструкция	за	Acc	1	2.47
длина	к	Ins	1	1.87
длина	у	Ins	1	1.87
длина	около	Gen	1	1.82
длина	кроме	Gen	1	1.8
длина	над	Ins	1	1.53
член	г	Gen	1	2.14
член	от	Nom	1	2.14
член	за	Nom	1	2.14
член	с	Acc	1	2.12
член	к	Gen	1	2.1
член	-	Gen	1	2.1
член	за	Gen	1	1.95
помощь	помимо	Gen	1	2.43
помощь	против	Gen	1	2.41
помощь	по	Dat	1	0.24
принцип	вроде	Gen	1	3.31
принцип	у	Acc	1	3.31
принцип	из	Nom	1	3.3
принцип	посредством	Gen	1	3.27
принцип	помимо	Gen	1	3.24
принцип	кроме	Gen	1	3.15
принцип	вместо	Gen	1	3.07
принцип	об	Loc	1	2.92
принцип	среди	Gen	1	2.91
принцип	под	Ins	1	2.75
принцип	у	Gen	1	2.54
принцип	над	Ins	1	2.53
принцип	со	Ins	1	2.44
принцип	за	Acc	1	2.21
принцип	для	Gen	1	0.11
схема	сверх	Gen	1	3.3
схема	со	Acc	1	3.3
схема	от	Dat	1	3.3
схема	к	Acc	1	3.27
схема	подобно	Dat	1	3.27
схема	благодаря	Dat	1	3.22
схема	под	Acc	1	3.21
схема	на	Nom	1	3.21
схема	против	Gen	1	3.18
схема	вместо	Gen	1	3.06
схема	среди	Gen	1	2.9
схема	без	Gen	1	2.56
схема	до	Gen	1	2.12
модуль	𝕜	Dat	1	3.28
модуль	𝑛	Loc	1	3.27
модуль	𝒆	Gen	1	3.27
модуль	𝑉	Acc	1	3.27
модуль	c	Dat	1	3.27
модуль	посредством	Gen	1	3.22
модуль	к	Gen	1	3.2
модуль	вне	Gen	1	3.17
модуль	внутри	Gen	1	3.03
модуль	через	Acc	1	2.51
модуль	при	Loc	1	1.72
набор	𝜙	Gen	1	2.74
набор	𝑓	Acc	1	2.74
набор	𝑟	Gen	1	2.74
набор	сквозь	Acc	1	2.74
набор	𝑉	Gen	1	2.73
набор	𝑘	Gen	1	2.7
набор	𝑛	Gen	1	2.69
набор	п	Gen	1	2.62
существование	без	Acc	1	3.88
существование	от	Acc	1	3.87
существование	о	Gen	1	3.85
существование	ввиду	Gen	1	3.83
существование	помимо	Gen	1	3.76
существование	против	Gen	1	3.71
существование	кроме	Gen	1	3.63
существование	относительно	Gen	1	3.17
существование	под	Ins	1	3.11
существование	без	Gen	1	2.88
существование	через	Acc	1	2.83
существование	до	Gen	1	2.34
существование	от	Gen	1	1.67
умножение	взамен	Gen	1	3.2
умножение	𝕜	Acc	1	3.2
умножение	х	Loc	1	3.2
умножение	𝐵	Gen	1	3.2
умножение	при	Acc	1	3.19
умножение	в	Dat	1	3.16
умножение	посредством	Gen	1	3.15
умножение	помимо	Gen	1	3.12
умножение	по	Ins	1	3.11
умножение	кроме	Gen	1	3.04
умножение	в	Ins	1	2.98
умножение	под	Ins	1	2.67
умножение	без	Gen	1	2.5
умножение	над	Ins	1	2.46
умножение	со	Ins	1	2.37
алгебра	𝑒𝑛	Gen	1	2.85
алгебра	над	Nom	1	2.85
алгебра	𝕜	Acc	1	2.85
алгебра	δ	Gen	1	2.85
алгебра	c	Nom	1	2.85
алгебра	c	Ins	1	2.82
алгебра	помимо	Gen	1	2.79
алгебра	на	Nom	1	2.78
алгебра	в	Ins	1	2.68
алгебра	со	Gen	1	2.61
алгебра	за	Gen	1	2.56
алгебра	относительно	Gen	1	2.46
алгебра	у	Gen	1	2.25
алгебра	до	Gen	1	1.9
многочлен	𝑔	Gen	1	2.72
многочлен	𝑎𝑘	Gen	1	2.72
многочлен	𝑓	Acc	1	2.72
многочлен	𝑖	Acc	1	2.72
многочлен	𝑝𝑚	Gen	1	2.72
многочлен	𝑥𝑗	Loc	1	2.72
многочлен	𝑉	Gen	1	2.71
многочлен	для	Nom	1	2.7
многочлен	c	Ins	1	2.69
многочлен	п	Gen	1	2.6
многочлен	при	Gen	1	2.58
многочлен	по	Gen	1	2.54
многочлен	между	Ins	1	1.99
индукция	𝑘	Dat	1	3.69
индукция	до	Ins	1	3.69
индукция	о	Gen	1	3.66
индукция	на	Dat	1	3.66
индукция	по	Loc	1	3.66
индукция	против	Gen	1	3.54
индукция	вместо	Gen	1	3.38
индукция	через	Acc	1	2.74
индукция	в	Gen	1	1.69
индукция	на	Loc	1	0.39
индукция	в	Loc	1	-1.72
предположение	η	Loc	1	4.08
предположение	над	Loc	1	4.07
предположение	при	Ins	1	4.07
предположение	об	Gen	1	4.07
предположение	𝑓	Gen	1	4.06
предположение	на	Dat	1	4.04
предположение	для	Acc	1	4.04
предположение	с	Acc	1	4.0
предположение	при	Gen	1	3.73
предположение	по	Acc	1	3.18
предположение	со	Ins	1	2.79
предположение	между	Ins	1	2.66
произведение	впереди	Nom	1	2.27
произведение	𝑗	Acc	1	2.27
произведение	𝜓	Dat	1	2.27
произведение	𝑛	Gen	1	2.22
базис	𝑉	Acc	1	3.42
базис	𝒆	Acc	1	3.42
базис	𝛽	Gen	1	3.42
базис	𝑥	Loc	1	3.42
базис	c	Loc	1	3.41
базис	к	Gen	1	3.34
базис	на	Nom	1	3.32
базис	после	Gen	1	2.87
базис	со	Ins	1	2.49
базис	между	Ins	1	2.38
базис	за	Acc	1	2.25
композиция	относительно	Acc	1	4.3
композиция	с	Acc	1	4.21
композиция	при	Gen	1	3.91
композиция	внутри	Gen	1	3.84
композиция	об	Loc	1	3.59
композиция	через	Acc	1	3.02
композиция	со	Ins	1	2.88
класс	путем	Gen	1	1.93
класс	помимо	Gen	1	1.91
предел	оо	Acc	1	3.47
предел	c	Nom	1	3.46
предел	для	Acc	1	3.45
предел	вследствие	Gen	1	3.45
предел	с	Acc	1	3.42
предел	помимо	Gen	1	3.38
предел	при	Gen	1	3.24
предел	вместо	Gen	1	3.2
предел	у	Gen	1	2.62
предел	при	Loc	1	1.78
константа	плюс	Gen	1	4.31
константа	𝑛	Ins	1	4.31
константа	c	Nom	1	4.3
константа	с	Nom	1	4.25
константа	𝑘	Gen	1	4.19
константа	𝑛	Gen	1	4.15
константа	кроме	Gen	1	3.99
константа	про	Acc	1	3.74
константа	среди	Gen	1	3.6
константа	у	Gen	1	3.03
константа	между	Ins	1	2.74
константа	с	Gen	1	1.52
момент	τ	Acc	1	3.28
момент	плюс	Dat	1	3.28
момент	через	Dat	1	3.28
момент	вроде	Gen	1	3.27
момент	+	Acc	1	3.27
момент	к	Acc	1	3.24
момент	с	Acc	1	3.23
момент	в	Nom	1	3.18
момент	про	Acc	1	2.97
момент	о	Loc	1	1.8
момент	при	Loc	1	1.72
выражение	𝐾	Gen	1	3.47
выражение	ê	Acc	1	3.47
выражение	путем	Nom	1	3.47
выражение	αβ	Gen	1	3.47
выражение	х	Acc	1	3.46
выражение	п	Nom	1	3.46
выражение	через	Loc	1	3.45
выражение	п	Acc	1	3.45
выражение	о	Gen	1	3.44
выражение	ради	Gen	1	3.44
выражение	𝑥	Gen	1	3.44
выражение	при	Gen	1	3.23
выражение	внутри	Gen	1	3.19
выражение	по	Gen	1	3.18
выражение	про	Acc	1	3.12
прямоугольник	внутрь	Gen	1	4.41
прямоугольник	с	Acc	1	4.34
прямоугольник	по	Ins	1	4.22
прямоугольник	без	Gen	1	3.13
прямоугольник	над	Ins	1	3.07
тип	𝑦	Gen	1	2.72
тип	про	Gen	1	2.71
тип	п	Dat	1	2.71
тип	𝑉	Gen	1	2.71
тип	𝑓	Gen	1	2.71
тип	к	Gen	1	2.66
тип	под	Acc	1	2.65
тип	со	Gen	1	2.5
тип	среди	Gen	1	2.44
тип	об	Loc	1	2.44
тип	за	Acc	1	1.9
размер	δ	Gen	1	2.95
размер	ψ	Gen	1	2.95
размер	до	Acc	1	2.94
размер	к	Ins	1	2.94
размер	из	Ins	1	2.92
размер	помимо	Gen	1	2.88
размер	п	Gen	1	2.81
размер	по	Gen	1	2.74
размер	без	Gen	1	2.34
размер	с	Gen	1	1.22
цикл	𝑛	Nom	1	2.67
цикл	п	Dat	1	2.67
цикл	относительно	Gen	1	2.32
мера	при	Acc	1	2.5
мера	свыше	Gen	1	2.5
мера	ξ	Gen	1	2.5
мера	λ	Gen	1	2.5
мера	η	Gen	1	2.5
мера	о	Gen	1	2.49
мера	на	Dat	1	2.49
мера	посредством	Gen	1	2.47
мера	по	Acc	1	2.14
множитель	впереди	Gen	1	4.07
множитель	𝑛	Nom	1	4.07
множитель	𝜇𝜗	Gen	1	4.07
множитель	за	Loc	1	4.07
множитель	𝑓	Gen	1	4.06
множитель	𝑑	Gen	1	4.06
множитель	от	Acc	1	4.05
множитель	c	Nom	1	4.05
множитель	из	Nom	1	4.04
множитель	𝑘	Gen	1	3.96
множитель	благодаря	Dat	1	3.94
множитель	на	Nom	1	3.91
множитель	в	Ins	1	3.69
множитель	вместо	Gen	1	3.68
множитель	за	Ins	1	3.65
множитель	за	Acc	1	2.51
множитель	на	Loc	1	0.42
неравенство	ê	Gen	1	2.68
неравенство	вблизи	Dat	1	2.68
неравенство	р	Gen	1	2.68
неравенство	п	Ins	1	2.67
неравенство	о	Nom	1	2.67
неравенство	c	Acc	1	2.67
неравенство	вследствие	Gen	1	2.66
неравенство	с	Nom	1	2.65
неравенство	к	Gen	1	2.63
неравенство	в	Ins	1	2.52
неравенство	среди	Gen	1	2.4
неравенство	относительно	Gen	1	2.32
неравенство	у	Gen	1	2.13
неравенство	между	Ins	1	1.97
сложность	относительно	Ins	1	3.04
сложность	до	Nom	1	3.03
сложность	вопреки	Dat	1	3.03
сложность	плюс	Nom	1	3.02
сложность	к	Gen	1	2.97
сложность	помимо	Gen	1	2.97
сложность	под	Acc	1	2.96
сложность	перед	Ins	1	2.94
сложность	за	Ins	1	2.82
сложность	со	Gen	1	2.77
сложность	об	Loc	1	2.7
сложность	без	Gen	1	2.4
сложность	на	Gen	1	2.32
сложность	за	Acc	1	2.07
оценка	π	Loc	1	2.76
оценка	ϕ	Loc	1	2.76
оценка	вместо	Ins	1	2.76
оценка	у	Nom	1	2.75
оценка	о	Acc	1	2.74
оценка	ввиду	Gen	1	2.73
оценка	за	Ins	1	2.57
оценка	относительно	Gen	1	2.38
оценка	по	Acc	1	2.33
оценка	через	Acc	1	2.18
оценка	за	Acc	1	1.92
точность	к	Ins	1	3.36
точность	из	Loc	1	3.36
точность	для	Ins	1	3.36
точность	n	Gen	1	3.35
точность	в	Dat	1	3.32
точность	с	Acc	1	3.32
точность	в	Ins	1	3.12
точность	вместо	Gen	1	3.11
точность	за	Gen	1	2.96
точность	об	Loc	1	2.95
точность	под	Ins	1	2.78
точность	в	Acc	1	0.33
точность	из	Gen	1	0.05
выбор	вопреки	Dat	1	3.11
выбор	вследствие	Gen	1	3.09
выбор	благодаря	Dat	1	3.04
выбор	при	Gen	1	2.93
выбор	среди	Gen	1	2.75
выбор	у	Gen	1	2.41
бит	𝑞	Gen	1	4.05
бит	𝑥	Acc	1	4.03
бит	𝑚	Gen	1	4.02
бит	с	Dat	1	4.02
бит	n	Gen	1	4.02
бит	после	Gen	1	3.27
возможность	ради	Gen	1	3.54
возможность	для	Acc	1	3.53
возможность	ввиду	Gen	1	3.52
возможность	помимо	Gen	1	3.46
возможность	перед	Ins	1	3.42
возможность	у	Gen	1	2.67
возможность	над	Ins	1	2.66
дерево	обо	Loc	1	2.7
дерево	мимо	Gen	1	2.7
дерево	г	Gen	1	2.7
дерево	к	Loc	1	2.67
дерево	п	Gen	1	2.58
дерево	внутри	Gen	1	2.53
дерево	об	Loc	1	2.42
игра	вроде	Gen	1	2.88
игра	с	Loc	1	2.88
игра	к	Loc	1	2.86
игра	на	Nom	1	2.82
игра	в	Nom	1	2.81
игра	относительно	Gen	1	2.49
команда	посредством	Gen	1	4.32
команда	помимо	Gen	1	4.26
команда	по	Ins	1	4.23
команда	кроме	Gen	1	4.09
команда	п	Gen	1	4.08
команда	вместо	Gen	1	3.95
действие	относительно	Nom	1	3.45
действие	𝜑	Ins	1	3.44
действие	𝑓	Gen	1	3.43
действие	о	Acc	1	3.42
действие	для	Nom	1	3.42
действие	c	Ins	1	3.39
действие	за	Ins	1	3.16
действие	среди	Gen	1	3.01
действие	после	Gen	1	2.89
действие	у	Gen	1	2.6
вычисление	ради	Gen	1	2.77
вычисление	для	Nom	1	2.77
вычисление	из	Acc	1	2.76
вычисление	посредством	Gen	1	2.74
вычисление	на	Nom	1	2.72
вычисление	c	Gen	1	2.72
вычисление	кроме	Gen	1	2.66
вычисление	по	Gen	1	2.6
вычисление	относительно	Gen	1	2.4
путь	между	Dat	1	2.06
конец	𝜇	Ins	1	2.67
конец	до	Acc	1	2.66
конец	напротив	Gen	1	2.66
конец	вблизи	Gen	1	2.64
конец	𝑘	Gen	1	2.62
конец	по	Gen	1	2.49
конец	за	Ins	1	2.49
конец	среди	Gen	1	2.39
конец	над	Ins	1	2.12
конец	при	Loc	1	1.48
цифра	𝑘	Gen	1	2.61
преобразование	𝑉	Nom	1	2.94
преобразование	𝑔	Gen	1	2.94
преобразование	плюс	Gen	1	2.94
преобразование	𝑉	Gen	1	2.93
преобразование	в	Dat	1	2.91
преобразование	перед	Ins	1	2.85
преобразование	вдоль	Gen	1	2.81
преобразование	между	Ins	1	2.13
круг	поперёк	Gen	1	3.66
круг	полукруг	Gen	1	3.66
круг	мимо	Gen	1	3.65
круг	внутрь	Gen	1	3.64
круг	от	Ins	1	3.64
круг	помимо	Gen	1	3.55
круг	перед	Ins	1	3.51
круг	вокруг	Gen	1	3.42
круг	в	Ins	1	3.36
круг	без	Gen	1	2.76
круг	со	Ins	1	2.61
раз	π	Gen	1	2.11
раз	𝑑	Acc	1	2.11
раз	о	Acc	1	2.1
раз	𝑥	Gen	1	2.1
раз	к	Gen	1	2.07
ход	за	Loc	1	3.36
ход	над	Gen	1	3.36
ход	п	Nom	1	3.36
ход	на	Dat	1	3.34
ход	о	Acc	1	3.34
ход	𝑘	Gen	1	3.3
ход	по	Acc	1	2.76
ход	между	Ins	1	2.35
замечание	о	Acc	1	4.45
замечание	с	Acc	1	4.41
замечание	на	Nom	1	4.3
замечание	кроме	Gen	1	4.14
замечание	до	Gen	1	2.53
замечание	в	Gen	1	1.85
замечание	в	Acc	1	0.43
замечание	для	Gen	1	0.2
переход	от	Loc	1	3.88
переход	к	Ins	1	3.87
переход	вблизи	Gen	1	3.82
переход	-	Gen	1	3.75
переход	c	Gen	1	3.74
переход	кроме	Gen	1	3.63
переход	при	Gen	1	3.58
переход	про	Acc	1	3.44
переход	без	Gen	1	2.88
переход	над	Ins	1	2.83
переход	через	Acc	1	2.83
переход	у	Gen	1	2.83
переход	на	Gen	1	2.77
переход	в	Acc	1	0.38
корень	ℝ	Gen	1	2.89
корень	c	Acc	1	2.88
корень	𝑠	Gen	1	2.88
корень	к	Acc	1	2.86
корень	c	Ins	1	2.85
корень	про	Acc	1	2.65
корень	за	Gen	1	2.58
корень	со	Ins	1	2.19
корень	при	Loc	1	1.57
движение	𝑔	Ins	1	2.95
движение	порядок	Gen	1	2.95
движение	ο	Loc	1	2.95
движение	на	Nom	1	2.88
движение	п	Gen	1	2.82
движение	среди	Gen	1	2.63
движение	над	Ins	1	2.31
прогрессия	п	Acc	1	5.18
прогрессия	из	Nom	1	5.16
прогрессия	-	Gen	1	4.91
прогрессия	c	Gen	1	4.9
прогрессия	вместо	Gen	1	4.46
прогрессия	за	Gen	1	4.1
прогрессия	на	Gen	1	3.24
прогрессия	от	Gen	1	1.88
прогрессия	к	Dat	1	1.14
прогрессия	на	Acc	1	0.85
прогрессия	на	Loc	1	0.49
ряд	о	Dat	1	2.26
ряд	при	Nom	1	2.26
ограничение	𝑒	Ins	1	4.06
ограничение	𝕜	Acc	1	4.05
ограничение	𝕜	Ins	1	4.05
ограничение	по	Loc	1	4.02
ограничение	для	Nom	1	4.01
ограничение	к	Acc	1	4.0
ограничение	на	Ins	1	4.0
ограничение	путем	Gen	1	4.0
ограничение	ввиду	Gen	1	4.0
ограничение	c	Ins	1	3.98
ограничение	благодаря	Dat	1	3.92
ограничение	согласно	Dat	1	3.54
ограничение	среди	Gen	1	3.43
ограничение	через	Acc	1	2.91
ограничение	на	Gen	1	2.84
ограничение	с	Gen	1	1.47
ограничение	на	Loc	1	0.42
событие	вокруг	Acc	1	2.68
событие	η	Gen	1	2.68
событие	𝑛	Acc	1	2.67
событие	о	Gen	1	2.66
событие	𝑥	Gen	1	2.66
событие	n	Gen	1	2.66
событие	к	Gen	1	2.63
пересечение	𝜑	Acc	1	3.48
пересечение	близ	Gen	1	3.48
пересечение	𝑥	Acc	1	3.47
пересечение	путем	Gen	1	3.45
пересечение	вблизи	Gen	1	3.44
пересечение	вне	Gen	1	3.36
пересечение	при	Gen	1	3.25
пересечение	за	Ins	1	3.19
пересечение	про	Acc	1	3.13
пересечение	за	Gen	1	3.04
пересечение	между	Ins	1	2.41
пересечение	от	Gen	1	1.58
отрезок	песовпадаю­	Gen	1	2.98
отрезок	на	Ins	1	2.96
отрезок	около	Gen	1	2.87
отрезок	кроме	Gen	1	2.84
край	зи	Gen	1	5.15
край	о	Acc	1	5.06
край	-	Gen	1	4.84
край	кроме	Gen	1	4.61
край	п	Gen	1	4.6
край	вместо	Gen	1	4.41
край	за	Gen	1	4.06
край	относительно	Gen	1	3.8
край	со	Ins	1	3.15
край	при	Loc	1	2.13
расстояние	х	Loc	1	3.15
расстояние	𝑖	Acc	1	3.15
расстояние	от	Loc	1	3.15
расстояние	до	Acc	1	3.14
расстояние	c	Nom	1	3.14
расстояние	для	Acc	1	3.13
расстояние	ввиду	Gen	1	3.12
расстояние	в	Nom	1	3.06
расстояние	об	Loc	1	2.79
граница	между	Nom	1	3.42
граница	𝛼	Gen	1	3.42
граница	+	Gen	1	3.41
граница	с	Loc	1	3.4
граница	из	Ins	1	3.38
граница	к	Loc	1	3.37
граница	на	Nom	1	3.32
граница	в	Ins	1	3.17
граница	внутри	Gen	1	3.15
ситуация	подобно	Dat	1	4.24
ситуация	до	Gen	1	2.47
термин	посредством	Gen	1	3.67
термин	вокруг	Gen	1	3.5
термин	у	Gen	1	2.77
термин	со	Ins	1	2.65
термин	до	Gen	1	2.3
термин	о	Loc	1	1.95
термин	в	Gen	1	1.7
термин	по	Dat	1	0.43
термин	на	Loc	1	0.4
цепочка	𝑛	Ins	1	4.72
цепочка	внутрь	Gen	1	4.7
цепочка	с	Nom	1	4.65
цепочка	вместо	Gen	1	4.15
цепочка	об	Loc	1	3.84
цепочка	среди	Gen	1	3.83
цепочка	после	Gen	1	3.63
цепочка	относительно	Gen	1	3.62
цепочка	без	Gen	1	3.25
цепочка	у	Gen	1	3.18
цепочка	между	Ins	1	2.87
цепочка	о	Loc	1	2.17
цепочка	от	Gen	1	1.82
глава	ой	Gen	1	2.82
глава	о	Nom	1	2.82
глава	до	Nom	1	2.82
глава	★	Gen	1	2.82
глава	при	Nom	1	2.81
глава	из	Nom	1	2.81
глава	с	Nom	1	2.8
глава	на	Nom	1	2.75
глава	по	Ins	1	2.75
глава	-	Gen	1	2.75
глава	под	Acc	1	2.75
глава	против	Gen	1	2.74
глава	через	Gen	1	2.67
глава	за	Gen	1	2.53
глава	об	Loc	1	2.52
глава	без	Gen	1	2.26
глава	за	Acc	1	1.96
глава	о	Loc	1	1.62
аксиома	вроде	Gen	1	4.41
аксиома	из	Nom	1	4.39
аксиома	подобно	Dat	1	4.37
аксиома	посредством	Gen	1	4.31
аксиома	в	Nom	1	4.22
аксиома	вокруг	Gen	1	4.06
аксиома	при	Gen	1	4.01
аксиома	в	Ins	1	3.96
аксиома	на	Gen	1	3.0
аксиома	о	Loc	1	2.11
аксиома	при	Loc	1	2.02
жизнь	х	Loc	1	3.45
жизнь	о	Gen	1	3.42
жизнь	благодаря	Dat	1	3.36
жизнь	против	Gen	1	3.32
жизнь	вместо	Gen	1	3.18
жизнь	про	Acc	1	3.11
речь	посредством	Gen	1	4.8
речь	в	Nom	1	4.66
речь	по	Ins	1	4.66
речь	кроме	Gen	1	4.48
речь	за	Acc	1	2.75
речь	в	Gen	1	1.91
речь	от	Gen	1	1.85
речь	для	Gen	1	0.22
позиция	𝑒	Loc	1	4.03
позиция	𝑥	Loc	1	4.03
позиция	𝑒	Gen	1	4.02
позиция	от	Loc	1	4.02
позиция	𝑠	Gen	1	4.01
позиция	от	Ins	1	4.01
позиция	о	Gen	1	3.99
позиция	к	Loc	1	3.95
позиция	благодаря	Dat	1	3.9
позиция	на	Nom	1	3.88
позиция	п	Gen	1	3.75
позиция	со	Gen	1	3.53
позиция	после	Gen	1	3.26
позиция	под	Ins	1	3.19
позиция	через	Acc	1	2.9
процесс	φ	Loc	1	2.75
процесс	подобно	Dat	1	2.73
процесс	на	Nom	1	2.68
процесс	п	Gen	1	2.63
процесс	в	Ins	1	2.59
процесс	относительно	Gen	1	2.38
процесс	под	Ins	1	2.34
процесс	без	Gen	1	2.21
процесс	на	Gen	1	2.13
цепь	посредством	Gen	1	4.48
цепь	к	Gen	1	4.42
цепь	про	Acc	1	3.93
цепь	за	Gen	1	3.78
цепь	без	Gen	1	3.2
цепь	через	Acc	1	3.14
цепь	с	Gen	1	1.55
объединение	через	Ins	1	4.08
объединение	подобно	Dat	1	4.03
объединение	о	Acc	1	4.03
объединение	вне	Gen	1	3.9
объединение	против	Gen	1	3.88
объединение	в	Ins	1	3.7
объединение	про	Acc	1	3.58
объединение	за	Gen	1	3.46
объединение	у	Gen	1	2.92
объединение	между	Ins	1	2.66
объединение	с	Gen	1	1.48
противоречие	по	Gen	1	4.46
противоречие	без	Gen	1	3.42
противоречие	за	Acc	1	2.82
противоречие	о	Loc	1	2.25
противоречие	с	Gen	1	1.62
пространство	о	Nom	1	1.24
пространство	кроме	Gen	1	1.2
область	после	Nom	1	2.05
область	к	Acc	1	2.04
область	по	Ins	1	2.01
область	-	Gen	1	2.01
область	под	Acc	1	2.01
область	в	Nom	1	2.01
область	вместо	Gen	1	1.94
область	за	Gen	1	1.87
деление	наподобие	Gen	1	3.68
деление	c	Loc	1	3.67
деление	c	Acc	1	3.66
деление	из	Acc	1	3.65
деление	п	Loc	1	3.64
деление	подобно	Dat	1	3.64
деление	через	Gen	1	3.42
деление	согласно	Dat	1	3.27
деление	за	Acc	1	2.36
человек	среди	Nom	1	2.58
человек	о	Gen	1	2.57
человек	n	Gen	1	2.57
человек	от	Acc	1	2.57
человек	с	Acc	1	2.55
человек	к	Gen	1	2.53
человек	вместо	Gen	1	2.43
раздел	поверх	Gen	1	3.6
раздел	по	Gen	1	3.29
раздел	про	Acc	1	3.23
раздел	об	Loc	1	3.13
раздел	под	Ins	1	2.94
раздел	через	Acc	1	2.69
раздел	над	Ins	1	2.69
раздел	от	Gen	1	1.61
структура	благодаря	Loc	1	3.28
структура	𝐵	Acc	1	3.28
структура	подобно	Loc	1	3.28
структура	к	Nom	1	3.27
структура	у	Acc	1	3.27
структура	+	Gen	1	3.27
структура	вследствие	Gen	1	3.26
структура	-	Gen	1	3.19
структура	c	Gen	1	3.19
структура	за	Gen	1	2.89
структура	под	Ins	1	2.73
наука	і	Gen	1	1.82
наука	на	Dat	1	1.81
наука	ради	Gen	1	1.81
наука	вне	Gen	1	1.78
наука	по	Ins	1	1.78
наука	вместо	Gen	1	1.72
наука	без	Gen	1	1.51
наука	до	Gen	1	1.28
наука	на	Loc	1	0.05
шар	𝑠	Loc	1	3.69
шар	𝑒	Gen	1	3.68
шар	𝑠	Gen	1	3.68
шар	о	Acc	1	3.65
шар	к	Gen	1	3.59
объект	о	Gen	1	2.42
объект	х	Gen	1	2.42
объект	на	Nom	1	2.38
основа	по	Gen	1	2.98
основа	относительно	Gen	1	2.73
основа	на	Gen	1	2.43
модель	ωk	Nom	1	2.29
модель	про	Acc	1	2.13
мир	без	Nom	1	3.05
мир	об	Dat	1	3.05
мир	благодаря	Gen	1	3.05
мир	сквозь	Acc	1	3.04
мир	между	Gen	1	3.04
мир	вместо	Acc	1	3.04
мир	при	Acc	1	3.03
мир	с	Loc	1	3.03
мир	с	Nom	1	3.02
мир	с	Acc	1	3.01
мир	по	Ins	1	2.96
мир	перед	Ins	1	2.95
мир	про	Acc	1	2.78
мир	среди	Gen	1	2.7
мир	после	Gen	1	2.6
мир	под	Ins	1	2.56
состояние	вблизи	Gen	1	3.04
состояние	𝑛	Gen	1	3.0
состояние	в	Nom	1	2.99
состояние	против	Gen	1	2.98
состояние	вместо	Gen	1	2.87
состояние	по	Gen	1	2.85
состояние	про	Acc	1	2.81
состояние	на	Gen	1	2.34
разбиение	отно­	Gen	1	3.7
разбиение	+	Acc	1	3.68
разбиение	из	Acc	1	3.66
разбиение	х	Gen	1	3.66
разбиение	с	Acc	1	3.64
разбиение	c	Gen	1	3.57
разбиение	п	Gen	1	3.47
разбиение	внутри	Gen	1	3.38
разбиение	согласно	Dat	1	3.28
разбиение	за	Gen	1	3.2
разбиение	среди	Gen	1	3.19
разбиение	под	Ins	1	2.99
разбиение	через	Acc	1	2.74
данных	впереди	Gen	1	3.28
данных	о	Gen	1	3.25
данных	к	Gen	1	3.2
данных	-	Gen	1	3.19
данных	кроме	Gen	1	3.11
данных	вместо	Gen	1	3.04
данных	по	Gen	1	3.02
данных	за	Gen	1	2.89
данных	относительно	Gen	1	2.77
соответствие	за	Nom	1	3.75
соответствие	𝕜	Gen	1	3.75
соответствие	ввиду	Gen	1	3.71
соответствие	-	Gen	1	3.63
соответствие	при	Gen	1	3.47
соответствие	за	Ins	1	3.4
соответствие	за	Gen	1	3.24
соответствие	об	Loc	1	3.23
соответствие	без	Gen	1	2.82
соответствие	через	Acc	1	2.77
качество	-	Gen	1	2.77
качество	помимо	Gen	1	2.77
качество	за	Gen	1	2.54
качество	об	Loc	1	2.53
качество	со	Ins	1	2.15
качество	в	Gen	1	1.42
качество	на	Loc	1	0.28
качество	в	Acc	1	0.25
равенство	м	Ins	1	2.47
равенство	τ	Acc	1	2.47
равенство	π	Dat	1	2.47
равенство	δ	Ins	1	2.47
равенство	порядок	Gen	1	2.46
равенство	от	Acc	1	2.46
равенство	п	Ins	1	2.46
равенство	с	Nom	1	2.45
равенство	ввиду	Gen	1	2.45
равенство	помимо	Gen	1	2.42
равенство	в	Nom	1	2.41
равенство	по	Gen	1	2.32
пункт	ради	Nom	1	4.35
пункт	к	Ins	1	4.32
пункт	по	Loc	1	4.3
пункт	в	Ins	1	3.9
пункт	за	Ins	1	3.85
пункт	со	Ins	1	2.9
ось	𝜑	Gen	1	3.63
ось	+	Nom	1	3.63
ось	между	Gen	1	3.62
ось	𝑥	Gen	1	3.61
ось	по	Loc	1	3.61
ось	кроме	Gen	1	3.42
ось	вместо	Gen	1	3.33
ось	об	Loc	1	3.15
ось	без	Gen	1	2.75
геометрия	кроме	Loc	1	2.62
геометрия	вроде	Gen	1	2.62
геометрия	для	Acc	1	2.61
геометрия	в	Dat	1	2.6
геометрия	по	Ins	1	2.56
геометрия	перед	Ins	1	2.55
геометрия	вне	Gen	1	2.55
геометрия	против	Gen	1	2.55
геометрия	кроме	Gen	1	2.51
геометрия	в	Ins	1	2.47
геометрия	над	Ins	1	2.09
геометрия	за	Acc	1	1.84
геометрия	при	Loc	1	1.46
окружность	у	Acc	1	2.96
окружность	з	Gen	1	2.96
окружность	через	Loc	1	2.96
окружность	вблизи	Gen	1	2.93
окружность	при	Gen	1	2.8
окружность	через	Gen	1	2.8
окружность	после	Gen	1	2.54
окружность	до	Gen	1	1.96
плоскость	через	Loc	1	2.71
плоскость	c	Acc	1	2.71
плоскость	вблизи	Gen	1	2.69
плоскость	𝑛	Gen	1	2.66
плоскость	кроме	Gen	1	2.6
плоскость	вокруг	Gen	1	2.59
плоскость	при	Gen	1	2.57
плоскость	по	Gen	1	2.54
плоскость	за	Gen	1	2.44
плоскость	об	Loc	1	2.44
плоскость	под	Ins	1	2.32
плоскость	при	Loc	1	1.5
остаток	δ	Ins	1	3.68
остаток	c	Nom	1	3.66
остаток	𝑥	Gen	1	3.65
остаток	для	Acc	1	3.65
остаток	благодаря	Dat	1	3.58
остаток	c	Gen	1	3.56
остаток	в	Ins	1	3.38
остаток	за	Ins	1	3.34
остаток	согласно	Dat	1	3.27
остаток	о	Loc	1	1.93
остаток	на	Loc	1	0.39
остаток	в	Acc	1	0.36
делитель	до	Nom	1	4.19
делитель	кроме	Gen	1	3.9
делитель	на	Gen	1	2.91
делитель	со	Ins	1	2.85
делитель	за	Acc	1	2.55
делитель	с	Gen	1	1.5
код	+	Acc	1	3.42
код	поверх	Gen	1	3.42
код	с	Loc	1	3.41
код	c	Ins	1	3.38
код	по	Ins	1	3.32
код	перед	Ins	1	3.3
код	кроме	Gen	1	3.24
код	при	Gen	1	3.2
код	внутри	Gen	1	3.16
код	про	Acc	1	3.09
код	среди	Gen	1	2.99
код	после	Gen	1	2.88
код	относительно	Gen	1	2.87
код	до	Gen	1	2.17
вектор	за	Ins	1	2.13
описание	ради	Gen	1	3.45
описание	для	Nom	1	3.44
описание	посредством	Gen	1	3.41
описание	перед	Ins	1	3.34
описание	вместо	Gen	1	3.19
описание	по	Acc	1	2.82
описание	без	Gen	1	2.66
описание	над	Ins	1	2.61
описание	между	Ins	1	2.4
комбинация	𝑆	Gen	1	4.51
комбинация	подобно	Dat	1	4.44
комбинация	на	Ins	1	4.43
комбинация	посредством	Gen	1	4.38
комбинация	по	Gen	1	3.96
комбинация	про	Acc	1	3.86
комбинация	со	Gen	1	3.85
комбинация	у	Gen	1	3.1
комбинация	на	Gen	1	3.02
комбинация	до	Gen	1	2.53
комбинация	о	Loc	1	2.13
цель	ради	Gen	1	3.93
цель	ввиду	Gen	1	3.9
цель	помимо	Gen	1	3.83
цель	на	Nom	1	3.81
цель	под	Acc	1	3.81
цель	вне	Gen	1	3.79
цель	против	Gen	1	3.78
цель	по	Gen	1	3.57
цель	об	Loc	1	3.37
цель	среди	Gen	1	3.37
цель	после	Gen	1	3.21
цель	без	Gen	1	2.92
цель	у	Gen	1	2.87
цель	над	Ins	1	2.87
цель	между	Ins	1	2.61
цель	за	Acc	1	2.47
цель	при	Loc	1	1.91
цель	на	Loc	1	0.42
применение	+	Gen	1	3.3
применение	по	Loc	1	3.29
применение	с	Acc	1	3.27
применение	посредством	Gen	1	3.26
применение	помимо	Gen	1	3.23
применение	по	Ins	1	3.21
применение	против	Gen	1	3.19
применение	по	Gen	1	3.05
применение	про	Acc	1	3.0
применение	со	Ins	1	2.43
угол	у	Nom	1	2.88
угол	возле	Gen	1	2.88
угол	𝑥	Acc	1	2.87
угол	𝑛	Gen	1	2.82
угол	в	Nom	1	2.8
угол	перед	Ins	1	2.79
угол	около	Gen	1	2.77
угол	со	Ins	1	2.18
координата	𝑠	Ins	1	3.35
координата	𝑟	Gen	1	3.34
координата	посредством	Gen	1	3.29
координата	c	Gen	1	3.25
координата	через	Gen	1	3.13
координата	по	Acc	1	2.75
координата	между	Ins	1	2.34
координата	до	Gen	1	2.13
координата	при	Loc	1	1.74
площадь	про	Loc	1	3.52
площадь	плюс	Nom	1	3.51
площадь	через	Loc	1	3.51
площадь	вместо	Gen	1	3.24
площадь	на	Gen	1	2.59
площадь	со	Ins	1	2.54
соотношение	х	Loc	1	3.02
соотношение	наподобие	Gen	1	3.02
соотношение	н	Gen	1	3.02
соотношение	со	Dat	1	3.02
соотношение	п	Nom	1	3.02
соотношение	из	Dat	1	3.02
соотношение	у	Nom	1	3.01
соотношение	для	Ins	1	3.01
соотношение	для	Acc	1	3.0
соотношение	ввиду	Gen	1	2.99
соотношение	с	Acc	1	2.98
соотношение	к	Gen	1	2.96
соотношение	c	Gen	1	2.94
соотношение	в	Nom	1	2.94
соотношение	у	Gen	1	2.35
соотношение	до	Gen	1	1.99
совокупность	через	Acc	1	3.31
столбец	𝑠	Acc	1	4.33
столбец	𝑡	Ins	1	4.33
столбец	𝑥	Ins	1	4.32
столбец	𝑘	Ins	1	4.32
столбец	𝑠	Gen	1	4.31
столбец	𝑟	Gen	1	4.31
столбец	𝑚	Gen	1	4.29
столбец	с	Loc	1	4.29
столбец	из	Acc	1	4.28
столбец	c	Ins	1	4.23
столбец	на	Nom	1	4.14
столбец	вне	Gen	1	4.12
столбец	около	Gen	1	4.05
столбец	при	Gen	1	3.93
столбец	вместо	Gen	1	3.87
столбец	за	Gen	1	3.62
столбец	на	Gen	1	2.96
столбец	до	Gen	1	2.48
столбец	о	Loc	1	2.09
столбец	на	Loc	1	0.44
диаграмма	𝜇	Dat	1	3.62
диаграмма	𝜓	Loc	1	3.62
диаграмма	𝑡	Gen	1	3.61
диаграмма	з	Gen	1	3.61
диаграмма	за	Nom	1	3.61
диаграмма	наподобие	Gen	1	3.61
диаграмма	к	Acc	1	3.58
диаграмма	под	Acc	1	3.5
диаграмма	после	Gen	1	3.0
диаграмма	без	Gen	1	2.75
диаграмма	со	Ins	1	2.59
игрок	𝑑	Gen	1	3.93
игрок	о	Gen	1	3.9
игрок	𝑘	Gen	1	3.84
игрок	к	Gen	1	3.82
игрок	вместо	Gen	1	3.57
игрок	среди	Gen	1	3.35
игрок	до	Gen	1	2.36
игрок	с	Gen	1	1.45
игрок	на	Loc	1	0.41
стратегия	𝑖	Nom	1	4.53
стратегия	против	Ins	1	4.53
стратегия	согласно	Gen	1	4.53
стратегия	для	Nom	1	4.48
стратегия	𝑛	Gen	1	4.34
стратегия	под	Acc	1	4.32
стратегия	в	Nom	1	4.3
стратегия	через	Gen	1	4.08
стратегия	внутри	Gen	1	4.0
стратегия	со	Gen	1	3.87
стратегия	без	Gen	1	3.17
стратегия	над	Ins	1	3.11
стратегия	на	Gen	1	3.03
стратегия	в	Acc	1	0.43
номер	ξ	Nom	1	3.48
номер	через	Nom	1	3.48
номер	𝜈	Acc	1	3.48
номер	х	Acc	1	3.47
номер	𝑑	Gen	1	3.47
номер	п	Ins	1	3.46
номер	𝑛	Gen	1	3.38
номер	помимо	Gen	1	3.38
номер	в	Nom	1	3.36
номер	по	Ins	1	3.36
номер	в	Ins	1	3.22
номер	среди	Gen	1	3.03
номер	у	Gen	1	2.62
номер	на	Gen	1	2.57
номер	между	Ins	1	2.4
читатель	из	Ins	1	4.63
читатель	на	Gen	1	3.1
читатель	в	Acc	1	0.44
симметрия	ради	Gen	1	3.78
симметрия	вследствие	Gen	1	3.77
симметрия	посредством	Gen	1	3.73
симметрия	благодаря	Dat	1	3.69
симметрия	перед	Ins	1	3.64
симметрия	при	Gen	1	3.51
симметрия	про	Acc	1	3.38
симметрия	согласно	Dat	1	3.36
симметрия	среди	Gen	1	3.26
симметрия	между	Ins	1	2.55
симметрия	в	Gen	1	1.71
симметрия	для	Gen	1	0.15
линия	обо	Gen	1	3.43
линия	от	Dat	1	3.43
линия	среди	Gen	1	2.99
график	наподобие	Gen	1	4.36
график	вроде	Gen	1	4.35
график	подобно	Dat	1	4.32
график	c	Gen	1	4.18
график	при	Gen	1	3.96
график	за	Ins	1	3.87
график	среди	Gen	1	3.63
график	за	Acc	1	2.6
график	до	Gen	1	2.49
счёт	от	Loc	1	4.59
счёт	𝑑	Ins	1	4.59
счёт	при	Acc	1	4.56
счёт	вне	Gen	1	4.34
счёт	около	Gen	1	4.27
счёт	через	Gen	1	4.13
счёт	при	Gen	1	4.12
счёт	в	Ins	1	4.08
счёт	за	Ins	1	4.01
счёт	про	Acc	1	3.92
счёт	согласно	Dat	1	3.9
счёт	за	Gen	1	3.77
счёт	до	Gen	1	2.55
счёт	от	Gen	1	1.8
счёт	из	Gen	1	0.14
алфавит	ø	Gen	1	4.75
алфавит	от	Ins	1	4.72
алфавит	вместо	Gen	1	4.15
алфавит	под	Ins	1	3.54
алфавит	через	Acc	1	3.19
алфавит	при	Loc	1	2.07
алфавит	в	Gen	1	1.89
дробь	𝑝	Gen	1	4.19
дробь	между	Nom	1	4.19
дробь	насчёт	Gen	1	4.18
дробь	𝑓	Gen	1	4.17
дробь	из	Ins	1	4.12
дробь	к	Gen	1	4.05
дробь	-	Gen	1	4.02
дробь	при	Gen	1	3.82
дробь	вместо	Gen	1	3.76
дробь	за	Gen	1	3.53
разность	𝛼	Gen	1	4.23
разность	про	Loc	1	4.22
разность	х	Gen	1	4.18
разность	из	Acc	1	4.18
разность	-	Gen	1	4.06
разность	кроме	Gen	1	3.92
разность	между	Ins	1	2.71
разность	до	Gen	1	2.45
грань	р	Gen	1	3.62
грань	𝛾	Gen	1	3.62
грань	𝒆	Dat	1	3.62
грань	сквозь	Acc	1	3.61
грань	𝑑	Gen	1	3.61
грань	при	Acc	1	3.6
грань	к	Ins	1	3.6
грань	c	Ins	1	3.56
грань	к	Gen	1	3.52
грань	вне	Gen	1	3.48
грань	в	Ins	1	3.33
грань	про	Acc	1	3.24
грань	под	Ins	1	2.94
грань	с	Gen	1	1.39
изучение	у	Dat	1	4.12
изучение	ва	Dat	1	4.12
изучение	мимо	Gen	1	4.11
изучение	за	Nom	1	4.11
изучение	с	Dat	1	4.09
изучение	посредством	Gen	1	4.02
изучение	благодаря	Dat	1	3.98
изучение	помимо	Gen	1	3.97
изучение	против	Gen	1	3.92
изучение	кроме	Gen	1	3.83
изучение	в	Ins	1	3.73
изучение	за	Ins	1	3.68
изучение	об	Loc	1	3.47
ребро	между	Gen	1	2.01
ребро	𝑖	Gen	1	2.01
ребро	после	Gen	1	1.78
занятие	по	Loc	1	4.43
занятие	на	Nom	1	4.27
занятие	перед	Ins	1	4.23
занятие	в	Ins	1	4.0
занятие	по	Gen	1	3.95
занятие	за	Ins	1	3.94
занятие	про	Acc	1	3.85
занятие	со	Gen	1	3.84
занятие	согласно	Dat	1	3.83
занятие	у	Gen	1	3.09
картинка	после	Nom	1	4.68
картинка	вроде	Gen	1	4.65
картинка	плюс	Nom	1	4.63
картинка	у	Gen	1	3.16
картинка	над	Ins	1	3.16
картинка	о	Loc	1	2.16
т	й	?	1	2.36
т	вдоль	?	1	2.36
т	у	?	1	2.36
т	до	?	1	2.36
т	вблизи	Gen	1	2.34
т	среди	Gen	1	2.13
т	на	Loc	1	0.18
город	про	Gen	1	3.59
город	n	Ins	1	3.59
город	от	Acc	1	3.59
город	п	Ins	1	3.58
город	внутрь	Gen	1	3.58
город	вблизи	Gen	1	3.55
город	к	Gen	1	3.5
город	перед	Ins	1	3.46
город	п	Gen	1	3.39
город	через	Gen	1	3.35
город	при	Gen	1	3.34
город	в	Ins	1	3.32
город	за	Ins	1	3.28
город	без	Gen	1	2.73
город	у	Gen	1	2.69
город	со	Ins	1	2.58
город	с	Gen	1	1.39
дорога	по	Loc	1	4.85
дорога	около	Gen	1	4.52
дорога	по	Gen	1	4.24
дорога	под	Ins	1	3.62
дорога	через	Acc	1	3.24
дорога	над	Ins	1	3.24
дорога	при	Loc	1	2.1
карта	й	Gen	1	3.6
карта	г	Gen	1	3.6
карта	про	Gen	1	3.59
карта	х	Gen	1	3.57
карта	на	Dat	1	3.57
карта	в	Dat	1	3.55
карта	вне	Gen	1	3.47
карта	п	Gen	1	3.39
карта	вместо	Gen	1	3.31
карта	внутри	Gen	1	3.3
карта	за	Ins	1	3.28
карта	за	Gen	1	3.13
карта	без	Gen	1	2.74
карта	на	Gen	1	2.63
карта	за	Acc	1	2.33
планета	по	Nom	1	5.15
планета	с	Dat	1	5.12
планета	на	Dat	1	5.09
планета	подобно	Dat	1	5.07
планета	около	Gen	1	4.71
планета	кроме	Gen	1	4.62
планета	со	Gen	1	4.24
планета	среди	Gen	1	4.05
планета	над	Ins	1	3.31
планета	в	Gen	1	1.94
планета	по	Dat	1	0.52
планета	в	Acc	1	0.46
маршрут	по	Nom	1	5.25
маршрут	+	Acc	1	5.25
маршрут	к	Gen	1	5.0
маршрут	в	Nom	1	4.92
маршрут	кроме	Gen	1	4.7
маршрут	через	Gen	1	4.59
маршрут	об	Loc	1	4.1
школьник	п	Dat	1	4.93
школьник	с	Dat	1	4.89
школьник	ради	Gen	1	4.88
школьник	перед	Ins	1	4.61
школьник	до	Gen	1	2.63
школьник	о	Loc	1	2.2
школьник	от	Gen	1	1.84
школьник	к	Dat	1	1.12
имя	насчёт	Gen	1	2.94
имя	против	Gen	1	2.85
имя	кроме	Gen	1	2.81
имя	в	Ins	1	2.76
имя	вместо	Gen	1	2.75
имя	относительно	Gen	1	2.52
имя	на	Gen	1	2.26
имя	о	Loc	1	1.67
имя	при	Loc	1	1.6
имя	с	Gen	1	1.22
рисунок	о	Gen	1	3.84
рисунок	c	Gen	1	3.74
рисунок	при	Gen	1	3.58
рисунок	за	Ins	1	3.5
рисунок	про	Acc	1	3.43
рисунок	согласно	Dat	1	3.42
рисунок	у	Gen	1	2.83
рисунок	о	Loc	1	1.98
рисунок	в	Acc	1	0.38
графа	+	Ins	1	3.82
графа	без	Loc	1	3.82
графа	путем	Loc	1	3.82
графа	у	Loc	1	3.81
графа	с	Loc	1	3.79
графа	для	Acc	1	3.78
графа	на	Dat	1	3.78
графа	к	Loc	1	3.75
графа	п	Gen	1	3.57
графа	при	Gen	1	3.52
графа	через	Acc	1	2.8
графа	у	Gen	1	2.8
графа	на	Gen	1	2.74
графа	с	Ins	1	0.26
упражнение	+	Nom	1	3.66
упражнение	𝑟	Dat	1	3.66
упражнение	путем	Gen	1	3.62
упражнение	с	Nom	1	3.62
упражнение	c	Gen	1	3.54
упражнение	об	Loc	1	3.17
упражнение	со	Ins	1	2.61
упражнение	на	Loc	1	0.39
цвет	𝑘	Acc	1	2.99
цвет	ф	Ins	1	2.99
цвет	к	Nom	1	2.98
цвет	п	Acc	1	2.98
цвет	для	Acc	1	2.98
цвет	в	Ins	1	2.8
цвет	про	Acc	1	2.73
цвет	за	Gen	1	2.67
треугольник	п	Dat	1	2.39
треугольник	𝜑	Acc	1	2.39
треугольник	подобно	Dat	1	2.37
треугольник	к	Acc	1	2.37
треугольник	с	Acc	1	2.36
клетка	𝜆𝑖	Gen	1	3.42
клетка	перед	Ins	1	3.29
клетка	вместо	Gen	1	3.15
клетка	за	Gen	1	3.0
доска	наподобие	Gen	1	4.08
доска	о	Acc	1	4.04
доска	под	Acc	1	3.93
доска	по	Ins	1	3.91
доска	против	Gen	1	3.89
доска	вокруг	Gen	1	3.78
доска	при	Gen	1	3.74
доска	вместо	Gen	1	3.69
доска	за	Ins	1	3.66
доска	про	Acc	1	3.58
доска	об	Loc	1	3.45
доска	над	Ins	1	2.92
доска	между	Ins	1	2.66
доска	за	Acc	1	2.51
доска	в	Gen	1	1.77
кусок	по	Gen	1	4.43
кусок	за	Gen	1	4.1
кусок	за	Acc	1	2.81
кусок	до	Gen	1	2.68
поверхность	близ	Gen	1	3.32
поверхность	𝓁	Gen	1	3.32
поверхность	сквозь	Loc	1	3.32
поверхность	𝑑	Gen	1	3.31
поверхность	подобно	Dat	1	3.29
поверхность	-	Gen	1	3.23
поверхность	под	Acc	1	3.22
поверхность	перед	Ins	1	3.2
поверхность	со	Gen	1	3.0
поверхность	за	Gen	1	2.92
поверхность	об	Loc	1	2.91
поверхность	при	Loc	1	1.73
параграф	х	Nom	1	5.41
параграф	из	Loc	1	5.39
параграф	у	Acc	1	5.37
параграф	помимо	Gen	1	5.08
параграф	через	Gen	1	4.67
параграф	за	Ins	1	4.51
параграф	в	Gen	1	1.96
параграф	по	Dat	1	0.53
перестановка	𝑔	Ins	1	3.27
перестановка	к	Ins	1	3.26
перестановка	на	Ins	1	3.24
перестановка	в	Dat	1	3.23
перестановка	посредством	Gen	1	3.21
перестановка	согласно	Dat	1	2.95
перестановка	без	Gen	1	2.54
день	накануне	Gen	1	3.17
день	плюс	Gen	1	3.16
день	подобно	Dat	1	3.14
день	спустя	Acc	1	3.14
день	вблизи	Gen	1	3.13
день	к	Gen	1	3.1
день	в	Nom	1	3.08
день	около	Gen	1	3.04
день	п	Gen	1	3.01
день	в	Ins	1	2.95
день	про	Acc	1	2.88
день	среди	Gen	1	2.8
день	у	Gen	1	2.44
раскраска	подобно	Dat	1	4.44
раскраска	к	Gen	1	4.33
раскраска	благодаря	Dat	1	4.33
раскраска	c	Gen	1	4.3
раскраска	при	Gen	1	4.06
раскраска	вместо	Gen	1	3.99
раскраска	среди	Gen	1	3.7
раскраска	относительно	Gen	1	3.51
раскраска	со	Ins	1	2.96
раскраска	в	Gen	1	1.85
раскраска	с	Gen	1	1.54
монета	-	Gen	1	3.79
монета	вокруг	Gen	1	3.66
монета	при	Gen	1	3.62
монета	за	Ins	1	3.54
монета	со	Gen	1	3.47
монета	среди	Gen	1	3.35
монета	об	Loc	1	3.35
монета	через	Acc	1	2.86
монета	при	Loc	1	1.91
монета	к	Dat	1	1.02
монета	в	Loc	1	-1.71
орёл	для	Acc	1	5.41
орёл	под	Acc	1	5.11
орёл	с	Gen	1	1.64
орёл	на	Loc	1	0.5
орёл	в	Acc	1	0.47
перебор	+	Nom	1	5.35
перебор	при	Ins	1	5.34
перебор	перед	Ins	1	4.93
перебор	против	Gen	1	4.92
перебор	в	Ins	1	4.57
перебор	вместо	Gen	1	4.53
перебор	над	Ins	1	3.36
перебор	до	Gen	1	2.7
перебор	на	Loc	1	0.49
перебор	в	Acc	1	0.47
рис	после	Acc	1	3.45
рис	наподобие	Acc	1	3.45
рис	у	Acc	1	3.44
рис	c	Nom	1	3.44
рис	из	Nom	1	3.43
рис	из	Acc	1	3.42
рис	с	Nom	1	3.41
рис	под	Acc	1	3.34
рис	с	Gen	1	1.35
матрица	ξ	Ins	1	2.26
матрица	ξ	Acc	1	2.26
матрица	𝜑	Acc	1	2.26
матрица	𝑀	Gen	1	2.26
матрица	𝑟	Acc	1	2.26
матрица	по	Nom	1	2.25
матрица	п	Acc	1	2.25
матрица	𝑛	Acc	1	2.25
матрица	𝑛	Loc	1	2.25
матрица	𝑑	Gen	1	2.25
матрица	𝑉	Acc	1	2.25
матрица	по	Acc	1	1.94
распределение	µ	Ins	1	2.34
распределение	ξ	Dat	1	2.34
распределение	ξ	Gen	1	2.33
распределение	𝑥	Gen	1	2.32
распределение	под	Acc	1	2.29
распределение	при	Gen	1	2.22
распределение	вместо	Gen	1	2.21
распределение	под	Ins	1	2.02
кость	n	Gen	1	4.69
кость	о	Gen	1	4.68
кость	с	Acc	1	4.63
кость	к	Gen	1	4.54
кость	помимо	Gen	1	4.53
кость	вокруг	Gen	1	4.29
кость	при	Gen	1	4.23
кость	среди	Gen	1	3.84
кость	за	Acc	1	2.7
кость	до	Gen	1	2.59
кость	от	Gen	1	1.82
кость	к	Dat	1	1.11
кость	по	Dat	1	0.5
кость	в	Acc	1	0.44
ожидание	под	Gen	1	4.07
ожидание	против	Nom	1	4.07
ожидание	вопреки	Dat	1	4.05
ожидание	помимо	Gen	1	3.93
ожидание	-	Gen	1	3.91
ожидание	в	Ins	1	3.69
ожидание	об	Loc	1	3.44
ожидание	после	Gen	1	3.28
ожидание	у	Gen	1	2.92
ожидание	до	Gen	1	2.4
ожидание	в	Gen	1	1.77
ожидание	с	Gen	1	1.48
ожидание	из	Gen	1	0.11
эксперимент	вроде	Gen	1	4.32
эксперимент	n	Gen	1	4.3
эксперимент	ради	Gen	1	4.3
эксперимент	в	Ins	1	3.9
эксперимент	за	Ins	1	3.84
эксперимент	под	Ins	1	3.36
эксперимент	у	Gen	1	3.04
эксперимент	через	Acc	1	3.04
эксперимент	за	Acc	1	2.59
отражение	n	Ins	1	4.61
отражение	с	Acc	1	4.52
отражение	𝑛	Gen	1	4.42
отражение	-	Gen	1	4.4
отражение	в	Ins	1	4.1
отражение	внутри	Gen	1	4.07
отражение	о	Loc	1	2.15
отражение	в	Gen	1	1.87
отражение	от	Gen	1	1.8
отражение	к	Dat	1	1.09
отражение	на	Acc	1	0.81
отражение	на	Loc	1	0.46
доля	через	Loc	1	4.22
доля	х	Gen	1	4.2
доля	на	Dat	1	4.2
доля	из	Ins	1	4.17
доля	посредством	Gen	1	4.14
доля	на	Nom	1	4.07
доля	в	Nom	1	4.05
доля	по	Ins	1	4.05
доля	кроме	Gen	1	3.93
доля	вместо	Gen	1	3.8
доля	после	Gen	1	3.38
предложение	вроде	Gen	1	4.69
предложение	по	Loc	1	4.66
предложение	о	Acc	1	4.64
предложение	с	Nom	1	4.62
предложение	перед	Ins	1	4.43
предложение	по	Gen	1	4.11
предложение	у	Gen	1	3.18
предложение	над	Ins	1	3.17
фигура	между	Gen	1	4.01
фигура	+	Gen	1	4.0
фигура	посредством	Gen	1	3.93
фигура	к	Gen	1	3.9
фигура	помимо	Gen	1	3.89
фигура	под	Acc	1	3.87
фигура	вместо	Gen	1	3.64
фигура	по	Gen	1	3.62
фигура	про	Acc	1	3.54
фигура	без	Gen	1	2.95
фигура	через	Acc	1	2.9
фигура	между	Ins	1	2.64
положение	s	Gen	1	3.98
положение	касательно	Gen	1	3.98
положение	ввиду	Gen	1	3.93
положение	в	Nom	1	3.82
положение	вне	Gen	1	3.81
положение	против	Gen	1	3.8
положение	п	Gen	1	3.71
положение	про	Acc	1	3.51
положение	со	Gen	1	3.5
положение	после	Gen	1	3.23
положение	под	Ins	1	3.16
положение	над	Ins	1	2.88
положение	через	Acc	1	2.88
разложение	согласно	Nom	1	3.54
разложение	𝑉	Nom	1	3.53
разложение	𝜑	Gen	1	3.53
разложение	𝑟	Acc	1	3.53
разложение	+	Nom	1	3.53
разложение	𝑓	Gen	1	3.52
разложение	n	Gen	1	3.51
разложение	помимо	Gen	1	3.44
разложение	-	Gen	1	3.43
разложение	в	Nom	1	3.42
разложение	про	Acc	1	3.17
разложение	за	Gen	1	3.08
разложение	об	Loc	1	3.07
разложение	за	Acc	1	2.3
многоугольник	про	Acc	1	3.92
многоугольник	между	Ins	1	2.83
стрелка	𝜇	Gen	1	4.03
стрелка	𝜇	Acc	1	4.03
стрелка	перед	Dat	1	4.03
стрелка	вместо	Nom	1	4.03
стрелка	𝜑	Acc	1	4.02
стрелка	между	Gen	1	4.01
стрелка	из	Nom	1	4.0
стрелка	плюс	Nom	1	4.0
стрелка	п	Loc	1	3.98
стрелка	𝑘	Gen	1	3.92
стрелка	в	Nom	1	3.86
стрелка	перед	Ins	1	3.84
стрелка	за	Ins	1	3.61
стрелка	о	Loc	1	2.02
стрелка	при	Loc	1	1.93
куб	посредством	Gen	1	4.32
куб	к	Gen	1	4.28
куб	кроме	Gen	1	4.09
куб	вместо	Gen	1	3.95
куб	за	Ins	1	3.91
куб	через	Acc	1	3.08
куб	над	Ins	1	3.07
кубик	𝑡	Gen	1	4.83
кубик	помимо	Gen	1	4.61
кубик	в	Nom	1	4.56
кубик	п	Gen	1	4.38
кубик	внутри	Gen	1	4.21
кубик	над	Ins	1	3.21
кубик	со	Ins	1	3.06
кубик	между	Ins	1	2.9
сфера	б	Loc	1	4.15
сфера	между	Loc	1	4.15
сфера	около	Loc	1	4.15
сфера	относительно	Loc	1	4.15
сфера	𝑛	Loc	1	4.14
сфера	на	Dat	1	4.11
сфера	о	Acc	1	4.1
сфера	к	Loc	1	4.06
сфера	помимо	Gen	1	4.0
сфера	п	Gen	1	3.85
сфера	вокруг	Gen	1	3.83
сфера	вместо	Gen	1	3.73
сфера	за	Ins	1	3.7
сфера	со	Gen	1	3.62
сфера	об	Loc	1	3.49
сфера	с	Gen	1	1.49
редактура	за	Acc	1	3.07
редактура	к	Dat	1	1.22
редактура	с	Ins	1	0.39
частота	до	Acc	1	4.48
частота	помимо	Gen	1	4.31
частота	-	Gen	1	4.29
частота	про	Acc	1	3.86
частота	за	Gen	1	3.72
частота	под	Ins	1	3.43
частота	через	Acc	1	3.1
частота	на	Gen	1	3.02
частота	между	Ins	1	2.8
исход	вместо	Nom	1	4.22
исход	𝑛	Ins	1	4.21
исход	c	Nom	1	4.2
исход	𝑚	Gen	1	4.19
исход	о	Gen	1	4.18
исход	о	Acc	1	4.17
исход	к	Acc	1	4.16
исход	𝑘	Gen	1	4.1
исход	благодаря	Dat	1	4.08
исход	𝑛	Gen	1	4.06
исход	на	Nom	1	4.05
исход	по	Ins	1	4.04
исход	против	Gen	1	4.01
исход	за	Ins	1	3.76
исход	относительно	Gen	1	3.36
исход	под	Ins	1	3.29
исход	между	Ins	1	2.71
исход	до	Gen	1	2.45
автомат	δ	Gen	1	4.28
автомат	𝑘	Ins	1	4.27
автомат	для	Loc	1	4.26
автомат	с	Dat	1	4.25
автомат	посредством	Gen	1	4.17
автомат	помимо	Gen	1	4.12
автомат	по	Gen	1	3.81
автомат	со	Gen	1	3.71
автомат	об	Loc	1	3.57
автомат	между	Ins	1	2.73
автомат	о	Loc	1	2.08
автомат	от	Gen	1	1.75
автомат	на	Acc	1	0.79
решётка	подобно	Loc	1	4.53
решётка	поверх	Gen	1	4.51
решётка	сквозь	Acc	1	4.51
решётка	по	Loc	1	4.48
решётка	к	Gen	1	4.35
решётка	против	Gen	1	4.26
решётка	вместо	Gen	1	4.01
решётка	за	Ins	1	3.97
решётка	за	Gen	1	3.73
решётка	относительно	Gen	1	3.52
решётка	под	Ins	1	3.45
решётка	на	Gen	1	3.03
решётка	до	Gen	1	2.53
ящик	n	Gen	1	5.08
ящик	-	Gen	1	4.84
ящик	по	Ins	1	4.81
ящик	вне	Gen	1	4.79
ящик	перед	Ins	1	4.77
ящик	по	Gen	1	4.38
ящик	за	Gen	1	4.06
ящик	среди	Gen	1	4.04
ящик	над	Ins	1	3.31
ящик	у	Gen	1	3.31
ящик	со	Ins	1	3.15
ящик	от	Gen	1	1.87
ящик	с	Gen	1	1.61
ящик	к	Dat	1	1.13
ящик	на	Loc	1	0.49
триангуляция	s	Gen	1	5.83
триангуляция	над	Gen	1	5.81
триангуляция	к	Gen	1	5.44
триангуляция	помимо	Gen	1	5.41
триангуляция	вместо	Gen	1	4.78
триангуляция	по	Gen	1	4.74
триангуляция	на	Acc	1	0.87
балл	в	Ins	1	4.15
балл	по	Gen	1	4.1
балл	за	Gen	1	3.83
балл	за	Acc	1	2.69
балл	с	Gen	1	1.56
балл	на	Loc	1	0.47
балл	из	Gen	1	0.14
балл	в	Loc	1	-1.7
частность	на	Loc	1	0.34
